Date,AW-classic (vintage),"AW-v2 static (lower duration, diversified)",AW-classic + TSMOM,AW-v2 static + TSMOM,"ERC risk-parity (vintage, 20% cap)",ERC risk-parity + TSMOM,AW-v2 + long/short TSMOM (managed-futures overlay),ERC + long/short TSMOM,AW-v2 modern static,AW-v2 modern +TSMOM,70% AW-classic + 30% long/short TSMOM (managed-futures overlay),60% AW-classic + 40% long/short TSMOM (managed-futures overlay),50% AW-classic + 50% long/short TSMOM (managed-futures overlay),40% AW-classic + 60% long/short TSMOM (managed-futures overlay),30% AW-classic + 70% long/short TSMOM (managed-futures overlay),70% AW-classic + 30% long/short TSMOM,60% AW-classic + 40% long/short TSMOM,50% AW-classic + 50% long/short TSMOM,40% AW-classic + 60% long/short TSMOM,30% AW-classic + 70% long/short TSMOM,70% AW-v2 static + 30% long/short TSMOM (managed-futures overlay),60% AW-v2 static + 40% long/short TSMOM (managed-futures overlay),50% AW-v2 static + 50% long/short TSMOM (managed-futures overlay),40% AW-v2 static + 60% long/short TSMOM (managed-futures overlay),30% AW-v2 static + 70% long/short TSMOM (managed-futures overlay),70% AW-v2 static + 30% long/short TSMOM,60% AW-v2 static + 40% long/short TSMOM,50% AW-v2 static + 50% long/short TSMOM,40% AW-v2 static + 60% long/short TSMOM,30% AW-v2 static + 70% long/short TSMOM
1996-06-30,0.9746418972783579,0.9869364823597748,0.9746418972783579,0.9869364823597748,0.9837942385050766,0.9837942385050766,0.9869364823597748,0.9837942385050766,,,0.978330272802783,0.9795597313109247,0.9807891898190664,0.9820186483272081,0.9832481068353497,0.9773875996463735,0.9783028337690454,0.9792180678917173,0.9801333020143892,0.981048536137061,0.9869364823597748,0.9869364823597748,0.9869364823597748,0.9869364823597748,0.9869364823597748,0.9859938092033653,0.9856795848178955,0.9853653604324257,0.9850511360469559,0.9847369116614861
1996-07-31,0.9646926484224204,0.9745513580598186,0.9646926484224204,0.9745513580598186,0.973278636470406,0.973278636470406,0.9745513580598186,0.973278636470406,,,0.9676563053308672,0.9686430397256396,0.9696291984997236,0.9706147816531193,0.9715997891858265,0.9672693687679189,0.968128099562875,0.9689867423643928,0.9698452971724723,0.9707037639871131,0.9745513580598187,0.9745513580598186,0.9745513580598186,0.9745513580598186,0.9745513580598186,0.974170769099578,0.9740436723001487,0.973916458594378,0.9737891279822661,0.973661680463813
1996-08-31,0.9831102526550825,0.9937554072107931,0.9831102526550825,0.9937554072107931,0.9912027065433305,0.9912027065433305,0.9937554072107931,0.9912027065433305,,,0.9863086886769189,0.9873739030786622,0.9884386518342995,0.9895029348378278,0.9905667519832441,0.9855401481801319,0.9863497019774251,0.9871590501155767,0.9879681926124187,0.988777129485783,0.9937554072107933,0.9937554072107931,0.9937554072107931,0.9937554072107931,0.9937554072107931,0.9929905036339188,0.9927353629039157,0.9924801358137572,0.9922248224086629,0.9919694227338529
1996-09-30,0.9877343002086929,1.0061671582487628,0.9877343002086929,1.0061671582487628,1.0023729627930713,1.0023729627930713,1.0061671582487628,1.0023729627930713,,,0.9932516756569373,0.9950931831016867,0.9969358797037806,0.9987797642685309,1.0006248356009178,0.9921169145476587,0.9935794988636988,0.9950429389692884,0.9965072344773119,0.9979723850007002,1.006167158248763,1.0061671582487628,1.0061671582487628,1.0061671582487628,1.0061671582487628,1.0050291630385495,1.00464978081584,1.0042703734791483,1.0038909411058419,1.0035114837732675
1996-10-31,0.983791572067903,1.0091141713618859,0.983791572067903,1.0091141713618859,1.007029332443036,1.007029332443036,1.0091141713618859,1.007029332443036,,,0.9913491046993939,0.9938757527923373,0.9964061382923236,0.9989402624733912,1.0014781266059392,0.9907273770515954,0.9930460710356488,0.9953681475674555,0.9976936084768844,1.0000224555925132,1.009114171361886,1.0091141713618859,1.0091141713618859,1.0091141713618859,1.0091141713618859,1.008490351612209,1.0082821005936646,1.0080736941319561,1.0078651322918257,1.007656415138048
1996-11-30,0.9907088158777284,1.0293756612472873,0.9907088158777284,1.0293756612472873,1.026734987668438,1.026734987668438,1.0293756612472873,1.026734987668438,,,1.0021998106243122,1.006050851639116,1.0099122738992072,1.0137840933264572,1.0176663258456893,1.0014195817404214,1.0050082712313488,1.008606202101757,1.0122133889301406,1.0158298463028586,1.0293756612472875,1.0293756612472873,1.0293756612472873,1.0293756612472873,1.0293756612472873,1.028584900160856,1.0283210382990102,1.0280570391703088,1.0277929028645745,1.0275286294716501
1996-12-31,0.9943534666889856,1.0456350891778572,0.9943534666889856,1.0456350891778572,1.039083818826204,1.039083818826204,1.0456350891778572,1.039083818826204,,,1.0095297097269094,1.0146279076275402,1.0197459201580854,1.0248838011503454,1.0300416045162766,1.0076117261704802,1.0120616320158395,1.0165268438130084,1.0210073994124973,1.02550333672144,1.0456350891778574,1.0456350891778572,1.0456350891778572,1.0456350891778572,1.0456350891778572,1.0436690805990965,1.0430138629399273,1.0423587049582803,1.0417036069003662,1.0410485690122815
1997-01-31,1.005653384800397,1.0518878009695112,1.005653384800397,1.0518878009695112,1.0400419682422082,1.0400419682422082,1.0518878009695112,1.0400419682422082,,,1.0193714197084502,1.023973016531355,1.0285891098073303,1.0332197217998618,1.037864874737261,1.0159058750541718,1.0193356179454094,1.0227714676524449,1.0262134142714703,1.0296614477974368,1.0518878009695114,1.0518878009695112,1.0518878009695112,1.0518878009695112,1.0518878009695112,1.048326462645505,1.047140794674347,1.0459558493671306,1.044771626880242,1.0435881273694552
1997-02-28,1.0256791862859533,1.0679799597638746,1.0256791862859533,1.0679799597638746,1.0611540065096965,1.0611540065096965,1.0679799597638746,1.0611540065096965,,,1.038259113404639,1.0424734225282588,1.046698236177921,1.0509335569290559,1.0551793872802357,1.0362534765288416,1.0397912594863246,1.0433355368161312,1.0468862991220997,1.0504435369032554,1.0679799597638748,1.0679799597638746,1.0679799597638746,1.0679799597638746,1.0679799597638746,1.0659368980619808,1.0652549726588671,1.064572596911013,1.0638897720618474,1.063206499354489
1997-03-31,1.0064676919684858,1.0507185274592408,1.0064676919684858,1.0507185274592408,1.038183270038387,1.038183270038387,1.0507185274592408,1.038183270038387,,,1.019611808450332,1.0240181159825321,1.0284369090874,1.032868198388205,1.0373119944353055,1.0159372723494235,1.0191024477459683,1.0222719228629396,1.0254456828144995,1.028623712623135,1.050718527459241,1.0507185274592408,1.0507185274592408,1.0507185274592408,1.0507185274592408,1.0469547289837309,1.0457007352194148,1.044447047593419,1.0431936680659248,1.0419405985940804
1997-04-30,1.0049912779735646,1.0461600079125166,1.0049912779735646,1.0461600079125166,1.0306789877460703,1.0306789877460703,1.0461600079125166,1.0306789877460703,,,1.0172377525219058,1.0213397483215254,1.0254516628637163,1.02957349598197,1.0337052474249178,1.0126910141501384,1.0152589345102228,1.0178274887565122,1.0203966546447956,1.0229664098739966,1.0461600079125168,1.0461600079125166,1.0461600079125166,1.0461600079125166,1.0461600079125166,1.041504890248183,1.039955236978387,1.0384066128357625,1.036859019503183,1.035312458658244
1997-05-31,1.0325569680316553,1.0813260859756464,1.0325569680316553,1.0813260859756464,1.064976757109869,1.064976757109869,1.0813260859756464,1.064976757109869,,,1.0470270315406955,1.0518809171865584,1.056750099013127,1.0616345952548691,1.0665344240582852,1.0422445890568675,1.0454811814641587,1.048721430480354,1.0519653142851646,1.05521281094761,1.0813260859756466,1.0813260859756464,1.0813260859756464,1.0813260859756464,1.0813260859756464,1.0764090159358135,1.074772323449685,1.0731367991328375,1.0715024446201533,1.0698692615408327
1997-06-30,1.0323204233742904,1.098691064714596,1.0431643486937183,1.106261797491127,1.0798043715343075,1.0899200409901988,1.1138325302676582,1.1000357104460903,,,1.056301737311297,1.0643848438766073,1.0725128803369472,1.080686004253773,1.0889043733196624,1.052370637916935,1.0591043424048052,1.0658632212370471,1.072647288528267,1.0794565579905084,1.1032335043805148,1.104747650935821,1.106261797491127,1.1077759440464332,1.1092900906017396,1.0991398176375593,1.0992807317558817,1.0994173234107898,1.099549600188896,1.0996775696819983
1997-07-31,1.039512359839277,1.1145661049177644,1.0531080242738986,1.1241382713924377,1.0956742036334166,1.108467498019573,1.1337363343739906,1.1213077354405225,,,1.0671157679940604,1.0764421133599906,1.0858315724116097,1.095284451798482,1.1048010589903579,1.0636078624704022,1.0717236672963137,1.079881637838564,1.088081881842961,1.096324506716303,1.120306297221743,1.1222217663769527,1.1241382713924377,1.1260558122681978,1.1279743890042333,1.1166332947961641,1.1173138381687224,1.1179901238296783,1.11866215315837,1.1193299275542499
1997-08-31,1.044091551256759,1.1020683028027178,1.0448298477471147,1.1038683187552776,1.080168065941513,1.087203497696965,1.105563054105389,1.0941560071225351,,,1.0624509907372204,1.068587427604107,1.0747317643974312,1.0808837498162835,1.0870431297783338,1.0591612280394616,1.0641758861198856,1.0691858382663544,1.0741908288209274,1.0791906005585008,1.1031609163823581,1.103516721061996,1.1038683187552776,1.1042157052244612,1.1045588762318055,1.0997570455668422,1.0989746629545714,1.0981863284764348,1.0973920600921352,1.096591875773908
1997-09-30,1.0651095373745836,1.1405909049689806,1.0578849404245267,1.136834812504624,1.1197815814104066,1.1195669622249165,1.1329525059295835,1.1191703536802176,,,1.085318704437786,1.0920834503744667,1.0988619728926285,1.1056540259380934,1.1124593601434325,1.0813504605688986,1.0867608404028808,1.0921691525190043,1.097575131837762,1.1029785113986212,1.138352454606116,1.1375961620993025,1.136834812504624,1.136068414311004,1.135296976024623,1.134209033240947,1.1320731455047441,1.1299330261226896,1.127788715144814,1.1256402525471383
1997-10-31,1.0227978257890034,1.0948040654143238,1.0393900460330159,1.1080559854527408,1.071701558167014,1.0940184271816222,1.1210716226489676,1.1161451637989956,,,1.0517241275947196,1.061472575212361,1.0712740118299058,1.0811283176934101,1.0910353669217798,1.0504037523977636,1.0596827178271166,1.0689997201888606,1.0783544760801294,1.087746696317482,1.102783314527139,1.1054243574177318,1.1080559854527408,1.1106781619388162,1.1132908503002308,1.1014178250520767,1.1035821724808446,1.1057263853818775,1.107850455567285,1.1099543753759868
1997-11-30,1.0020325640341485,1.0786355619514099,1.0490394288593887,1.1183911140509488,1.0459698250300533,1.1026577619881208,1.1585411135981112,1.1605721294035878,,,1.0473228612807823,1.0627333103874832,1.078301843836954,1.0940291945017735,1.1099160864478084,1.0480188020543686,1.0636460647430184,1.0794232801876962,1.0953508463969768,1.1114291486592802,1.1024403462562582,1.110407753953824,1.1183911140509488,1.1263902532209014,1.1344049975494839,1.1031837282650803,1.1113740509132384,1.1195676096910545,1.1277640666270299,1.135963084110087
1997-12-31,1.007720078316978,1.084796863990677,1.0508572012655444,1.1252573990496515,1.053167375439257,1.110281245270852,1.1661489472900708,1.168633750828166,,,1.0535473158099393,1.069144016254158,1.0849025141296724,1.100823589105012,1.1169080122476398,1.054366713290561,1.0702237430091146,1.0862356420214943,1.1024028680428621,1.1187258661869477,1.1090202712580692,1.11713012908194,1.1252573990496515,1.1334019108454565,1.1415634935031853,1.1098936914561779,1.1182709877126054,1.126653562151959,1.135041075820079,1.1434331899587573
1998-01-31,1.0147270554465402,1.0955127784472223,1.0520099792542668,1.125494986450532,1.0699552577795155,1.1117237782463945,1.155121857654192,1.1530419861698185,,,1.0556865560683433,1.0695605369707875,1.083544926701351,1.0976397061795273,1.1118448426452128,1.0552784723599133,1.0689771769383742,1.0827658918859937,1.0966441295972567,1.1106113862408542,1.1135428466184247,1.1195258884307457,1.125494986450532,1.131449869660116,1.1373902677109582,1.1131259521619485,1.1189310038108722,1.1247024200991647,1.1304398266786768,1.1361428525441868
1998-02-28,1.0351420218418679,1.11861658787465,1.0737978288903756,1.1398754337768575,1.0871301351546825,1.1214215382153978,1.160278902556791,1.154649775853173,,,1.071967802946627,1.0843814455418466,1.0968634169213698,1.1094131792923079,1.1220301811763342,1.0705814782311571,1.0824772494323822,1.094412699504431,1.1063868308958282,1.1183986333675613,1.131473109305221,1.135691279318486,1.1398754337768575,1.1440253681950685,1.1481408805655688,1.1300242751527088,1.1337137068463665,1.1373462588336982,1.1409217520310129,1.14444001367109
1998-03-31,1.0597790601329689,1.1462723603179745,1.0891962489500042,1.1611959127546887,1.1135681950388754,1.140539179501938,1.174997324542095,1.1659379086382924,,,1.0939067158728386,1.1053690839351111,1.11687343080147,1.128418981615535,1.140004950007361,1.0915577204428661,1.102168460266905,1.1127861789061075,1.1234096965190097,1.1340378259952182,1.155360552020472,1.1583006360928862,1.1611959127546887,1.1640462967852665,1.166851706466736,1.1528949563688657,1.154964502396919,1.1569651584080074,1.1588969975504495,1.1607601004498107
1998-04-30,1.0809913991452347,1.157076457921076,1.0927707413952024,1.1594112604743099,1.1277176818307961,1.1387549751937265,1.1603107545227027,1.1474751155515979,,,1.105131618328225,1.1131174921092177,1.1210709625696498,1.1289908449775892,1.136875953196937,1.1016661190877308,1.108423740736188,1.115112274756288,1.1217304680109899,1.1282770770506267,1.1586510447509462,1.1590599679187488,1.1594112604743099,1.1597051322309586,1.1599417972313841,1.1550246423890416,1.1541805061554233,1.1532572451087009,1.1522554540381476,1.1511757344094367
1998-05-31,1.0472826900715704,1.1291726796508588,1.0840156929248659,1.1489994770432057,1.0978139941385352,1.13083832796832,1.1674528081190951,1.1619481714483948,,,1.0830493073870877,1.0950318172202425,1.1070419652337846,1.1190782141310263,1.1311390075237824,1.0817873114953924,1.0932774603306048,1.1047583545186586,1.116227839339127,1.127683747800856,1.1412313705895643,1.1451427425008134,1.1489994770432057,1.152801259419214,1.1565477815888046,1.1398971176930994,1.1433031943239225,1.1466244004117392,1.1498604576636406,1.1530111032121007
1998-06-30,1.0311435064063645,1.1164864877313756,1.0901283749797561,1.1545458538528752,1.0803309832175791,1.1358558758893198,1.1918399822406318,1.1907637036141043,,,1.0781532663386413,1.0940565458968143,1.110074531764359,1.1262059778307567,1.1424495963816965,1.0781659477693926,1.094013685707223,1.1099445290054004,1.1259561925258674,1.1420463440471533,1.1394080297961207,1.1469918274261084,1.1545458538528752,1.1620692651941849,1.1695612203562855,1.139413045690929,1.146937485562491,1.1544010263802336,1.161802469486569,1.169140627853845
1998-07-31,1.016714102855963,1.0936015640726748,1.079493917076089,1.1345074026308164,1.057756862694487,1.1184608709862127,1.1748979805940156,1.1791736017661407,,,1.0629944154083462,1.078649871887605,1.0944177126180292,1.1102967014733065,1.1262855614223242,1.0644565111615942,1.0805688151089337,1.0967767415931602,1.1130781378274528,1.1294708005659209,1.1182006984469763,1.1263639134361436,1.1345074026308164,1.1426302801559025,1.1507316607593019,1.1197375602449395,1.1283666233573948,1.136951906438387,1.1454920310041543,1.1539856248892086
1998-08-31,0.9153370008418514,0.9832019003147661,1.0110553833474012,1.0845048871113028,0.9506619082532219,1.0823019330978672,1.1899391646242778,1.2223182019369776,,,0.9928827742284911,1.0196418233737323,1.0468606605783617,1.0745418829179163,1.1026879917882193,1.0018444154644415,1.0317370675462383,1.0621615436286143,1.0931196395137677,1.124612983392451,1.043477228360363,1.0639076271958983,1.0845048871113028,1.1052674780402147,1.1261938302177228,1.0529018568614201,1.0765353468918517,1.1003638329686198,1.12438415556563,1.1485930856072153
1998-09-30,0.9806860379446098,1.0436909981846187,1.0110553833474012,1.086770248742961,1.027434891841621,1.0868234531062098,1.1217022558136704,1.1338198911349826,,,1.0254214600578293,1.0399307604659536,1.0542140957658506,1.0682562901427937,1.0820419401565646,1.0301513146640198,1.046052668541546,1.0616258928005984,1.0768498143548921,1.0917029941203087,1.0704639812512595,1.078776361087677,1.086770248742961,1.0944381788377795,1.1017727199051226,1.075376241802529,1.0850967382918975,1.094378149041281,1.1032095395961135,1.1115800774487539
1998-10-31,1.002333209536555,1.0701006911138968,1.0110553833474012,1.085299295712441,1.048927943014627,1.0838814030200283,1.0902820882477657,1.1039628170651987,,,1.0326487376644644,1.0420518447375118,1.051084318918188,1.0597345006683672,1.067990809810444,1.0379304994812755,1.0488883397374922,1.0593648029192648,1.069343628626053,1.0788087035686689,1.08042951582998,1.0830677540049207,1.085299295712441,1.0871218196292882,1.0885331971445322,1.0859288439023995,1.0901415802285757,1.0938150686907728,1.0969452388839036,1.0995283470947919
1998-11-30,1.020401466823075,1.0947234676507056,1.0277627735354522,1.1004225469509468,1.0699176626312825,1.0974077766707795,1.0955803115790697,1.1094257765069324,,,1.047184495630546,1.055347924137144,1.0631117170762767,1.070465560846965,1.0773992833149357,1.052568317814759,1.0623089906846244,1.071534096066538,1.0802290966272576,1.0883796885094854,1.0994069275948133,1.1001257075658597,1.1004225469509468,1.1002973107894334,1.0997500756718852,1.1050318445468077,1.1073497539881267,1.109105659866859,1.1102983640801685,1.1109270280105912
1998-12-31,1.0302751738066465,1.1013573900069897,1.0454539195011439,1.1155313787149843,1.0715523436777796,1.1092508585778549,1.1190258923073362,1.1316762899119261,,,1.0610004738181196,1.0705088803678893,1.0796305830888093,1.0883536904529405,1.0966664065628478,1.0660308479534146,1.0769987385140412,1.0874636179455819,1.097409112299143,1.1068190247007228,1.1111287814393702,1.1135428443722726,1.1155313787149843,1.1170923056457396,1.1182237606195007,1.1163680344257099,1.1202595666503632,1.123588245009907,1.1263504943434495,1.1285430979684128
1999-01-31,1.0407884866904025,1.1046887470760043,1.051858444571058,1.1203248520243878,1.074203208537311,1.1136379253778284,1.1252580707017592,1.1378282050813284,,,1.070351970970965,1.0794479932211565,1.0881454473203782,1.0964328911875612,1.1042990010850076,1.0753840897806664,1.085934669898751,1.0959678456573982,1.105467842414148,1.114419095047463,1.1153378798933435,1.118044430246888,1.1203248520243878,1.1221767321131992,1.1235978705913692,1.120552376386866,1.1247286268268468,1.1283415190388466,1.1313870547066616,1.1338615922334416
1999-02-28,1.0477282434210684,1.10015809953983,1.038249613787435,1.1072379677265354,1.0638832008717563,1.101388854802321,1.1035840572672997,1.123729180048792,,,1.0691628528100876,1.0754498518798628,1.0812936220578822,1.0866859233409196,1.0916187513836424,1.0764058120120494,1.0848967377135055,1.092831523091063,1.1001974270659245,1.1069820369412915,1.1056909729129751,1.1066791488861785,1.1072379677265354,1.1073669862113735,1.107065985805158,1.1131698930042353,1.1163862423431248,1.1190369549100383,1.1211194697265523,1.1226315922588042
1999-03-31,1.0583113831338131,1.118002235068814,1.0459978543952917,1.1141621514939055,1.0825981783645544,1.107363326966952,1.0994870216465509,1.116152754273918,,,1.07553183456886,1.0803707107115654,1.0847475730534053,1.0886560034175625,1.0920898649161859,1.0818395725887444,1.088546042087725,1.0946668343156376,1.1001920184197853,1.105112077215234,1.117013229265869,1.115805681093949,1.1141621514939055,1.1120847627505288,1.109575865878888,1.1235569503954308,1.124239884912087,1.1243397316242418,1.1238578197143587,1.1227958683849824
1999-04-30,1.10465911280809,1.1794469810610533,1.070377241710047,1.1442165739581465,1.1450707304418732,1.134814218852577,1.0983769852548924,1.107081450788687,,,1.108177397114784,1.108322694078237,1.1079527338923896,1.1070671998062291,1.105666174877609,1.1123665304351467,1.1136103643582091,1.1141884346407376,1.1140998076353967,1.1133441726933164,1.1596481836079497,1.1521494912495045,1.1442165739581465,1.1358589198232063,1.1270862017610408,1.1640425274406256,1.1576576110548902,1.1506673364284652,1.143084091009704,1.13492062293726
1999-05-31,1.0905283336330223,1.1647373476395133,1.078360514109143,1.1418023103932706,1.1215028788100758,1.1286651194755197,1.1074404564566758,1.1178697534303688,,,1.1009976499738563,1.1034743239549936,1.105437522011032,1.106883674572101,1.1078096099860193,1.1056579112385243,1.109403964581055,1.1124908750360079,1.114913207020679,1.11666614139315,1.1523950053108918,1.1473308520054872,1.1418023103932706,1.135816168630439,1.1293794787262066,1.1572832804812154,1.1535073436199652,1.1490985038352441,1.1440651245334381,1.138416041004166
1999-06-30,1.1178039869703005,1.1907860562968433,1.1013408541369931,1.1677132774674368,1.1441333024573308,1.150831120249216,1.1329355453847116,1.1392206197371526,,,1.1278779334767108,1.1301955072859557,1.1319862876575477,1.13324692651413,1.1339744859353407,1.1313510445406183,1.1345282895385946,1.1370274247270091,1.1388440668704662,1.1399744748950664,1.1783948854240334,1.1732918775994128,1.1677132774674368,1.161665936117561,1.155156976298996,1.1820317769542887,1.1777984891296953,1.1729216425942042,1.167410391313513,1.1612743596894235
1999-07-31,1.107343674071723,1.1814823662169618,1.0991316007812846,1.1694147980978509,1.134161360429103,1.153502423668449,1.1450889348802193,1.1544384505807357,,,1.1241194650900628,1.1286993427480037,1.132761376078089,1.1362990337512224,1.139306169624967,1.1284738974426072,1.1342202591325046,1.1393015895999858,1.1437088656989316,1.1474336708187094,1.1757423857377158,1.1728261957593453,1.1694147980978509,1.1655124212249426,1.1611236174840718,1.1803039843898409,1.178570421972703,1.1761735918312504,1.173118605222926,1.1694111246575845
1999-08-31,1.1165969860230738,1.1860494252436589,1.096499003251672,1.167307454518848,1.1417552648637985,1.1517467271046427,1.1365355415325602,1.1431945361170963,,,1.1281758843701584,1.1309860150804911,1.1332635757012823,1.1350045009573118,1.1362051510573847,1.1317775073149818,1.135488201895489,1.1385135279806007,1.1408480953235007,1.142487182911426,1.176289086391081,1.172042122552553,1.167307454518848,1.162090982327002,1.1563989093957612,1.1800489858523178,1.1767123223554494,1.1727190563288723,1.1680769842425653,1.1627944228838576
1999-09-30,1.1411050896270702,1.1970958948417518,1.1205659777373216,1.1781793676394337,1.162357288385883,1.1725290382474114,1.1471208552972985,1.1638225300911047,,,1.1486616943637549,1.1500938224044015,1.1509779542494634,1.1513119849629123,1.1510942612147121,1.1552930120824116,1.1586374250217815,1.1612798665904385,1.1632156437193069,1.164440753852137,1.1872446514416002,1.182958132795382,1.1781793676394337,1.1729143109617728,1.167169223957723,1.1941302948583585,1.1917811443256292,1.1887605835028714,1.1850748025734135,1.1807305472906728
1999-10-31,1.1479929907034672,1.2021113014617004,1.1273299013008848,1.186844860363254,1.1607106317257125,1.174353369432843,1.1591889419454613,1.169092832048934,,,1.1571404432015742,1.1590988628403023,1.160506034213746,1.1613590968260312,1.1616556421552475,1.161743994267057,1.164932391137635,1.1674141001195621,1.1691847215752582,1.170240552649592,1.1944736054606313,1.190909880058667,1.186844860363254,1.182283614054297,1.1772315327385119,1.1992546467919247,1.1969357925073787,1.1939424420496902,1.1902807445537615,1.1859574080228679
1999-11-30,1.1630968213009156,1.2170716136196709,1.1421618732681118,1.204285528575141,1.1709626434578408,1.1873793574245604,1.178831329647453,1.1847020599599587,,,1.1736796727994747,1.1761051758834982,1.177972617738461,1.1792784672582124,1.1800196481211174,1.1770966512378171,1.1803498815310278,1.1828871816373006,1.1847040522113914,1.1857966996100173,1.2109513732861146,1.2078743849778515,1.204285528575141,1.2001892717740577,1.195590420370755,1.214505560165555,1.2122657242696213,1.2093422719176794,1.2057412486777634,1.2014692685258412
1999-12-31,1.201252033600287,1.2632736071298027,1.179630317817766,1.244373147003858,1.210554319995454,1.2220841887749694,1.2125616238346562,1.2138989950922137,,,1.2107062060130656,1.2127152614416539,1.214147084783423,1.2149987397114164,1.2152677641882352,1.2128296334756494,1.2152184696499126,1.2168655014142928,1.217767856424307,1.2179234018426215,1.2535249415492322,1.2492106212681187,1.244373147003858,1.2390185665190574,1.2331532595926717,1.2557581999275687,1.251827953024865,1.247198655646982,1.2418792656009474,1.2358792931782236
2000-01-31,1.1814271646603975,1.242468196947204,1.16016228297235,1.2228992191100851,1.1856471698854818,1.1961272682918802,1.1906819118988337,1.1873088259615567,,,1.1901657091497444,1.1919538363331474,1.1931740833826265,1.1938238319479586,1.1939009314391238,1.190848452028004,1.1925376224347297,1.1934966535988187,1.1937239318910826,1.1932185743947432,1.2322878842266347,1.2278499352678145,1.2228992191100851,1.217441925351897,1.2114845659644087,1.233028929468058,1.2284894114528129,1.223268528146015,1.2173762004806874,1.2108228711977032
2000-02-29,1.1955898530698685,1.2569338773872203,1.1692462272008233,1.2356536577819597,1.200274010203718,1.2074103801173781,1.2016560088725103,1.1950613407568542,,,1.203443721852123,1.2049214921722802,1.205824370544858,1.2061501836859394,1.2058972336741764,1.203174080154737,1.204229811768256,1.2045468000504618,1.2041246129075176,1.2029635584487717,1.2457381615111134,1.2409538905753208,1.2356536577819597,1.229844088982689,1.2235321296011945,1.2454932898591804,1.2402797303795765,1.2343832569652269,1.2278149208084377,1.2205862788258022
2000-03-31,1.1931346713254227,1.269910780410394,1.1668451429289763,1.2419353242655289,1.2102182148341585,1.2110592826524205,1.2014674752378625,1.1923834880676414,,,1.2016571606773998,1.2033612670463485,1.2044916774046983,1.2050458933498938,1.2050218898481164,1.2006357413860684,1.2016666984292643,1.2019604587992296,1.201516632833375,1.200335569487613,1.2546824474779843,1.2485631638277814,1.2419353242655289,1.234807203743648,1.227187369962681,1.2536571834492736,1.2468510366140724,1.239372317375616,1.2312346819543436,1.2224522375247275
2000-04-30,1.173897181826747,1.2563174910110848,1.1609722184052451,1.2378237946334658,1.1931672786924747,1.2061441247113807,1.2063730236975856,1.199504426033434,,,1.1895666263468172,1.1936851526242385,1.197240323478455,1.2002261727917303,1.2026371866847447,1.1892359045374168,1.192912216114468,1.1958596287349643,1.1980728672332428,1.1995473911332257,1.246818096114353,1.242583430163657,1.2378237946334658,1.2325451932983942,1.2267539715227866,1.2465097270029353,1.2418216513649658,1.2364398946025834,1.2303747386228159,1.2236370078170453
2000-05-31,1.1695720560773646,1.2490460772288714,1.153895787027184,1.2295186687465882,1.1868678240743291,1.1988001802085917,1.1971671483750856,1.19123030460515,,,1.183775337861495,1.187402711411588,1.190466665997937,1.1929619386168797,1.1948837250059645,1.18370776964189,1.1869836456072178,1.1895321165635262,1.1913486396546271,1.1924294091351193,1.2389122394801129,1.234475397257474,1.2295186687465882,1.2240483066137127,1.2180708982706747,1.238879965170455,1.2340827337849536,1.228597262054253,1.2224339965373006,1.2156039181505698
2000-06-30,1.1876380362072265,1.280642204890388,1.161509876762109,1.2487851459067343,1.2220719765126191,1.220277160861634,1.2044024227194368,1.1985794815783657,,,1.1987214008505311,1.2012780584683354,1.2032584214594686,1.2046587645651055,1.2054758451293728,1.198697630643173,1.2009137952645117,1.2023886148327776,1.2031195261041376,1.2031047264026873,1.2630963557629198,1.2561962252210088,1.2487851459067343,1.2408724591673446,1.2324677969002666,1.2631101837291463,1.2558587211957244,1.2479265415097323,1.2393281847547202,1.2300786518108728
2000-07-31,1.1717260438678818,1.2774808423962571,1.1575946309594594,1.2540502962017024,1.217154695793678,1.226433843405862,1.2175316276493993,1.2154966568135699,,,1.1913992424654056,1.1968592720096718,1.201756151290486,1.206081949628421,1.2098291844817626,1.1925311652262578,1.19803992759481,1.2028192737709549,1.206860513693049,1.210155694116431,1.2650444297539922,1.2598131396897063,1.2540502962017024,1.2477632431590646,1.2409596669389693,1.2662759206957486,1.2610888655282968,1.2551930793686372,1.2485998245918615,1.2413209250280097
2000-08-31,1.2050632422150735,1.303080038634785,1.1792140238784061,1.2710075566243386,1.2416926596950009,1.2403157905450526,1.2260606527720723,1.2185084184231558,,,1.2176308807119505,1.2206443203574102,1.2230612067035076,1.2248771087087198,1.22608811752489,1.217168015145072,1.2196788489624308,1.2214203700421995,1.2223894601653886,1.222583835781727,1.2854479777015033,1.278490319434465,1.2710075566243386,1.2630092012938752,1.2545050734255692,1.2849794595435364,1.2775011898963102,1.2693244281283556,1.260464277441147,1.2509363277287378
2000-09-30,1.1876464685651313,1.2877001752962536,1.169905450629471,1.2615640259887233,1.2261381199447163,1.2321364955522822,1.2223123251655794,1.2177015604640475,,,1.2041952243395924,1.2085664327242778,1.2123531787967459,1.215549025802544,1.218148035600813,1.2046120173139385,1.2087789880005329,1.2121893853886128,1.2148369276874478,1.2167161465679743,1.2736487813392603,1.2678730899954647,1.2615640259887233,1.2547296612979233,1.2473784073871328,1.2741078383077475,1.2681160431397192,1.2614134467770683,1.2540127406452042,1.2459271682163164
2000-10-31,1.1613560582942242,1.2509215300010421,1.1654323908151745,1.2409339884526038,1.1852688779417353,1.2114754515816315,1.217247066750545,1.2174516133892854,,,1.1840384499915608,1.1905110107132895,1.1964225189718058,1.201763456219081,1.2065247514375343,1.1858716607840183,1.1926248147895475,1.1986481245280354,1.2039303868142452,1.2084611512984162,1.246601260871467,1.2440440527340602,1.2409339884526038,1.237275120628511,1.2330719162937562,1.2485560813188594,1.2462803491592278,1.2432700585765406,1.2395317077447754,1.2350724860276074
2000-11-30,1.1294522925017176,1.2251579350437485,1.1258116993496252,1.2161599421693197,1.169971186076113,1.1957970348129838,1.193714793198901,1.2016531566572568,,,1.154402554588332,1.1616820386423852,1.1684241355674148,1.1746181719378028,1.1802538811261816,1.158450998460748,1.166776647313971,1.17440678887448,1.1813272566786386,1.1875245591017105,1.2213991017261578,1.219050754458002,1.2161599421693197,1.2127304275369704,1.208766381547274,1.2256950408267289,1.2244105222004886,1.222400307803635,1.2196691126945123,1.2162223523758866
2000-12-31,1.142824105678805,1.2574354668651067,1.1362764941829724,1.2395156716931452,1.2070833708436,1.219066592902766,1.2081150139365546,1.2103030309151146,,,1.168147392458898,1.1755395903558883,1.1823883050205983,1.1886826990877422,1.1944123459132334,1.170553260243185,1.1784243984585359,1.185585681333255,1.1920237824628286,1.1977260823768956,1.2483443098953824,1.2442030782199647,1.2395156716931452,1.2342882441629692,1.2285273429662198,1.2509460989387904,1.2472907022149535,1.2429023573916806,1.2377900181137584,1.2319633114236488
2001-01-31,1.163061256798491,1.2808801153322378,1.1362764941829724,1.243441225882706,1.2310404926706835,1.225974854727967,1.193242152269648,1.1999992082758688,,,1.1783130474271581,1.1822407440208134,1.1855791097234656,1.1883222048738655,1.1904646293044279,1.1820733611079404,1.1869319649973042,1.1910361716094338,1.1943782122475146,1.1969511644665267,1.2600264768419986,1.2519949842216398,1.243441225882706,1.2343764282659295,1.2248121339123728,1.2640777074415117,1.2569965172102984,1.2491985208141991,1.2406986646112064,1.2315124708444762
2001-02-28,1.1400125682740019,1.2516086541339155,1.1096740070875026,1.2202889886002097,1.2132507574624425,1.2098890850237118,1.1760757441612113,1.185850469729636,,,1.1568819015577303,1.1613802247964158,1.1653035619568857,1.1686451115512944,1.1713985900420392,1.161494327166228,1.1672210536077359,1.1722131048736513,1.176461012225433,1.1799561162181247,1.2344318887536805,1.2276235090456316,1.2202889886002097,1.2124380278412221,1.2040806759607958,1.2393851906872588,1.233832813170299,1.2275603793173395,1.2205802143335505,1.2129052767426898
2001-03-31,1.0997960420595065,1.209257092891333,1.1096740070875026,1.2209497523448622,1.170133393074757,1.2105725684977522,1.217145091463331,1.2293338707325852,,,1.140433486106726,1.1530205015666772,1.1650957880652841,1.1766403887324846,1.1876356808477666,1.1455893754870687,1.1596353483326278,1.17302853772187,1.185743543167461,1.1977555131892843,1.2181248062840557,1.2198473054383592,1.2209497523448622,1.221431066405023,1.2212907875677421,1.2236625598195074,1.2268799099174994,1.2292978890485777,1.2309136962244152,1.2317255212038085
2001-04-30,1.1608314579258385,1.2711058211422606,1.1096740070875026,1.2250890531131273,1.2300277417782395,1.2137958464812737,1.1631457273973944,1.1729557552812375,,,1.1695581550236542,1.1709522553609575,1.17158038411621,1.1714389989982261,1.170525644284465,1.1743318822391846,1.1769764632922899,1.1786803820732483,1.1794382225602988,1.1792461390692224,1.2455235511331255,1.2356338311800834,1.2250890531131273,1.213905909654635,1.2021017456082226,1.2506370100011577,1.2420237193626331,1.232546524339591,1.2222259070285428,1.2110834323554316
2001-05-31,1.172426508263765,1.2812745210827756,1.113189023933591,1.2326715355064326,1.2395406205423078,1.2231510401955583,1.168238884972761,1.1819651107260747,,,1.1792720781917565,1.1800208772142076,1.179996638039511,1.179197084000012,1.1776210395317845,1.1852487900634723,1.1876463480785262,1.1890937127519448,1.189586072685202,1.189120204965432,1.2541345439923401,1.2437290148197784,1.2326715355064324,1.220979607657339,1.2086713643440208,1.2605222814799577,1.2518012910695264,1.2422101724275287,1.231769650256559,1.2205015378959754
2001-06-30,1.1746771831679759,1.2874627703427426,1.1169111622554566,1.2454113763380223,1.2457727434941372,1.2366520322090822,1.1867444106854341,1.202115237586985,,,1.1864608387108964,1.1888568928736007,1.1904751289660758,1.1913100185274101,1.1913571343667293,1.1929033247994014,1.197113075496184,1.2003708755818079,1.202667548301062,1.2039954961402035,1.2643344103593996,1.2552136947096855,1.2454113763380221,1.2349430034594884,1.2238248407550063,1.2712307066831323,1.2639651087239236,1.2557985533013636,1.2467488277175425,1.2368349237676681
2001-07-31,1.152706141096891,1.265356440587892,1.1058773856344803,1.2363854826558285,1.2253984677685446,1.2274961653672256,1.1899199288168063,1.2039751767768825,,,1.1718792568610996,1.1767876064296243,1.1809346167849057,1.1843098030916315,1.1869037303890957,1.177838671320042,1.1844195469640026,1.1900736885840633,1.1947861961425694,1.1985436673565206,1.2501529073329565,1.2436256276908941,1.2363854826558283,1.2284438804329338,1.2198130667743294,1.2565414371201677,1.251725644155056,1.2459887326311607,1.2393433250456756,1.2318033766637684
2001-08-31,1.1431869374944923,1.2624105075218794,1.1138389059024565,1.2494257608527788,1.2292473835445725,1.243870809725969,1.217790637700464,1.232315305157106,,,1.1733394266473038,1.1819820111313508,1.1898885836200257,1.1970413106880116,1.2034232905311315,1.1793474172468708,1.18970281358405,1.1991662456755279,1.207713812074839,1.2153229405481112,1.2568999832577057,1.253539872143538,1.2494257608527786,1.2445637003019347,1.238960709608318,1.2633668922852057,1.2617627717893287,1.2592028500033843,1.2556927679845031,1.2512396511893213
2001-09-30,1.1107055847483138,1.2093571928503646,1.1212617243238865,1.2462951175571542,1.184016188669356,1.2420013872657945,1.2628660317033356,1.2739552755800432,,,1.1630317962428105,1.1793318175131795,1.1950057533131644,1.2100211303149513,1.2243459562935588,1.1678463264983614,1.1855010462477968,1.2023902310581571,1.218473121689879,1.2337097135290132,1.2338816674787751,1.2404910061140693,1.246295117557154,1.2512822066542035,1.2554416506359474,1.2390081986339845,1.2470011162756554,1.254017844900331,1.2600423057575243,1.26506009196372
2001-10-31,1.1154824500561107,1.2131119230008185,1.1193862515161312,1.238981232277846,1.1890170423006534,1.2368648790607268,1.2441229074996052,1.2580372340642496,,,1.1613547080167057,1.1753736906148293,1.1887074829415465,1.2013274404309384,1.2132056438904362,1.1669844919828236,1.1826350481193082,1.1974639010366015,1.2114343842628277,1.2245108541574339,1.2310693941545567,1.235437425502153,1.2389812322778457,1.2416934450110655,1.243567940200165,1.2370565370600028,1.2430915789763148,1.248130077764801,1.2521606237283962,1.2551735663007906
2001-11-30,1.1552236618239065,1.258218866162835,1.123511387711253,1.2523418780028048,1.22696560958172,1.2502089164133672,1.2246950706686994,1.245030738923039,,,1.1848769512606676,1.193156954020167,1.2006012368863557,1.207191548751609,1.2129109508344555,1.1924682039689398,1.203024466392551,1.212604758307909,1.221183449204398,1.228736609091734,1.2573444520102237,1.255282783897686,1.2523418780028046,1.2485273796483844,1.2438463360439609,1.2654177528795085,1.2656837915971664,1.264882552608539,1.26301673448008,1.2600910186834593
2001-12-31,1.1782587750445197,1.2775784737102014,1.1305616767545466,1.2594678679364892,1.2435710709952548,1.258112290163233,1.2197886295428768,1.2439220666621922,,,1.199991354419712,1.2055198183908875,1.2101662494666905,1.2139182985385812,1.2167651078122104,1.2087940815442848,1.2169889153512379,1.2241545044707982,1.230271126625649,1.2353209827292055,1.269375586495934,1.264859849450386,1.259467867936489,1.253210423709595,1.2460996591600246,1.2787089662905693,1.276917646313962,1.2740504469184473,1.2701152934597981,1.2651220845461693
2002-01-31,1.198299917879257,1.2861418494236887,1.1529812847856016,1.276425570720525,1.2573645124960793,1.2809193669416794,1.2444595173321864,1.2752244044136989,,,1.221560053955772,1.2275756332100733,1.2326963148488592,1.2369086647863332,1.2402007530865264,1.23231195731974,1.2416586946968315,1.2499678499933797,1.2572167508902956,1.2633846276147547,1.283033605055408,1.2801797155862833,1.2764255707205248,1.2717785571968176,1.2662475027080375,1.294361950491324,1.294906072507084,1.2943505584965425,1.2926975160504366,1.289951123263847
2002-02-28,1.2150380861775576,1.304391608747655,1.1751083622855054,1.2970754362945038,1.2838288578092922,1.3086828387741976,1.2670666559681116,1.3036642246013073,,,1.2401615468625027,1.2467840615632568,1.2525023507491988,1.2573016318207766,1.2611686292003428,1.2526060759097548,1.2631414813127808,1.2726360663498955,1.2810641346208644,1.2884018543690716,1.302769928718207,1.300381227222607,1.2970754362945036,1.292858991100302,1.2877398039681478,1.3158784162930637,1.317482047122324,1.3179668611349382,1.3173323299199884,1.3155800435469005
2002-03-31,1.2681989411744263,1.3623458278292961,1.2083953728835934,1.3302738995639551,1.3397451784896721,1.3432803669434266,1.2756315729168057,1.3158136906324611,,,1.280658508292001,1.2828850780332022,1.2841355880711436,1.2844049720851864,1.283689916427964,1.2944713469658917,1.3010095043764975,1.3064066692631042,1.310647303380163,1.3137181236858755,1.3459293236047272,1.338562894345728,1.330273899563955,1.3210792790386927,1.310997379423442,1.360482610232783,1.3575148404316437,1.3533869249741473,1.3481101078032143,1.3416978008207006
2002-04-30,1.2696509550952584,1.3687361079224323,1.209778915202018,1.3338278652389672,1.3549087465049736,1.3552900925144136,1.2764640045582776,1.324449299419456,,,1.2819356174836603,1.2841012412565063,1.2852897088269304,1.285496093747311,1.2847172246437402,1.29805747504027,1.3053186323484365,1.3114414845613425,1.316408570562029,1.3202046618979637,1.3506121085126253,1.3426795273789893,1.333827865238967,1.3240752179059065,1.3134410633280955,1.3676283190070535,1.3648991286244865,1.3610021533763512,1.3559480509368385,1.349749668370346
2002-05-31,1.3000733752030902,1.3975129723111817,1.2445017368288025,1.3628478972545708,1.394867890583942,1.3943208019920104,1.3051710446149738,1.3616735334436376,,,1.3120863888121017,1.3141139605298842,1.3151410437773174,1.3151630298505916,1.3141771082654423,1.3307743720979603,1.3387594928894102,1.3455826930280248,1.3512246343815706,1.3556682425115676,1.379601559353877,1.3716954292082058,1.3628478972545706,1.3530770517048354,1.3424024039866806,1.3992871605027974,1.3974612828841755,1.3944350687535212,1.390216964398637,1.384817692567319
2002-06-30,1.2445835732180426,1.3514819600859154,1.21555655985735,1.3451565878227354,1.3459843804063087,1.369335351734417,1.314275319164359,1.360592879822956,,,1.2756303632013688,1.2841271732178579,1.2916614936082798,1.29821387050801,1.3037665424840874,1.2906974041706065,1.3040499025036043,1.316332634664849,1.327512000576498,1.3375563095935532,1.3506798649614198,1.3484143730775984,1.3451565878227352,1.3409131624499122,1.335692455098575,1.3666913940546077,1.3694000748491983,1.3709169253947031,1.3712387015244476,1.3703645203722334
2002-07-31,1.1701765607020054,1.2694893361352304,1.1765516744156634,1.306286274376646,1.262000419135311,1.3226800997399226,1.318054759483601,1.352773585694885,,,1.223346661966976,1.2395416026839128,1.2549079235436567,1.269408509351955,1.2830074228042283,1.234457383481192,1.2542748530277543,1.2732019158015204,1.2911885487839492,1.3081858701932445,1.2944843301167375,1.3008815079545708,1.3062862743766457,1.310686216263276,1.3140707668937677,1.3062943392697728,1.3164042959317794,1.3253917535093653,1.3332339205461778,1.3399102431399488
2002-08-31,1.2006508666275886,1.294194852616672,1.2053398390634913,1.330992240123176,1.2958364045250026,1.3579730964315069,1.3422612012267094,1.3886958044147426,,,1.2523880835909433,1.2680158594172444,1.2827717504248344,1.2966197542581877,1.309525184773013,1.2667953378326744,1.2871961675766528,1.3066852035394338,1.3252109678424813,1.3427231437287728,1.3192507600231371,1.3256277915306778,1.3309922401231757,1.3353317854886315,1.3386359936710748,1.3344959797567495,1.345757992942936,1.35588602388537,1.3648543518442076,1.3726394836206375
2002-09-30,1.1688554476312287,1.2465494260189534,1.2056165142672015,1.325196994102846,1.256281220997472,1.35652519943669,1.3799875532476085,1.4281241968916156,,,1.2397323215739597,1.2621240676807113,1.283813839679475,1.3047511310012754,1.3248859806034277,1.254102610469645,1.2813624200717082,1.3079334607474402,1.333748912772766,1.3587420014743092,1.2963771452459054,1.3112497561877983,1.3251969941028456,1.3381867908810507,1.3501886611078173,1.3114724677008816,1.3313154814694015,1.350176161058481,1.3680065432122777,1.3847602410156532
2002-10-31,1.1790302195431905,1.25035669688825,1.1938635527276622,1.3049515515046226,1.2495525038551738,1.3281920459653287,1.333607739580746,1.3761160939084889,,,1.2347867468643607,1.2517486450007786,1.267827814178313,1.282983501397491,1.29717634262484,1.248043174680542,1.269389513044982,1.28981062283633,1.3092502352783375,1.3276533316298322,1.2860778363398182,1.2960248394507312,1.3049515515046222,1.3128366899939172,1.319660989608489,1.299948364513129,1.3143621367404767,1.3276533155179862,1.3397865592102125,1.350728821051997
2002-11-30,1.2099653793294591,1.2888364368774783,1.202399787244737,1.3191421297484645,1.2837948765449374,1.3406306833422272,1.3215703426768062,1.3641803102278602,,,1.2541217828134856,1.2669351153365132,1.2787384934637314,1.2895002957583501,1.2991908667520105,1.2677178284120667,1.284969071382444,1.3011379144836341,1.31617748150922,1.3300429343048912,1.3103006623424103,1.3152766793717794,1.319142129748464,1.3218877668796845,1.3235067060763013,1.3245699691689679,1.3340717780072258,1.342324867453787,1.349306930141252,1.3549985184970295
2002-12-31,1.2451067041289887,1.3114713505792988,1.2556319728001042,1.3610777293871301,1.3270594124860295,1.4015715876642405,1.382386132087781,1.4422295388999733,,,1.2969320080099003,1.312333300012596,1.3267302336633209,1.3400848040160145,1.3523608378470202,1.3152499670064617,1.3367677943539171,1.3572537334145045,1.3766496068707057,1.3948988466354844,1.344498129513991,1.3533467057403106,1.3610777293871292,1.3676721530692346,1.3731132745852412,1.3635885998655637,1.3786600361459869,1.392511417417621,1.4051046599498713,1.4164043156033688
2003-01-31,1.2402339536291183,1.2961156989885174,1.2602647891072867,1.357645242759281,1.311345544902326,1.396640624371594,1.3915996569418916,1.449159140050655,,,1.2959723024857537,1.312750444806522,1.328555431469124,1.343345977669831,1.3570824759090279,1.3135427342204213,1.3361980656323458,1.3578585687082978,1.3784632905895426,1.3979526882878817,1.3361667835144495,1.3474471221786462,1.35764524275928,1.3667359508489427,1.3746962599395847,1.3543780098673712,1.3716242944373178,1.3877045120356446,1.4025746032908797,1.4161928924710274
2003-02-28,1.2183846638180948,1.2828838679433177,1.2454240556735776,1.349126141135156,1.297955521024589,1.3868258251759387,1.388341942909199,1.4435886262106439,,,1.2790802815506612,1.2976451023274391,1.315297739462987,1.3319927972658918,1.3476862934674307,1.2958294283240102,1.3200196095235972,1.3432880442763964,1.3655702392647884,1.38680276399258,1.3256799053981951,1.3379318616970186,1.3491261411351552,1.3592351331564805,1.3682333454338187,1.3431375213110348,1.3611136938335084,1.3779539467146333,1.3936122755583267,1.408044933720989
2003-03-31,1.209243186627099,1.276912016429195,1.233419127123606,1.340261294112898,1.2865995501699643,1.3732451068880618,1.3765596510439213,1.427945604263871,,,1.2691059604463661,1.2873983699203373,1.3047822362174304,1.3212128002188193,1.3366467225115937,1.2848110875363348,1.3083555850488444,1.3309706617238013,1.3525933588424548,1.3731618560424326,1.3179850064047616,1.3296532082181922,1.340261294112897,1.3497830613047672,1.358194452013664,1.3343945338687575,1.351412363352774,1.3672808487846515,1.3819564769350838,1.3953980857931017
2003-04-30,1.2422586806681544,1.3266948119389144,1.2346137723586608,1.3437662232581067,1.3356023597885858,1.379857023339881,1.3300916133233855,1.387309915396022,,,1.2805086647776736,1.291104669852669,1.3005716794550009,1.3088819946912664,1.3160104076387178,1.2983974402592091,1.3148955129071496,1.3302021328747942,1.3442702762230905,1.357055448249813,1.3406066519804156,1.3428027603345034,1.3437662232581058,1.3434940950184133,1.3419863117219866,1.359419195677913,1.367641662373747,1.3744791828930045,1.3799115634099501,1.3839221158683446
2003-05-31,1.2770706700726817,1.3808284761312015,1.2429258107307146,1.3536548642534483,1.3946018275730705,1.3981727093693253,1.2953953698944014,1.362855521661919,,,1.2956065239561358,1.2993414561223005,1.3018316317744998,1.3030678016190762,1.303043782290482,1.3170009272399341,1.3277328416984082,1.3371164818060854,1.3451211109281063,1.3517193703848152,1.3684064118444472,1.3616661857722434,1.3536548642534474,1.3443942347106623,1.3339090278752115,1.3910586194788912,1.3914812444369777,1.3904067855791915,1.3878392100392016,1.3837864623515321
2003-06-30,1.294827649884587,1.4045299940763192,1.2429258107307146,1.358023707847675,1.4191308971262233,1.4029630250093958,1.281521915114938,1.3482234536569007,,,1.3040541067089904,1.304615155314785,1.303911072596685,1.3019418088905772,1.298710461330496,1.3255775318411132,1.3331076959961075,1.3392345614706154,1.3439373854429588,1.3471990947004815,1.3804516026005624,1.3698564660772619,1.358023707847674,1.3449857542774668,1.3307777252060453,1.403292140499022,1.399836104904004,1.394875815248237,1.388427771406092,1.3805123969673274
2003-07-31,1.3391686625277939,1.4475504890385895,1.2854894593314308,1.3924314952381927,1.4542647233399988,1.428951488864835,1.3072081096327166,1.3647940410201995,,,1.3431553313750204,1.3418804907642836,1.3393045844454932,1.3354329513971703,1.3302741541574803,1.3622410315520346,1.3670527590494455,1.370395472827266,1.3722572353868994,1.372630030265077,1.4183504151322324,1.406014228301846,1.3924314952381918,1.3776393601086037,1.3616775857848002,1.4385541720580917,1.4324441149487432,1.4248101982501893,1.4156775216832715,1.4050750574592685
2003-08-31,1.3787983302394258,1.487166313977519,1.3235306124330497,1.4305388516119555,1.499458796095528,1.4733589041829747,1.3429831157703978,1.4072076402750298,,,1.3820063197078054,1.38039600253128,1.3774481325133374,1.3731690680570443,1.3675684767455982,1.4031600190273124,1.4083191770427528,1.4119661873547253,1.414088094484587,1.4146759770098927,1.4571671073121752,1.4444933100000907,1.4305388516119546,1.4153418928577646,1.3989432848192722,1.4795246560278805,1.4737719379341316,1.4664462967426366,1.457571879157998,1.447176857653202
2003-09-30,1.3719301473092869,1.499899040850632,1.3169377335758128,1.4427867490446478,1.5198709496959582,1.493415759589109,1.3544813840189383,1.4263639775987285,,,1.3807371181245838,1.3809977527180552,1.3799140782349004,1.377487038721413,1.37372093673625,1.4039977153712278,1.4117786237675058,1.4180600444152234,1.4228205066353459,1.4260425098583691,1.4696429888672564,1.4568606818356447,1.4427867490446469,1.427459677926224,1.4109206693183463,1.4944340036947867,1.4893677577990774,1.482705337502068,1.4744687858480328,1.464684269140566
2003-10-31,1.4229537902218468,1.553822168890899,1.365916146061197,1.4946566232725913,1.5724761151632147,1.54510526859664,1.4031765769015137,1.4757327171440995,,,1.4315746822346234,1.4316736741652232,1.4303791294484052,1.4276925266074756,1.4236188242016563,1.4551274881724885,1.462827582462847,1.4689703411128294,1.4735346885505634,1.476503681951631,1.52247837638589,1.5092365304386959,1.4946566232725902,1.4787785259878115,1.4616449206407318,1.5475600867999353,1.5421142279191324,1.5350172367119066,1.5262925724358731,1.5159679501662942
2003-11-30,1.4566929299049711,1.5927211905595964,1.3983028869125698,1.5320744703982005,1.6166417081122315,1.5885021060418545,1.438304275014394,1.517181111722842,,,1.4660867531767547,1.4663776528277124,1.465241078035505,1.4626779901362092,1.4586929170233236,1.4915397859354484,1.5000726990715394,1.5070146828342665,1.5123420621216437,1.5160353683378622,1.5605927246934768,1.5470193769420568,1.5320744703981994,1.5157988743116246,1.4982363392588152,1.587719400218054,1.5826029117296545,1.5757881115434316,1.5672975772701023,1.5571582866141218
2003-12-31,1.469783465150703,1.6285449680808644,1.4108687014707084,1.5665341707518299,1.6523167268999683,1.623556158026927,1.470654878912557,1.5506612974643783,,,1.4852018677520575,1.487477007077041,1.4883029902293377,1.4876750112581736,1.485591901732603,1.5107966706909566,1.5214019782355708,1.5304139777900487,1.5378023524515916,1.543540944266091,1.595693862860092,1.5818152208783023,1.5665341707518288,1.549892500969062,1.5319349461524856,1.6232283275716353,1.6179301778610418,1.6108963131716802,1.6021500296227293,1.5917191172497676
2004-01-31,1.4621274322249638,1.6407054116674555,1.403519552777403,1.5782315759713763,1.6597835048617062,1.630892967697276,1.4816363476720205,1.557668697083064,,,1.4831134526913579,1.4872709206674697,1.4899833642350278,1.491240455068166,1.4910354913215333,1.5073360782523832,1.5193971024310968,1.5298860018269036,1.5387677906283408,1.5460115306611777,1.607609005260886,1.59362673062161,1.5782315759713752,1.5614656418357373,1.5433739968733067,1.6339134467731242,1.6281034416480635,1.6205504432532225,1.6112794155647243,1.6003198132859426
2004-02-29,1.4706977158702568,1.6590674196326525,1.4117463053872714,1.59589440597293,1.680138039192199,1.650893206766479,1.4982181290350924,1.5767709600453368,,,1.4941782519020461,1.4991594545816844,1.5026877436913648,1.5047503867343865,1.5053382904616202,1.5190662753271675,1.5321938546183387,1.5437505044130635,1.5536978800931054,1.5620016369518324,1.625600613717594,1.6114618559970335,1.595894405972929,1.5789408353402374,1.560646717144927,1.6527248276954105,1.647022437247788,1.639555367191531,1.6303483164821553,1.6194305391327681
2004-03-31,1.4787293111848114,1.6836981344769264,1.4194559624359866,1.6195872466435008,1.7109917936675723,1.6812099143693402,1.5204608559273822,1.6057264999654541,,,1.5065449540703972,1.5129743516097456,1.5179454330363367,1.5214412339267223,1.5234484250893798,1.5332420516120826,1.5484690865139852,1.5621403546569355,1.5742109243794609,1.5846397240021044,1.6497344763282047,1.6353858129066785,1.6195872466434997,1.6023819812581388,1.5838162663794966,1.6790055170160447,1.6737918235918123,1.6667801362449943,1.6579937104605134,1.6474604703755602
2004-04-30,1.4361404537411824,1.5976231366507603,1.3785742356896233,1.5367897630093963,1.6033818001390658,1.5754730027868786,1.4427309694418937,1.5047369926461658,,,1.4530664304725727,1.4558903998331023,1.4572856271044077,1.4572456292437823,1.4557675484104897,1.4734016216354398,1.482755268733083,1.4905206514523326,1.4966709632317179,1.5011836669339338,1.565395788438753,1.5517806657556323,1.5367897630093952,1.5204640752337724,1.5028474876571667,1.5872414667468902,1.5803425413947885,1.5717603959176485,1.561523281805446,1.5496637325654625
2004-05-31,1.46531114098844,1.635025496149061,1.4065756458383807,1.572767937004726,1.642524896381304,1.6139347661484098,1.4765071092213424,1.5414718894232755,,,1.4839320019844469,1.4872671945072398,1.4891441609300324,1.4895549460023938,1.488495293138216,1.5051418667635874,1.5153050855317551,1.5238521944104437,1.5307538223583086,1.5359849227610867,1.6020436653335846,1.5881097955682983,1.572767937004725,1.5560600444217023,1.5380310304558202,1.6248777043461355,1.6179734779036903,1.609344400133375,1.5990188951404989,1.587029783615703
2004-06-30,1.4705978513063576,1.6529470204106431,1.4116504437920556,1.5900070557874333,1.6572199475796552,1.6283740322268732,1.4926911124938493,1.5552628574541405,,,1.492559343146815,1.4970075278261412,1.4999917688172288,1.5015008303273216,1.501527184211787,1.5129829390533402,1.5240080813051473,1.53341782061755,1.5411799975147464,1.5472667459895428,1.6196036755499466,1.605517076554661,1.5900070557874322,1.5731160278936809,1.5548893977976757,1.641706060851181,1.6344044076602908,1.6253635158423947,1.6146131290586685,1.6021874066443211
2004-07-31,1.4473631824965738,1.629672481373886,1.3893471128660948,1.5676187512430746,1.6372311417772494,1.6087331557388722,1.4716730779539842,1.5365038223153535,,,1.4697473352619308,1.474384846223065,1.477581814033464,1.47932641394727,1.4796104670238555,1.4907751866196555,1.5022081475798148,1.5120564510730354,1.5202865621757082,1.5268691347494925,1.5967986318884155,1.5829103811124996,1.5676187512430737,1.550965559700536,1.5329955720791169,1.6195841745749522,1.6127108941596866,1.604118160567695,1.593834281233848,1.5818919473529631
2004-08-31,1.4647092806865114,1.668862254492103,1.4059979104897513,1.605316278751968,1.6863241048525928,1.6569715964803777,1.5070633386894312,1.5825764405848601,,,1.492680575247119,1.499169000707273,1.5042021184804926,1.5077626633315129,1.5098370332526352,1.5166920774404404,1.531027884207334,1.543786939834849,1.554926387802662,1.564407421896224,1.6351978665901208,1.6209756361936751,1.605316278751967,1.5882626172955632,1.5698604939254768,1.661416339526196,1.6553231122318621,1.6474558158327475,1.6378404764495829,1.626507694835462
2004-09-30,1.4998919465076332,1.7027175388612759,1.4195219204305183,1.622469863543522,1.7253907790854979,1.6737757062919194,1.508697788055023,1.5780125328576018,,,1.518264410598082,1.5214255937102807,1.5230834382255778,1.5232305153434103,1.521863247065453,1.5408818187289033,1.5513271770535808,1.5601019824718592,1.5671757671627848,1.5725225958278335,1.6589505384698762,1.6414091333165206,1.622469863543521,1.6021842062175626,1.5806063492278561,1.683571921806048,1.6735620070162827,1.6617908227867493,1.648296893106179,1.6331230939886612
2004-10-31,1.5112795727867117,1.7343074732342667,1.430299353539924,1.6525709903256964,1.7589748896125763,1.7063551480039243,1.5366881405507211,1.608727978864966,,,1.5347837430746825,1.5396468582377696,1.5429939119846536,1.5448124271204167,1.545093803464209,1.5580688152512328,1.5704724698370993,1.5812077736674155,1.590237860553028,1.597530324217873,1.689728478699087,1.6718616338735852,1.6525709903256955,1.6319089801584616,1.6099307965904135,1.7152672708778471,1.7052215329448601,1.69337922044567,1.6797791112968803,1.664464433013658
2004-11-30,1.5571093229478215,1.7967543571064588,1.4736733679901166,1.712074803989701,1.8200772524175886,1.7656296333551624,1.5920193821798594,1.664611141950274,,,1.5839423062121354,1.5898359635619497,1.5941688039807203,1.5969253452324395,1.5980940867291165,1.6073798806340533,1.6208690445026652,1.632646529847348,1.6426720465007203,1.6509098481643647,1.7505702150770541,1.7320600421213335,1.7120748039897,1.6906688206980967,1.6678992727969202,1.7763754067162525,1.7657553306368095,1.753277681556281,1.7389832882600296,1.7229175657054834
2004-12-31,1.556803649208949,1.8226741345296242,1.4897976826754584,1.7494856021726295,1.841834764347102,1.8045225223175543,1.6386279876397163,1.7180474513599377,,,1.5976362886275877,1.6082665777328582,1.6173480959687494,1.6248512899030136,1.6307504865933629,1.622638733180167,1.641490981459423,1.6586913793583389,1.6741822788751026,1.687910157202723,1.7836228073802727,1.7673353418623552,1.7494856021726286,1.7301226043053073,1.7092986184632426,1.8114206906449584,1.8037121548438826,1.7940652891394644,1.7825120942566848,1.7690895686636703
2005-01-31,1.5350086978548403,1.780059376016015,1.482217697524674,1.7189761522642528,1.7978779726012228,1.7760012100087288,1.6197872965619953,1.7047408967398558,,,1.5764688558571454,1.587360684152135,1.5967288059049258,1.604542874570845,1.6107763469886267,1.6029668126694323,1.6226172018740093,1.640657283244222,1.6570268999765738,1.671669836544457,1.748279254273569,1.7344145716170205,1.718976152264252,1.702006646539166,1.6835521429305762,1.7775656126765276,1.772821285738194,1.7661446897690014,1.7575582856622847,1.7470896700389456
2005-02-28,1.5677176564776405,1.825207672793483,1.4973055286446388,1.7498210349738605,1.846544783548792,1.806198709065365,1.6368341639892678,1.716566923822431,,,1.604960842240374,1.6143376314203401,1.6221429695444949,1.6283509895153236,1.6329398108603563,1.6302127523344854,1.6478651976540541,1.663828111793084,1.6780475175792269,1.6904737692684026,1.784838566838233,1.7681102145089447,1.7498210349738597,1.730021386484377,1.7087648637873252,1.812824511969044,1.8047194385286087,1.7946683734307665,1.7827047802582725,1.768867156790544
2005-03-31,1.552216593558726,1.796629486467682,1.492636785548294,1.73032023403972,1.8123697534136334,1.7838291950347627,1.6259796446118178,1.7058175072540942,,,1.5906593782755774,1.600478281871688,1.60874482050669,1.615431797198216,1.6205159375656448,1.6158668611234464,1.6339613986560417,1.6503928476191547,1.665105809512022,1.67804910714922,1.7617254926584973,1.7468096788259426,1.730320234039719,1.7123027743407218,1.692806303854079,1.7895498449727827,1.7832444267463388,1.7749991146168524,1.7648415518769636,1.7528044960623121
2005-04-30,1.5142195634032958,1.7795754842635476,1.4794090465905334,1.731910838869,1.7929166885085783,1.7898788861852342,1.6444031795129865,1.735697137472422,,,1.5688097221266482,1.5842250534319495,1.598168548254398,1.6105964139921771,1.6214683933818472,1.596669472408676,1.621410942300843,1.6446470914723543,1.6663015289610605,1.6863011752836468,1.7560081028855823,1.7447780687609988,1.7319108388689992,1.7174423358781374,1.7014122677098913,1.787062978059397,1.785582603474732,1.7821204920273852,1.776688754471196,1.7693049625891075
2005-05-31,1.540558010816689,1.8138346522331055,1.505141997292178,1.7652523997422471,1.8265395555596906,1.8234447848204127,1.6760601028830702,1.7682469566961903,,,1.596971811981438,1.6129580964188204,1.6274513023591695,1.6404060066024866,1.6517803548439076,1.625093066519812,1.650495344049719,1.6743718194564863,1.6966440969730125,1.7172371115325857,1.789813567775743,1.7783673407283078,1.7652523997422462,1.750505359044715,1.734166690986891,1.8211992239399974,1.8196016231127559,1.8159847754698928,1.8103613174524913,1.8027494473452743
2005-06-30,1.568447228105144,1.8553404997854572,1.5136196335832983,1.7909703850468148,1.8744844000482137,1.8507413708775857,1.6865440235382991,1.7747728071707898,,,1.6202059228044772,1.634513720578372,1.6472723735246817,1.6584412661414332,1.6679836021047856,1.6474860333704702,1.6708595246310234,1.692617363869113,1.712687011332003,1.7309997366202026,1.8218415280690594,1.8072334366935403,1.790970385046814,1.7730977840349949,1.7536647025407774,1.8523876657595695,1.847270462269088,1.8401133150743594,1.8309406304898188,1.8197823322142015
2005-07-31,1.5936330777821888,1.9041405921840542,1.5379250713924542,1.8380773825405587,1.916673832564719,1.8923964138163993,1.7309043467202097,1.8147180089437867,,,1.6512024495864646,1.6674584793206948,1.682161868837877,1.6952663396381378,1.7067293546787423,1.677128661116974,1.7020003066929514,1.725255295379995,1.7468165158984357,1.766610557554366,1.8697605137838926,1.8547681930936064,1.8380773825405579,1.819734687451193,1.799790467342464,1.8990009925358364,1.8930539293883033,1.8850210222403092,1.874929586423075,1.862812548063593
2005-08-31,1.599946910098739,1.9073144973969953,1.544018193549346,1.8411411706926422,1.9278715623342495,1.9034523083033552,1.7337894941466696,1.8253200850648248,,,1.6566074805551927,1.6725340297366547,1.68689610725002,1.6996483839954686,1.7107493236277163,1.6847193777038583,1.7100236303287417,1.733712654599337,1.7557080347601512,1.7759350171749293,1.8728771127713881,1.857859802222166,1.8411411706926413,1.8227679011930662,1.8027904371818486,1.9045450734170997,1.8993710790227247,1.8920984428989167,1.8827519815517721,1.8713621936559923
2005-09-30,1.6564888917892815,1.9634986681323103,1.5985836593647986,1.8953760596022513,1.995210693518504,1.9699384929621593,1.7848621017796396,1.889077168816094,,,1.7122282455771196,1.7277056290984505,1.7415491161045158,1.753714696557626,1.7641623782550475,1.7440496623558133,1.77017482571613,1.794625932108203,1.817322012879105,1.8381859027419654,1.928046854108655,1.9125871754334451,1.8953760596022504,1.876461564776732,1.8558956203390318,1.9637741935134045,1.9594786390129508,1.9530112182409562,1.9443941150461488,1.9336554389107357
2005-10-31,1.6371272528370884,1.9269402369392608,1.5798988376307606,1.8600860049744918,1.9524979914925322,1.9277668084715336,1.751629709318146,1.8486365324072054,,,1.6886550408981174,1.702721923734944,1.7151582159104137,1.7259240020000934,1.7349834399677462,1.7185793227835136,1.742602472714422,1.7649284845283493,1.785482689311869,1.8041944659683589,1.892148501134495,1.8769766666062089,1.860086004974491,1.8415236796048795,1.8213406530050409,1.925567784205755,1.9208093841247684,1.9139249797347062,1.9049381216587904,1.8938781395126316
2005-11-30,1.6875171851934334,1.9899629649489998,1.62852730888742,1.9209221908192762,2.0223764751649402,1.9967601810828997,1.8089187111397504,1.9147978899650104,,,1.741606996195108,1.7564430325040097,1.7696021389760181,1.7810421830055396,1.790725205484597,1.774059223693626,1.7997309061030642,1.8236730323896309,1.8458058602328855,1.866053684283803,1.954033326649607,1.938365280364176,1.9209221908192753,1.9017527639108764,1.8809096289322562,1.9903266738346737,1.9860004596869436,1.9794724963052956,1.9707651816860245,1.959906923342607
2005-12-31,1.720731515007698,2.031378933998783,1.6605805784028493,1.9609012534467312,2.0759610961357704,2.0496660760964613,1.846566708953648,1.9655321228981502,,,1.7764763810568305,1.7918079451454405,1.8054319790722482,1.8173049238819563,1.8273874605175595,1.8126031729042336,1.8400588561725357,1.8657800322116995,1.889681527888302,1.9116820884218058,1.9947015125426237,1.9787073761080503,1.9609012534467303,1.9413328641427874,1.9200559328330895,2.035143781031678,2.031848882234344,2.02629523614337,2.0185020292399005,2.0084946574222604
2006-01-31,1.8004054271917744,2.1392467466620353,1.737469360891185,2.0650266460644215,2.198493546444907,2.1706464774571175,1.944620847695509,2.081546564415545,,,1.8623545886069406,1.879645458081515,1.8951647765949573,1.9088633080711914,1.920696154373887,1.903448991532078,1.934621665908218,1.9640383467734792,1.99160264716021,2.0172218813450784,2.1006217253955266,2.083778287787371,2.0650266460644207,2.0444191599596637,2.0220124069302705,2.1468281606134703,2.1445560431607826,2.139894643564348,2.1328602212989973,2.123475646191082
2006-02-28,1.781764769635624,2.1291635067359156,1.7194803174893367,2.055293239126401,2.1828330451646725,2.1551843388512872,1.9354549678813906,2.0667191100936475,,,1.8462237145250233,1.8644249637913528,1.8808875126822262,1.8955594707365795,1.9083931465671924,1.8855860775137256,1.9170911531028745,1.9468757192490724,1.9748424984037838,2.000897759767338,2.090720542708568,2.073956495859262,2.0552932391264003,2.0347828854478083,2.012481745605446,2.1351571362488553,2.1323805685539754,2.127229954457195,2.119723180617434,2.1098846860636007
2006-03-31,1.8231017217879124,2.184861684349475,1.7593722700198573,2.1090589962036046,2.2417727584163707,2.213377496233538,1.9860857974175248,2.122523575758375,,,1.890695365821949,1.909886848972388,1.927307494774957,1.9429025729812097,1.9566215971035383,1.9314820843980818,1.9644827840976666,1.9957437414150558,2.025163237943784,2.0526430458297606,2.145413065739183,2.1282104772485324,2.1090589962036037,2.0880120987985706,2.0651275688858846,2.1915513324721894,2.1888809382276055,2.18377292661283,2.1762450616719167,2.1663218411107446
2006-04-30,1.8603496596592808,2.217261804207527,1.7953181463377403,2.1403350100374254,2.282327299827069,2.2534183563035484,2.0155381963248096,2.1609208530582755,,,1.9261469758583802,1.9446284466794501,1.9612863588618998,1.976068023825013,1.9889251894461304,1.969588049157991,2.002779990687698,2.034183232228289,2.063695341671171,2.0912175382932228,2.177228187480254,2.159770495459271,2.1403350100374245,2.1189760004270983,2.0957521073788064,2.2261946635372705,2.224195855063357,2.2197175646904412,2.212775469913641,2.20339212028844
2006-05-31,1.816346580384518,2.154353538058444,1.7528532654447644,2.0796093148560404,2.211107382376295,2.1831005410935393,1.958353242771992,2.093489418143516,,,1.8778607795860394,1.8949612858135374,1.9102682263325488,1.9237328895649004,1.935310980253118,1.91853894222836,1.9493581271837988,1.9783875424865933,2.005531695385169,2.030698948264477,2.1154557571676116,2.0984933756841215,2.0796093148560395,2.058856304166859,2.036291320608699,2.161140976409037,2.15857048405892,2.153595502348408,2.146233344561046,2.136507969673662
2006-06-30,1.8210852742877497,2.1730446695221106,1.7574263106839965,2.09756412833101,2.229550115523261,2.201125251115011,1.9751784455396784,2.11059740685934,,,1.8861303004386167,1.9044397897745646,1.9209661301221717,1.9356570889152789,1.9484647633563872,1.9267461439918565,1.9587816123303008,1.9890519532705728,2.0174581191977876,2.043904730210225,2.133755800660644,2.1166289565200946,2.097564128331009,2.076614549084988,2.053837734100649,2.1795642409253255,2.1768630470143604,2.1717373674485616,2.164205024033626,2.1542905360916604
2006-07-31,1.8145105962460717,2.1841771863411577,1.751081461083672,2.105662737499097,2.244307101833402,2.210138259754554,1.9803117643247654,2.1139123903993635,,,1.882834210117957,1.902294211726891,1.9199947036154632,1.9358801256088611,1.9498991207588494,1.9227847075454805,1.9557691442032243,1.9870234484025457,2.0164458787162816,2.0439381562263095,2.1430713028126362,2.1253354304487035,2.105662737499096,2.0841081165432884,2.0607307031139164,2.188407374184313,2.184921919181078,2.179005783330087,2.1706794255510156,2.159969994613092
2006-08-31,1.8384571048266378,2.2258553431640715,1.7741908809569211,2.14584269283352,2.291837815704442,2.2569453340422103,2.018099790309072,2.1586815598657156,,,1.91100633567179,1.9318769395451252,1.9509825389981303,1.9682635382260796,1.9836644866554365,1.9527639265252528,1.9878235648306524,2.0211759840756374,2.052713470403856,2.0823315127036093,2.183965083042497,2.165890777297611,2.145842692833519,2.12387676968205,2.1000532717916207,2.231542642865911,2.2284465533601194,2.2228693917094464,2.2148305041937264,2.204356081571509
2006-09-30,1.8282828273414429,2.2285514551813383,1.7643722616988666,2.1484418879200655,2.287833808920497,2.2530022869528503,2.0205442542376946,2.154910186712322,,,1.9042977166026163,1.9263981839409194,1.9467656179533832,1.9653369397447487,1.9820530514843189,1.9441756333469629,1.9798338807322127,2.0138176790064,2.0460177260591794,2.0763277501229047,2.186610454640326,2.1685142560293684,2.1484418879200646,2.1264493581027306,2.1025970035217023,2.2322651434532594,2.228508800702205,2.2222738823471415,2.2135819257201295,2.2024612838554702
2006-10-31,1.8657737976371205,2.2950881378474106,1.800552674851933,2.2125867815866123,2.3588192907918692,2.322907038064171,2.080870575868904,2.2217713972586774,,,1.948689217693964,1.9731061256169673,1.9957876896648996,2.0166643222075247,2.035670288448228,1.99017967110145,2.0287647173342975,2.06570720333634,2.1008896104407095,2.134197074783277,2.2518949270254973,2.233258439779229,2.2125867815866114,2.1899376324329465,2.1653731307108206,2.299696835241993,2.29608795918725,2.2899241752535113,2.2812268082791043,2.2700242179710663
2006-11-30,1.9113054329881596,2.3662429226303447,1.8444926786860103,2.2811837708094407,2.442942692936,2.4057496889061967,2.1453839579675815,2.301007212165539,,,2.0001023740859143,2.0264656264531595,2.0510776877575863,2.07386356093882,2.0947520298957074,2.0454699267503886,2.087411259570582,2.127747591802,2.1663521945235393,2.2031005500368335,2.3217105895457895,2.302496313927367,2.28118377080944,2.257832428434099,2.2325063516750436,2.3742096724010557,2.3715539056164143,2.366254703992188,2.3583305411550515,2.3478072064039264
2006-12-31,1.9167112287747834,2.3752780466047514,1.8497095061897706,2.289894109879259,2.4497595336012923,2.412462745400428,2.153575766952009,2.3074279929641954,,,2.0063533561323132,2.0329996255657146,2.0578941041474055,2.0809610180401763,2.102128357980779,2.051231923687523,2.093283491101481,2.1337252309252315,2.1724300769401665,2.2092731822672507,2.330575673856711,2.3112880315688606,2.289894109879258,2.2664536041000622,2.241030823726549,2.3825430669869494,2.379634201823038,2.3740737128847327,2.3658809481154095,2.3550825862047184
2007-01-31,1.927380267131261,2.4180593296605495,1.8600055911574027,2.3311375374529617,2.4892140121319226,2.451316542391034,2.192363956233587,2.344590158050476,,,2.025011934195804,2.054436021922822,2.0821539886387996,2.1080825327600006,2.132141793831674,2.069135204374479,2.113759937962058,2.1568460373867926,2.1982598357863137,2.237869378697657,2.3725518196509854,2.3529167864185783,2.331137537452961,2.307274843242333,2.2813941715643558,2.4240931387809557,2.4206800784642715,2.414571270929696,2.4057879063669803,2.3943586132201014
2007-02-28,1.9267330283936217,2.4107107755210824,1.8593809776904326,2.324053141222319,2.4889476755802478,2.451054260726307,2.1857012970390084,2.344339295708089,,,2.0226896954846945,2.051524681678098,2.0786405178662335,2.1039554491530588,2.1273912441773626,2.0685823981750975,2.113243575774878,2.1563685020467998,2.1978234310449807,2.2374763166881038,2.3653415641863917,2.345766202403303,2.324053141222318,2.3002629664483183,2.2744609469004433,2.418858504376877,2.4161625657892536,2.410773118987682,2.402708955836188,2.3919963239665347
2007-03-31,1.9367490772324367,2.418700798292235,1.869046899438833,2.331755947261223,2.4958676254008485,2.4578688565726585,2.1929455518503325,2.3508571949985915,,,2.032061300146092,2.0606433625569087,2.087488092061964,2.1125143728886067,2.1356446880819755,2.077835177463918,2.1221851020936544,2.164971046874908,2.206059879127184,2.245320301363105,2.373181215940268,2.35354097387872,2.331755947261222,2.307886922697316,2.2819993853321145,2.4264879484844326,2.4236544560370574,2.4181195353601437,2.409902466170584,2.3990300018619384
2007-04-30,1.9650776417662505,2.4561486758133406,1.896385193454255,2.3678576888175997,2.5338347671312276,2.4952579609796643,2.2268981418085976,2.386618437863408,,,2.062305681563486,2.0914894931958656,2.118914708785449,2.1444985384086093,2.1681618179879405,2.108592135104213,2.153722722346533,2.197271186212021,2.2391021254229364,2.2790819703290777,2.409924330083476,2.389980005193773,2.367857688817599,2.343619108701783,2.317330763874468,2.4638593801049695,2.4609166539338196,2.4552311932170636,2.446822792376344,2.435718831719206
2007-05-31,1.9905289991793356,2.4880961559641346,1.923148129686312,2.4004891182184798,2.5599597208951206,2.5236048288477826,2.2593102902651236,2.4162367309283663,,,2.090008088094089,2.119919185596172,2.148056856868436,2.174336314365155,2.1986763943315975,2.1355596117912365,2.181150725450662,2.2251347635468512,2.267374872216801,2.307736081591291,2.442389513135429,2.4225464056392525,2.400489118218479,2.3762792275820255,2.3499831871643497,2.495465881606477,2.4923384907235078,2.486433860207336,2.477772526077154,2.466382701011798
2007-06-30,1.9833800657870628,2.4492283256211165,1.9162411929432304,2.362989842491725,2.518319304717482,2.482555762925614,2.224016441655711,2.376934119157438,,,2.074959013580322,2.102104465282052,2.1274215608204816,2.150832829477504,2.1722647887942497,2.1197696151695467,2.1622591205850905,2.2030419371564527,2.2419888539632216,2.2789732144228005,2.4042356897791413,2.384702561675759,2.3629898424917246,2.3391581470144995,2.3132728905752473,2.456000404998142,2.4527618349786886,2.446790708159848,2.4381077688188446,2.426741309213591
2007-07-31,1.9714870427323674,2.405652176210158,1.9047507574593046,2.320948029829411,2.4799458485565586,2.444727261767235,2.184447214180996,2.3407150515245023,,,2.0551743316015743,2.0795814260552192,2.1021178723870184,2.122713682583846,2.1413031655672228,2.1011818725467717,2.1413005712286486,2.1796521686729324,2.2161136768545164,2.250565107880577,2.3614600397750096,2.3422744409320857,2.3209480298294105,2.2975403428090404,2.2721156313464808,2.414185601855545,2.4116286210688105,2.4063825566892825,2.3984657219693575,2.3879038785375357
2007-08-31,1.9610447650089606,2.4220262253520786,1.894661958511028,2.315003195409961,2.492230629187002,2.4338383140530566,2.158388387169047,2.3082686279707074,,,2.040199444209837,2.063049393993039,2.084012430938581,2.1030229384376105,2.120019739787769,2.0846535925749974,2.1226226634698513,2.158772836363134,2.1929869473208368,2.2251512200252868,2.36426018139509,2.340663407164101,2.3150031954099606,2.2873508513476124,2.2577819193967867,2.415648637788841,2.4081056936309344,2.397893721643361,2.3850476062196275,2.369609471664092
2007-09-30,2.053543851206676,2.538772934627274,1.98402988266193,2.426591171707116,2.63549496860897,2.5737460072814446,2.2624272034717703,2.4409580253009024,,,2.137064875883879,2.1612129860483424,2.1833889301264278,2.203523370570879,2.2215515952425027,2.1894347504919,2.231501986475768,2.271733486862921,2.310000206905694,2.3461761902530744,2.4782224470217264,2.4534882591194314,2.4265911717071154,2.3976059270596157,2.366611710995056,2.5388147664523935,2.5331225077909574,2.5246061780669393,2.5132951050438437,2.4992263819398834
2007-10-31,2.1043668540152902,2.611500366262734,2.033132489474855,2.4961049675808886,2.7245340253312076,2.6606989020736966,2.327238245659304,2.5234247356001376,,,2.1924538648320113,2.2180702410450253,2.2416806233781683,2.263211489987976,2.282593963428556,2.2495557916325226,2.29479448316614,2.338219733993308,2.3796936299313187,2.419080974761706,2.5492153078384403,2.5237725674164664,2.496104967580888,2.4662893917250375,2.4344072940783223,2.615456634819754,2.61089402614794,2.603413342036095,2.593040487878244,2.5798094451792726
2007-11-30,2.0414762973633733,2.502412674587044,1.9723708243848563,2.426657788100411,2.6080960965843403,2.584263161255727,2.29495386425973,2.486283550747074,,,2.1374633139019865,2.165989057627136,2.192634737486863,2.217318685697149,2.2399633211988763,2.1925619786817134,2.240135076553442,2.286072405980991,2.3302306679555755,2.372468392353528,2.4640660444864806,2.4465143800593387,2.4266577881004108,2.4045526056072806,2.3802604967552443,2.527430839031377,2.5300851651483365,2.529879150857815,2.5268143567069203,2.5209005152711947
2007-12-31,2.046287245042078,2.476042784909106,1.9770189179489963,2.42042311313881,2.5809078317564755,2.578003711866538,2.307345006355422,2.500157714945044,,,2.1444515605894665,2.1737296114844042,2.2011376667564644,2.226592000929714,2.250012894192051,2.1998494107272943,2.2483027754842557,2.295144552433853,2.340229245740196,2.3834130121094206,2.449881252519997,2.436329657872237,2.4204231131388094,2.402206880210667,2.381731910588607,2.5130185043149695,2.5197357030979144,2.523608208069682,2.5246237474756716,2.522778237737953
2008-01-31,2.026877509341876,2.431173739119675,1.9582662160667634,2.377807325491628,2.548407071806161,2.5468716000225666,2.2679073346448795,2.4712575290594594,0.9967805448319477,0.9967805448319477,2.119216922243002,2.1464969146992625,2.1718872185376097,2.1953095520349524,2.2166898345635984,2.1776143373380767,2.225111659058885,2.2709942521738933,2.315119184711427,2.357345279871237,2.406242596438651,2.3931830990142555,2.3778073254916277,2.3601590185015096,2.340287529910472,2.472426484847251,2.4806886150177068,2.4861570830654705,2.4888141912977533,2.4886502872188663
2008-02-29,2.0285849704827696,2.4185915346561946,1.9760195633566502,2.393047059238521,2.5471147248401453,2.5709979140006407,2.308715311867561,2.5193308076707295,1.0060748575426328,1.0060748575426328,2.131906343651574,2.1630311957616035,2.1923421393438467,2.2197502979890733,2.245170513308252,2.191606762281231,2.2435503373079273,2.294039588248196,2.3429208513999895,2.3900411785593807,2.410514513599217,2.4029766047454264,2.3930470592385205,2.380753901647037,2.366131233107684,2.4778982986737703,2.492288234358837,2.5039052610101336,2.5127108700433296,2.5186745207863885
2008-03-31,2.00414753901783,2.4142881198312165,1.9572614550491902,2.3721107077782353,2.533066589949441,2.537502936643081,2.2724261278381954,2.4675819896345232,0.9986956961421296,0.9986956961421296,2.103875864140632,2.1337972613993683,2.1619070747382425,2.1881196922985646,2.212353296430988,2.1596207251655395,2.208900487337236,2.25666137822825,2.3027560743770215,2.347038477044123,2.3961453935628896,2.385302899870581,2.372110707778235,2.3566065587437057,2.3388340444356572,2.45954271128175,2.469150170207182,2.4759616707222416,2.47995481333743,2.4811153366456726
2008-04-30,2.027057217379665,2.4781135027043373,1.9512505644078353,2.3882484839980376,2.590417893747721,2.552323409863386,2.2432703009839408,2.440537515907745,1.0228821424846475,1.0228821424846475,2.112612659714255,2.1374814216316613,2.1603946799674776,2.1812802759277026,2.200070654688152,2.1698007904569745,2.2143668901296754,2.2571930756068594,2.298142521321748,2.3370809407240487,2.431264466852759,2.410896742287952,2.388248483998037,2.3633852215340467,2.336377735719458,2.496971031928721,2.4974909527005327,2.49512142214136,2.489871318853948,2.4817579966957903
2008-05-31,2.071260360649161,2.5177931607754336,1.9777814055531804,2.4113345301788454,2.6313457740909265,2.580598528586852,2.250720186202322,2.4560511708735775,1.0389260363064337,1.0389260363064337,2.1469656205047905,2.168287515194981,2.1875373951657546,2.204653173003013,2.219577939642785,2.2070597155752747,2.2489699103070975,2.2889779816608145,2.3269534531922775,2.362769260958507,2.460937387148494,2.437261399156704,2.411334530178845,2.3832315427542974,2.353032155472072,2.5297198708736,2.527835186397337,2.523027729951833,2.51531484050005,2.5047223763929893
2008-06-30,2.038646004712728,2.4118943144799028,1.994669374134902,2.3927764624142425,2.5263493744827854,2.5540809281339047,2.310741992459757,2.5035773714528484,1.0237339503233809,1.0237339503233809,2.140477594783815,2.1709316222984727,2.199483189359211,2.226043241458668,2.2505269212953225,2.195545261243793,2.2451299700217366,2.2931033100146516,2.3393140841649274,2.3836127062978494,2.408170502167104,2.4017529815376144,2.392776462414242,2.3812692362087633,2.367266635675959,2.4699250521915355,2.483608564285631,2.49437934378677,2.5022007922929057,2.5070452646110573
2008-07-31,2.0021888768621783,2.3810174015484895,1.9601969874171408,2.3636667069138655,2.4801115334384223,2.5107122034812597,2.284100459402969,2.464376102440867,1.0074704502643037,1.0074704502643037,2.1062793219232443,2.1376261067442677,2.1671371075478034,2.194720896668166,2.220289960927871,2.1577477687409745,2.206978371033101,2.2546466923817903,2.3006029622036177,2.3446988599396015,2.378260585107247,2.3722283959113772,2.363666706913865,2.352602492039537,2.3390696970859257,2.4361888778763663,2.4489761296917116,2.4588842806717968,2.465879759439009,2.4699378571185657
2008-08-31,1.9785623002284134,2.3558566641252376,1.9265243313685096,2.3369246982043297,2.437488307592511,2.471212589994593,2.2565534269286713,2.4291876312947807,0.9955489420904333,0.9955489420904333,2.081260169358663,2.1121790341414877,2.141282386632363,2.1684800354809215,2.1936856664275433,2.130681157165599,2.1787472191200576,2.2252469682371205,2.270033785630149,2.312962631291912,2.352063670498166,2.345743724469322,2.3369246982043292,2.325634389477989,2.311907470867462,2.4077324582975095,2.4194613754305063,2.42833746658721,2.4343307957601774,2.437420222608582
2008-09-30,1.8913423740123385,2.2258054355787307,1.8956585150307976,2.297780874564615,2.2840565258241665,2.4044998490109064,2.3055275954159833,2.450940438820766,0.9482538926285876,0.9482538926285876,2.030588126781687,2.0746493040551757,2.1173220870379503,2.158480869916483,2.1980015582804273,2.070657091196741,2.12892454405958,2.1861630528569544,2.242202874394659,2.296872722869969,2.2764884913354604,2.2884118975562604,2.2977808745646144,2.3045653096812426,2.3087428107499584,2.3211601996705817,2.3479902061030757,2.3721838572634097,2.393656807729703,2.412332648960374
2008-10-31,1.6773007099003092,1.8630359017412703,1.8852648682688986,2.290909003183358,1.8784624140038189,2.399705828286662,2.6675004466350436,2.8763959389920917,0.8174840547483998,0.8174840547483998,1.9653701594608382,2.0640672714529273,2.1637263740152126,2.2641031836747265,2.364941469116733,2.0144556822253037,2.132190233313472,2.25220648613214,2.374236184731406,2.4979899254024436,2.1239915613966263,2.2083421452802825,2.2909090031833577,2.3714159347015995,2.4495910767054836,2.1772207857140464,2.2814138280665412,2.3847625822820846,2.486913219719239,2.5875090696411056
2008-11-30,1.6930331576255095,1.7909394259455604,1.8908138830404158,2.2945869878179153,1.8234338523588636,2.402274264702551,2.779293580491526,2.966815722883257,0.7857949820158266,0.7857949820158266,2.002984459753675,2.1102848382903114,2.219213994603882,2.3295299740330013,2.4409753113593613,2.0466794487476636,2.1709999594834644,2.298168073719832,2.427924566663882,2.5599861743042793,2.0931595485722574,2.194086632354975,2.294586987817915,2.3943386101207205,2.4930150030325127,2.1387746835476555,2.2571281987239358,2.376101976024147,2.495323226403516,2.6144063630846506
2008-12-31,1.77345347227459,1.9271423288769434,1.8912835186137094,2.294897855299661,1.994026899410943,2.4024912359062562,2.568678332407037,2.6897884434828345,0.8154867489313565,0.8154867489313565,2.0240487886835306,2.1064618136905375,2.1878349692565293,2.2678724655831193,2.346275535413022,2.0573998031377205,2.151787311524103,2.2454543513210075,2.338030947786275,2.4291389230865588,2.1570045251689045,2.2276969716385877,2.2948978552996606,2.358309453931969,2.417649245859549,2.1927213798603233,2.2758184399148993,2.355519947688911,2.431431132672127,2.5031702352516363
2009-01-31,1.7452343657825962,1.824635047476333,1.9078201274489857,2.305842753861888,1.8903517785868873,2.410129926756311,2.729811014950689,2.8467424801571455,0.7877041337070096,0.8243239186381085,2.039594645462218,2.139206234936696,2.239049833707848,2.33879586856632,2.438102367742839,2.0704996339117208,2.1814681074375786,2.2931027384589155,2.4050069024098044,2.5167644854384448,2.1172832934130397,2.212497656171523,2.3058427538618878,2.3968945693445276,2.4852309060120343,2.149462510554973,2.2563053957918067,2.361597749047599,2.464825752632418,2.5654713100010538
2009-02-28,1.6969697685783744,1.7044933377802542,1.916785738812107,2.3117533425150625,1.7652946442149133,2.4142485327262695,2.923548050198659,3.044799545786657,0.7491940708042438,0.8264335085668734,2.043536573104192,2.1644388047626784,2.287542927891758,2.412515845615641,2.538998547620937,2.0736331531719774,2.205979613339126,2.341164048461306,2.4787970955854814,2.6184536897588897,2.0647752803253145,2.1878986634419415,2.311753342515062,2.4358316892164615,2.5596047454528748,2.0952552153977755,2.2299579466509,2.3660009335992402,2.502799451818541,2.639736542208445
2009-03-31,1.7642924113844864,1.7859546679239922,1.9156409619060975,2.3110002517021035,1.8535431000726101,2.4137242125470766,2.7819207397053676,2.891265118932806,0.778350542959292,0.8249611623033088,2.0705878820734926,2.174018407065411,2.27751048468267,2.38067720751951,2.4831180655117673,2.0998501979326405,2.2139946170629465,2.328576938455435,2.4431366923464832,2.557192574490228,2.103843685581661,2.2082413268748775,2.311000251702103,2.4115967692582667,2.5095058172558313,2.1336548224098824,2.2489242098008293,2.3628860622492485,2.4749226772646296,2.5844077653262487
2009-04-30,1.8219076672120869,1.948700516488548,1.9273046781901575,2.3186753048246294,2.016954965953855,2.419068352035531,2.546895126371376,2.6491686079832584,0.8213709047447691,0.8261224062592106,2.065441316551027,2.1431484132060215,2.218492307173756,2.2910984862993153,2.3605976358011604,2.095103020941762,2.1832206946075754,2.2691080319015424,2.3523063920439005,2.432358754485691,2.184721371434431,2.2543537301575776,2.318675304824629,2.3772561936892322,2.4297019529855333,2.2161582546517122,2.2965603365392675,2.3716188691317024,2.440793258457895,2.5035777964630763
2009-05-31,1.9470783945289771,2.0891330789101272,1.9407546109102651,2.3275013925171013,2.1907869515679064,2.42520717603408,2.3827434580023215,2.4342945534911427,0.8707419670991629,0.8338395140540795,2.1248365409389987,2.176241187204216,2.2232081928260206,2.265461637880275,2.3027506196885508,2.1448809507102147,2.202384720235773,2.255031752635622,2.302473363408631,2.3443899138474036,2.2526876208808027,2.2937106024433107,2.327501392517101,2.353851824529197,2.3726118321953944,2.2740272597941704,2.321351327242745,2.3608928990757185,2.3923676557626044,2.4155580593166013
2009-06-30,1.9312145306677464,2.0695070933781814,1.9514945551190839,2.3345269357945995,2.163906823155719,2.4300874876067975,2.4195122954828396,2.47395962491166,0.8681887725674132,0.8315259336687922,2.1225547336325445,2.1790354988701828,2.2313048742976465,2.2790538942276064,2.3219962169568857,2.143132911289781,2.2059728408709027,2.264217349122704,2.3174798667540073,2.3653997215774796,2.248302464283169,2.294939868826436,2.334526935794599,2.3668004903793274,2.391553854765454,2.270189290787181,2.3233967135967863,2.3690379291370105,2.406766930183422,2.4363021430469627
2009-07-31,1.994725881296982,2.1866091589077357,1.9538023826923154,2.3465250150272974,2.2936911481128175,2.4529758517951397,2.3074750604100585,2.3721824770938778,0.9015141728303001,0.833828526576977,2.141931546674905,2.1816716090411195,2.2163339678137843,2.2457142301647877,2.269639904225087,2.1660192267725926,2.2132002585361934,2.254874471983967,2.290761808908081,2.320619064421366,2.306123072647296,2.3303471832234433,2.346525015027297,2.3546123717570295,2.3546315131138154,2.3320913415176463,2.3640444526722244,2.387332998666818,2.40183350129699,2.4074996794164
2009-08-31,2.0182931963856428,2.2625520985677614,1.9558406574235614,2.3509814208695556,2.3734417257848626,2.4604318833056835,2.2360988253891763,2.304123698478305,0.9198937819696221,0.8348932544669221,2.1397694500866526,2.170143313309752,2.1951482531109754,2.214647821789846,2.2285403898371547,2.1652898426557745,2.2034903796944336,2.2358483484946743,2.2621541046941576,2.2822387852641253,2.3407883854712916,2.3500747471681445,2.350981420869555,2.3436229206673715,2.3281806309533706,2.368715745130487,2.3861775923759203,2.3945434036382705,2.3938549662339477,2.3842336509649655
2009-09-30,2.0914226389760757,2.362964273110637,1.9996169819660248,2.3922946724852214,2.492822228452522,2.5218189315929402,2.2154495412080957,2.3032041975202944,0.9467175385864859,0.8422556514551647,2.1881131818237565,2.2093061114061023,2.224781433643661,2.234474713250042,2.2383589681252403,2.2199495459205134,2.2510424928083252,2.275908314157761,2.2943985855094247,2.3064091675467053,2.40702258646858,2.403971889054442,2.392294672485221,2.3722416312128205,2.3441283321917816,2.442018767582725,2.4493359020347776,2.4472005889847273,2.4357775412911193,2.415311344162732
2009-10-31,2.055763536024951,2.312718834587202,1.986473904027422,2.3765848101065497,2.4427529966677937,2.5030742667818435,2.2334611754498437,2.3152254772586334,0.9464257234244422,0.8448772568720603,2.1673346136836376,2.1938893652089937,2.214858738707473,2.230135232916516,2.2396481723346446,2.1969302131146384,2.2327137154016112,2.2624454131817293,2.2859358268881294,2.3030383752368135,2.3770657262858967,2.3811191703474592,2.376584810106549,2.3636363609132576,2.3425153135204075,2.4094940065093504,2.423200287222053,2.427568705752826,2.4226879907700534,2.4087282704386386
2009-11-30,2.130341945170035,2.4098332926378228,2.058538643465816,2.4763810942000424,2.559545462281532,2.6227508020805574,2.327247488073371,2.425920620119839,0.9799292805476864,0.8734300099058869,2.249675649297524,2.2784927982901357,2.301536333204097,2.3186849102991665,2.3298552491458446,2.2842317122243583,2.3240124122327743,2.35756940712665,2.384684091527879,2.4051817867575753,2.476882204755561,2.4811058588821733,2.476381094200042,2.4628889206217552,2.4408809694512636,2.51487942702616,2.530595575055586,2.5365705306189397,2.5328807531974475,2.5196880580676164
2009-12-31,2.1485054183911165,2.4536362136537235,2.076089915743924,2.521393637518248,2.593628335172807,2.657675316425038,2.3695492681242833,2.458224146413201,0.9871633240208526,0.8780852899923862,2.275369827933305,2.3067150015748887,2.3322650961298983,2.3518803148873877,2.3654590376944964,2.3069896369887424,2.348279853692929,2.3833165051206358,2.4118695505036474,2.4337529787394887,2.5219038566316705,2.5262042830348843,2.5213936375182477,2.507656220165054,2.4852482361168575,2.5569244795368955,2.571673317298815,2.5765122957492683,2.571533246033286,2.556914467495549
2010-01-31,2.0968760327042535,2.379883202053537,2.0262007015659975,2.4456039286927473,2.5104376786825626,2.572430352328597,2.298323797255093,2.3793765807203857,0.968392517789856,0.8606847553074545,2.2165768696448027,2.2457215661671164,2.2691901171774167,2.2868570712895773,2.298634412274996,2.245984147476237,2.2842933892809905,2.3164580621775435,2.3422698560206903,2.361563924577676,2.4460988113043767,2.4502699726614368,2.4456039286927473,2.432279439668443,2.4105450095473717,2.47852006278214,2.4922981085634923,2.4964682152185325,2.4911253370045174,2.476448101149456
2010-02-28,2.1377685901328745,2.4350413220634795,2.0657149729193893,2.5022852460276583,2.5702867251867274,2.6337573094136397,2.3515916297778467,2.436101119568602,0.9862287312467175,0.8761884855077934,2.2622476747767992,2.2928182134324477,2.317612904248435,2.3364973144718033,2.349375088439271,2.2927077719953304,2.3328049921649874,2.3666577256402874,2.3940450603100634,2.4147901660940607,2.502791598443545,2.5070594340485326,2.5022852460276583,2.4886519377453165,2.4664137726914004,2.536457447145396,2.5507228715191776,2.5551563167006774,2.5498530636855183,2.5349940697535196
2010-03-31,2.1906664255387547,2.538873029521047,2.1168298836432675,2.6089842770817846,2.6785476025193056,2.7446915776429934,2.451864989392067,2.5387100782855376,1.0133174238333267,0.8999582042567227,2.3303713761429035,2.365965771643517,2.3956991358133575,2.419401256186006,2.4369404542500366,2.3613907350566623,2.406742574428789,2.4457805034144804,2.478243289681848,2.503913874480016,2.6095122206860593,2.6139620395099756,2.6089842770817846,2.594769635881424,2.571583221355374,2.644217550785456,2.658956274714985,2.6634448513175975,2.6577841298772467,2.642164238201632
2010-04-30,2.262818687851676,2.6207905592979808,2.186550249672476,2.693163968118054,2.7746689934105113,2.8431865873125184,2.53097517762997,2.6298133103374193,1.0380468596137455,0.9216186634841522,2.4066559541302244,2.443256796574901,2.4738007575052636,2.4981132664751504,2.516059583737739,2.441255431837756,2.4888509677958033,2.5299420782048303,2.564252877720767,2.5915528924979307,2.693708945987304,2.69830233960278,2.693163968118054,2.6784906870880287,2.654556155669061,2.732405933822521,2.7485988440198033,2.754203000049313,2.7493115915283077,2.7341103394923336
2010-05-31,2.2039680389536858,2.509758891627327,2.1296831653885575,2.579066149187127,2.6535015382294977,2.7190270265837984,2.4237486028820205,2.5149715806855255,1.0026896384807844,0.8875730598797764,2.3322539785111687,2.363726612916842,2.38922968693851,2.4086246072971416,2.4218122616749556,2.3648292006143934,2.406539025049857,2.4418029062574615,2.4703895208971587,2.4921131636735634,2.579588038678921,2.5839868298865154,2.579066149187127,2.565014512209193,2.54209398434306,2.615577141895627,2.6307194322504017,2.6357242481934886,2.6306848989621314,2.6157831720387597
2010-06-30,2.187908872472056,2.475025628293426,2.1141652740663517,2.543373723108229,2.6319675990556846,2.696961328954138,2.3902056602671267,2.4945618525349675,0.9939418920467963,0.8799306013085982,2.310675218238038,2.340307754020565,2.363992538372944,2.381604267985773,2.393057015005847,2.347009922382601,2.3882060011084825,2.422998862147675,2.4511605854713276,2.4725085869236687,2.543888390023699,2.548226305115315,2.543373723108229,2.5295165507097632,2.5069132265131864,2.5838708919804394,2.6003354476698415,2.606791145784214,2.6033129166444824,2.590063512495876
2010-07-31,2.2143652591114,2.573103352805736,2.1397299466237496,2.644159874368754,2.7353763003197256,2.8029236016229016,2.4849222278838763,2.592571950184351,1.0217161803561434,0.8993728893499222,2.3577033454617244,2.3943829846672724,2.4251242520173593,2.4497491277381207,2.4681188224979986,2.394539954412506,2.443065611000144,2.485247631519333,2.5207993753183313,2.549478469402532,2.644694935965949,2.649204749415485,2.644159874368754,2.629753584449451,2.6062545593848623,2.6860002451021874,2.7030278260704748,2.709650506484211,2.7059471839978277,2.692088027446458
2010-08-31,2.2254730106943774,2.5660084923013793,2.1504633107803444,2.636869088540269,2.745657100599726,2.813458275680367,2.4780705106561998,2.602316026137726,1.0157169627680205,0.8940920356649114,2.3640318023593343,2.3989486123813077,2.4278633173016604,2.450611683317739,2.4670692439238318,2.4056479723612187,2.4540914542203813,2.4961512615436074,2.5315419257814886,2.560022573333997,2.637402674803257,2.641900053269453,2.636869088540269,2.6225025213228355,2.599068290509375,2.683844504736046,2.7026196519697376,2.711006879833963,2.709064838085265,2.696943817920903
2010-09-30,2.3115710416329724,2.692048227098722,2.2336594024759746,2.7663894239608466,2.8825944186790733,2.953777119834527,2.59979082097836,2.7321043297596046,1.0592392142182965,0.9247270241327817,2.462888424590911,2.501767804567377,2.5344544142091037,2.560757854768508,2.58052863839514,2.506789855079664,2.560015372654957,2.606682925130332,2.6464726602824413,2.679110117939776,2.766949219439931,2.7716675045753227,2.7663894239608466,2.7513171855316982,2.7267318890667527,2.816280249085918,2.8361859585577545,2.845192417965074,2.8433588310752924,2.8308406105904043
2010-10-31,2.336555080638455,2.7475305566173063,2.257801352963899,2.8234039038843126,2.9451084228553834,3.0178348429775004,2.6533717522398943,2.7913546982380715,1.0828149552223876,0.9453088950905401,2.496749909056411,2.5386159267149573,2.574268106858359,2.603494663696871,2.626124698729482,2.5420648753694803,2.5988242749173183,2.649034961321678,2.692350135438158,2.728467834639506,2.8239752365851007,2.8287907642022616,2.8234039038843126,2.8080210310130727,2.7829290387519485,2.8752329100900798,2.895860761103395,2.9053631501183097,2.903797017763114,2.8913175944762806
2010-11-30,2.3752503464425563,2.7526219825884484,2.2951923925373916,2.8286359301227972,2.9460663088740744,3.018816383005152,2.658288693315549,2.792262576405782,1.0832346869920675,0.943287761309465,2.5270816773445373,2.5657225772630867,2.5979692783474286,2.6236357738226643,2.6425784463333115,2.5717819880558666,2.6249855733287117,2.671400850188551,2.7107105511349823,2.742644730344703,2.8292083215554507,2.834032772786697,2.8286359301227972,2.8132245513780707,2.7880860613552536,2.879243106963724,2.8994572857222414,2.9085275817407346,2.906516088361024,2.893583230956422
2010-12-31,2.454166611367678,2.861993548477509,2.3714487800692923,2.941027803385638,3.055968667679505,3.1314326674022075,2.7639120585332124,2.896427320636677,1.119966963976931,0.9752744653367011,2.615977227732958,2.65764748371659,2.692740591143686,2.7210511504958768,2.742417268880107,2.6603760547021187,2.7164835188558363,2.7656067058765785,2.807408720830415,2.841601180029094,2.941622937987418,2.9466390820079593,2.941027803385638,2.925004075165945,2.8988667425721997,2.99154784194634,3.0118462496580474,3.020561702023201,3.01776678901114,3.0036361122013946
2011-01-31,2.4130754988719176,2.8503306733485485,2.3317426459590838,2.9290428567249664,3.03151159348844,3.1063716509458006,2.752648874091986,2.873247064039469,1.1193991884308152,0.9755315768398485,2.5821188650824087,2.626616579492886,2.6647111869437192,2.6961741693375734,2.720819131735622,2.622808083929143,2.6804975411341063,2.7313872191183424,2.775125783446519,2.811408717656588,2.929635566100963,2.9346312688939653,2.9290428567249664,2.913084426605413,2.887053605938086,2.975831814462945,2.9948405427423075,3.002320319667694,2.998356917547269,2.9831373100522987
2011-02-28,2.4813436945764087,2.9359249279642947,2.39770985807543,3.017000805745814,3.126909903710897,3.20412572421397,2.83530978456101,2.963664964914321,1.1464086197539065,0.9996586740894552,2.656516269531951,2.70275274985513,2.742414879991326,2.7752640986563555,2.8011050517703735,2.699510353734098,2.759738747361398,2.8130008516659073,2.8589282399223785,2.89720028544483,3.0176113139399323,3.0227570356275306,3.017000805745814,3.0005631505511863,2.9737506350745906,3.0664797547356106,3.086498563738336,3.094639386767065,3.09098566780812,3.075725242588778
2011-03-31,2.4957491609994453,2.940473229928862,2.41162978739767,3.0216747095507692,3.1296228956127914,3.2069057106574963,2.839702214674071,2.9662363210765816,1.155882183876407,1.0085983500037916,2.6685466059236536,2.7138420949387356,2.752499698117738,2.784288473207085,2.809021213422195,2.7111834289194787,2.770309532122595,2.8223866223454666,2.867055545123423,2.904005786012229,3.0222861635373337,3.027439856919248,3.0216747095507692,3.005211589325104,2.9783575362003023,3.0706033122813405,3.090438677080164,3.0983789736417044,3.094510169773323,3.079022714192378
2011-04-30,2.5378746166127106,3.0226759731089787,2.4523354020292167,3.1061474901885524,3.2242977997494595,3.3039185140714307,2.9190878419550605,3.055968582346239,1.192281633463077,1.0423038131301616,2.7224563242267097,2.771672919241359,2.8142031705021204,2.8497886450261607,2.878214699383353,2.767821630757516,2.8318874636701308,2.8888963040818174,2.9384517752308255,2.9802054955728363,3.1067760377485296,3.1120738058083535,3.1061474901885524,3.089224133280547,3.0616193585338323,3.1585585861782683,3.17967156246489,3.1885523901947854,3.1852813669680113,3.1700464389545653
2011-05-31,2.508815915957287,2.9966525788411063,2.4242561266041065,3.0794054571322604,3.1910237531735888,3.269822799175419,2.8939562782381545,3.024431656398739,1.1809589750144496,1.0314352654246421,2.693604203605611,2.7430865380011134,2.785977551854584,2.822015632759317,2.85098224989862,2.7370685189089774,2.8007425893275233,2.8574509637555208,2.9067991423370656,2.9484399296605046,3.080028593281582,3.085280750793604,3.0794054571322604,3.0626277999926295,3.0352606854990483,3.1297446140772314,3.1501211387777497,3.1583740648411935,3.1545891926789436,3.1389588606629015
2011-06-30,2.47062136220942,2.9427445052157433,2.3873489225572744,3.0240087063452106,3.128076607496285,3.2053212385480614,2.8418956525862558,2.96477075920954,1.1622806645528867,1.0154118565855828,2.6503618248433223,2.6982912391478724,2.739711426890792,2.7743706606331195,2.802059844626821,2.6917021830123797,2.7530599240098628,2.807516361689032,2.8546934760269584,2.894260392638402,3.0246206326300142,3.0297783068189283,3.0240087063452106,3.007532869704469,2.98065807401803,3.071811487398073,3.0912636922987184,3.0988138455134813,3.0945524317314166,3.078674367903605
2011-07-31,2.4685255859232362,2.9446669133086116,2.385323784535207,3.0259842019411343,3.1445946257338253,3.222247152238484,2.843752179101533,2.980426429966896,1.177568619243974,1.0292225750674906,2.649307473333964,2.6976229824240097,2.739444293307472,2.774516733114005,2.8026281181176516,2.6943679770056272,2.7574737932125015,2.813738222249016,2.862769485555066,2.904222185748816,3.026596527979311,3.0317575715244787,3.0259842019411343,3.0094976021228086,2.9826052499258977,3.078082465966595,3.0990048011424722,3.108007774436274,3.1051656585708445,3.0906577325006976
2011-08-31,2.453710698372728,2.86859420597773,2.3710082336488973,2.947810738741694,3.0731084732870304,3.148995722861504,2.7702865092613815,2.91267231743821,1.1626646460842098,1.0160982752864385,2.6176448647164468,2.660032867687931,2.6958384017757573,2.724849991971108,2.7468998278676806,2.6646734370870595,2.7224700951419103,2.7733124869141945,2.8168494581657053,2.852778036279488,2.9484072459110937,2.9534349587378164,2.947810738741694,2.9317500547636937,2.905552441258235,3.0014266659522497,3.0227889689092415,3.032534330515434,3.0307241542114207,3.017522457000556
2011-09-30,2.3743931158039153,2.7022432452686713,2.2943640549083053,2.776865978637146,2.876839374860998,2.947879961134947,2.6096364524165856,2.7266497364836897,1.1012147082987944,0.9594048154442918,2.5128735803483906,2.546738068750429,2.57409976298917,2.5948079620084576,2.608755604409564,2.5533223685447903,2.600116864141135,2.639926972837806,2.6724853406264786,2.6975746041443673,2.7774278941098554,2.7821640477968606,2.776865978637146,2.7617366603447544,2.7370582572475985,2.8220815803004125,2.8403911573637615,2.8477664902327957,2.8442856841668585,2.830122940970983
2011-10-31,2.4893354738153968,2.8972495318206217,2.2947878193023037,2.843068266358883,3.0859460144508026,3.026104552135975,2.5457439519644027,2.673167921416759,1.1702948172813943,0.9793816500878008,2.579568808349375,2.5957683111096443,2.6048935341547583,2.6069352734748037,2.601932244562653,2.6248206618740855,2.6552385606774225,2.677934889705969,2.692782795413509,2.699712729078697,2.8973300870834753,2.8753816732638744,2.843068266358883,2.800886653347725,2.749405322265569,2.9480335419376584,2.941091444554709,2.9225917178816965,2.892914862995254,2.852535371158235
2011-11-30,2.487636884027625,2.865045205705099,2.291328012452637,2.8185836351721143,3.0455846630229453,2.9951489654168393,2.5301930022397663,2.6534400817192956,1.167965156095239,0.9786201486800075,2.5736094244614423,2.5883629712281166,2.5960486782887866,2.59666889394521,2.5902736912649678,2.6177556236813193,2.6463132759722634,2.6671397398824714,2.6801242729907937,2.685213469781573,2.8694768366234173,2.849179089845158,2.8185836351721143,2.7781676610987343,2.7284805064225193,2.9185684714301554,2.912794413956234,2.895564422366002,2.867242668930854,2.828287085684633
2011-12-31,2.4453258616987656,2.8487147629707357,2.294483589266843,2.847557110481123,3.0194725826960256,3.0324038908486606,2.5966327835713194,2.74219922517308,1.1573900613229031,0.9716520332612468,2.563242075927454,2.589135338313462,2.608055740544479,2.6199139100411775,2.6246688733495174,2.6128583621524215,2.6547156512300942,2.6890663923078635,2.715681341078332,2.7343874049565158,2.8806325331089684,2.869361472002334,2.847557110481123,2.8156043369889505,2.773967493226956,2.9362119613744664,2.9418067290082757,2.935741395987697,2.9182520617489316,2.8896763235963614
2012-01-31,2.5185895339968805,2.9723772356930125,2.2855820861704896,2.8750553944464134,3.166271676484816,3.070143072427783,2.534063485594045,2.6771354521955217,1.20284331183013,0.9906489776061562,2.5984702316573047,2.6107232663138484,2.6157030525497285,2.613433518463026,2.6039885424161233,2.649058030156845,2.6772427082546404,2.697447997917276,2.709566073526196,2.7135497563027178,2.947342353290048,2.916440296358729,2.8750553944464134,2.823786973597534,2.7633031147115203,3.0045343388778036,2.9905089485885195,2.9646335814882656,2.9273799219668732,2.8793144479467094
2012-02-29,2.555061401426399,3.0194344950716308,2.318679756799576,2.901362559275901,3.210569240858182,3.0889395667515593,2.5403194815038335,2.6724618507710742,1.221486474842612,0.9956519890689205,2.62673476957588,2.6359850039221064,2.637870912244215,2.632442807235582,2.6198011402018375,2.6745234880095867,2.6986347937311645,2.7146244314651224,2.7224229079818634,2.7220222661157116,2.982187881368405,2.9470233088866924,2.901362559275901,2.8458516655647466,2.7812026575419635,3.036257240468612,3.0168272668789773,2.9855131640332204,2.9428515963229955,2.8894710396808025
2012-03-31,2.5391921642002844,3.024179793019106,2.341835597938004,2.9409063211836695,3.193946192764233,3.1227798399309887,2.60557309345204,2.7448540593017756,1.2231241849934862,1.0013899698774402,2.635556706884449,2.653246291721242,2.663558848675873,2.6664748685451496,2.6620264308107022,2.68463006116951,2.71781869387655,2.742961456332455,2.7599067651841462,2.7685646996902507,3.0084498024387196,2.980082479964068,2.9409063211836695,2.891501785672159,2.83252277935404,3.0642714882555655,3.0523601676907073,3.0282952620430748,2.992531522574681,2.9456227738281697
2012-04-30,2.509349635631982,3.00983526946924,2.3340050847968152,2.9504512184146607,3.1772897945579306,3.1390075425332786,2.634845153437794,2.7876960261023815,1.224994068928917,1.0047448932754957,2.6227568244165047,2.646459559747764,2.6628685058732713,2.67191324070499,2.673574975259941,2.6751143783009415,2.7156215617749213,2.748248979183703,2.772778297626754,2.789051644128019,3.008600306021579,2.9849930451545745,2.9504512184146607,2.90550628669276,2.8507673400640807,3.0684454456960237,3.062729874772417,3.0447462131056224,3.0148784051636315,2.973614112084168
2012-05-31,2.4372889370858255,2.884407265415829,2.2979853075028958,2.896341383999841,3.0378330561757787,3.0924608523937525,2.648002755037225,2.827378267638165,1.1788548546339574,0.990669203721969,2.5739638156637676,2.606146959015464,2.6312826357000674,2.649227258206716,2.6598876582073103,2.632763616617566,2.6842935615894574,2.7283487684631385,2.764610012804296,2.7928148605760863,2.925343933941853,2.9163198412069122,2.896341383999841,2.8657796735529137,2.8250926716839233,2.9920397256699753,3.0035894305089004,3.002975441481791,2.9903728188076304,2.9660686623467383
2012-06-30,2.467421699261294,2.9593723933906695,2.3016986775341226,2.925782717566126,3.11588354227521,3.126117103755491,2.633015668523532,2.8162775014830785,1.2020044768450586,0.9960656710544609,2.5918691562538196,2.6195791176603493,2.6401019838421043,2.6533320497556243,2.659215051941752,2.652447236132256,2.6999898872501373,2.739858389498256,2.771769219478844,2.795497778736957,2.9735972460683784,2.9551942788020433,2.925782717566126,2.885840281622959,2.8359271756984876,3.0429492800071696,3.0457099782682087,3.0361036910322596,3.014416052597349,2.981043207710607
2012-07-31,2.466801692768855,2.976923652951344,2.3004497446316883,2.941713556858556,3.1426372620320593,3.1510617421155556,2.6460733998373027,2.83704085944241,1.217750643898572,1.0034877731572451,2.595269365038488,2.6243806121077897,2.646316722290015,2.6609604521128287,2.6682459540770735,2.6578473363693296,2.7075452251173457,2.749614131956846,2.783751755712346,2.809714155189445,2.9903662086103786,2.9715723626662114,2.941713556858556,2.901273273689396,2.8508177285863154,3.0623124896726894,3.065529912344632,3.0562988844000984,3.034901631728435,3.00173182235815
2012-08-31,2.51994090647865,3.031246197875415,2.320269663887915,2.9615465388349076,3.20733753655746,3.1683781286837913,2.633467732847193,2.8098135945265437,1.2390155586443319,1.00772393505245,2.6306949148696273,2.653299925535234,2.668516449585696,2.676283192432359,2.6765916498819777,2.6902733456594845,2.732146580083779,2.7660357631002754,2.7917089966434734,2.808996493042099,3.024289944224165,2.998444773334059,2.9615465388349076,2.9141572576528456,2.8569174063370406,3.0926122233748985,3.0873255294570345,3.0695186225098783,3.039578151233507,2.9979989244540883
2012-09-30,2.5847812200911604,3.0931904919681292,2.3379176009349587,2.972300871721558,3.2864906757569887,3.1770172450344947,2.598778089148943,2.7557937160672816,1.252386042412431,1.011415165544865,2.667682058042441,2.680282627001605,2.6852724332254265,2.6826762670947883,2.6725725839475114,2.723213028775585,2.753316233679781,2.7750329239438343,2.7882391697954008,2.7928769655468977,3.0556001054148383,3.0194102288902704,2.972300871721558,2.9149456438478016,2.8480888170952805,3.1190140093492804,3.101437637184776,3.071375413139461,3.0293616544057556,2.976031911887202
2012-10-31,2.5686907450727605,3.081104817534959,2.335660612530016,2.9711098054801,3.2743147297552535,3.180360288387006,2.6068492268313728,2.771803125528016,1.2433745487723231,1.0042067867752025,2.6585430210873233,2.6736013474801865,2.681084296152511,2.680995337542597,2.673391716019646,2.7160925126257958,2.74943046884745,2.7744561087205977,2.791015100972341,2.7990185868131343,3.0500899170687386,3.0160827934677363,2.9711098054801,2.91582179224475,2.8509422151732893,3.115919255656554,3.1013738509985482,3.074296562964635,3.035186340275442,2.984645735061655
2012-11-30,2.5386403784099527,3.0649263773369153,2.3371552162529015,2.979948521291881,3.24876782409157,3.1910379687095207,2.636047582367591,2.8120413246570926,1.2494461655467803,1.0078917054189842,2.64570516304563,2.6668131448455727,2.6804166006398438,2.6864669666041645,2.684969717519138,2.705679003498874,2.746096962266985,2.778365686999381,2.8022648504389234,2.8176384149924494,3.0491278865394116,3.0200933939894115,2.979948521291881,2.929292993051453,2.8688038940461666,3.1180365009848536,3.109611956765496,3.088539961983271,3.055248444879264,3.010273771962291
2012-12-31,2.5530108190053555,3.1127108809836534,2.361361584191415,3.035738393597145,3.2940097508698143,3.249030633467613,2.693652506114619,2.8750910540911594,1.2597887216490644,1.0194089828321766,2.673533503962006,2.699181631028439,2.717290350823012,2.7277738986431186,2.7306011522449425,2.7345996820684775,2.780052301739043,2.8173767501760234,2.846308261273597,2.866645999657569,3.102394182809849,3.074743662631452,3.035738393597145,2.9859688317568494,2.9261058407314966,3.173038437459365,3.1665893324760224,3.147240890004458,3.1154035469546715,3.0715995568268246
2013-01-31,2.5854886477324,3.1703778798905695,2.413174221580016,3.110639990734096,3.3351670285885215,3.316720883538495,2.7766715445506907,2.9589671889460383,1.2844458883984389,1.0358953387094252,2.722060924485241,2.753059804179708,2.7764479779545317,2.7920967223010043,2.7999327226758908,2.782884463065403,2.833713381127952,2.876393421343388,2.9106137184518537,2.936127145091493,3.171312258403389,3.146827571817247,3.110639990734096,3.063313387164043,3.0054971259270764,3.241958169423411,3.2387404830662883,3.2223020792564596,3.1930224186350755,3.1513974313287436
2013-02-28,2.545988666938524,3.1424249092032133,2.4157855722160417,3.117139798133191,3.2933400041130185,3.32420084374509,2.8127571714501665,3.0094225013236477,1.2758092695734662,1.0324216085175502,2.703563165441616,2.742135275253436,2.7732806511151487,2.796805797868225,2.8125714236425523,2.7673593095039233,2.827065841025899,2.8789449182398164,2.9226053610409237,2.9577161758663912,3.1641037255178177,3.146538844164468,3.117139798133191,3.076396285339276,3.0248889679966444,3.238533541314048,3.2436974170205706,3.23556949327406,3.2144291743343514,3.1806773425187966
2013-03-31,2.5805908154775206,3.190433973899196,2.443527288868568,3.1603833327376583,3.3392730652221805,3.3642285190699055,2.847826451156537,3.0399239850793704,1.2931189042408544,1.0434155028924248,2.739396126023317,2.7781715519213677,2.8094148154131426,2.8329324238144946,2.848585868703779,2.8021012722083274,2.86158047236008,2.913098096978562,2.9562665749089474,2.9907597346339476,3.2097768666538373,3.19107433334468,3.1603833327376583,3.1182101940509703,3.065152871238914,3.2830147904240117,3.2865815579360476,3.276682322549054,3.253620400562367,3.2178214302371764
2013-04-30,2.522696149463267,3.1951926679176053,2.4554543654236256,3.2226493559171687,3.3281934948273495,3.4361813658253597,2.9557947988053326,3.180043815722034,1.294477025183561,1.0564883690746674,2.7275331835360763,2.7829061801226684,2.8311567209937043,2.8719522848878114,2.9050117532588358,2.796843694524507,2.87582109188177,2.9475579304850976,3.011495721638039,3.0671283203435253,3.2496353907878217,3.2423228221640814,3.2226493559171687,3.191002151520341,3.1478698421960374,3.3318399378032413,3.350118446944803,3.354642381721958,3.3455434461002254,3.3230850788525745
2013-05-31,2.558681033301132,3.172068510258373,2.5084162053090306,3.2150199424972006,3.2748380701070694,3.4037962628443275,2.963191087889807,3.1710820532621904,1.2767307500874523,1.0511706502446363,2.756815457101273,2.8095096307433303,2.8548913773014823,2.8926509116037384,2.922531725666762,2.8224059518611493,2.8971925330763804,2.9644272890922054,3.0235865951589727,3.0742031071359968,3.2356121425280526,3.2314889815687207,3.2150199424972006,3.1865555286965637,3.146549183018382,3.3121439067292706,3.331794796035964,3.337776418858995,3.3302016405735864,3.3093147482769
2013-06-30,2.5025190043628305,3.0890568703793595,2.5145723209284983,3.1831900543788896,3.1572232169478847,3.3566780759147368,2.9820631189703226,3.1971770138955047,1.2441673871772883,1.041624084416989,2.719725055240235,2.7796663653399327,2.832650658184364,2.8783075617684166,2.916316358919857,2.786008179132954,2.868573645349229,2.944090485489547,3.01196871564151,3.0716682651819665,3.1825220678811057,3.1889813019014945,3.1831900543788896,3.1653759845986444,3.135873903997523,3.259646489961226,3.290446820936379,3.307835694927889,3.311784292028333,3.3023964922742066
2013-07-31,2.5879325910859334,3.1874394396347503,2.5552455989633387,3.2464657057907753,3.2676229373723773,3.4195390030647,3.00564344105806,3.205128077091387,1.2795469667735029,1.0568978713364554,2.79115576865216,2.8453820718573715,2.892190750673804,2.9312593509527516,2.96231974166135,2.8546492950092976,2.930171637299636,2.99799375772723,3.0575836516534194,3.1084672935113082,3.261023218975385,3.260006925355845,3.2464657057907753,3.2207191878812145,3.1831935880945728,3.3347493591365,3.3565979785941926,3.3646240247095673,3.3589164029325436,3.3396985560451062
2013-08-31,2.6003819993210318,3.1529404229872706,2.5410501715001654,3.188892650615898,3.2397881200583134,3.358350411933693,2.9315702102753414,3.117726615861711,1.2724749487572253,1.0451471519619906,2.7799185138315017,2.825545348792517,2.8635086703565262,2.8935557184315033,2.9154909964848246,2.8409087711267804,2.906667658012208,2.964328242902122,3.0134403083995625,3.053617419765394,3.212206309370758,3.206699479350643,3.188892650615898,3.159151273892519,3.1179434368128485,3.2822031276334602,3.298187270432799,3.300540245607621,3.2894173161811215,3.2651046926993397
2013-09-30,2.594570675081628,3.201276499579616,2.569641560660375,3.2475561067398564,3.2803296711438237,3.418417120586643,2.994487254654786,3.190238428722435,1.2867846831178862,1.0605880468741538,2.793468421175918,2.846013257792691,2.891037148439845,2.9282298241788376,2.9573367056969597,2.8562866566045257,2.9298113806564423,2.9954879513729886,3.052798336848243,3.101284692583355,3.2673595727893283,3.263724352108946,3.2475561067398564,3.219204609454794,3.179125180214453,3.340326700330825,3.359208518739332,3.3642215097855277,3.35549163718537,3.333279038655348
2013-10-31,2.6311481277481956,3.274124378909014,2.6003743278175118,3.3113726256956193,3.3571600696036636,3.480385812669179,3.0440321614261974,3.2311826939828823,1.303396293630816,1.0749179789453167,2.834901129751383,2.88892192480077,2.935332264088728,2.973811526271065,3.004095356365916,2.8954710620471573,2.969634277426455,3.035825077483652,3.0935214947055645,3.1422628060628233,3.335623637749743,3.3298855273154944,3.3113726256956193,3.2804647126425763,3.237648189157692,3.406396323069041,3.42231872278765,3.4240880307764114,3.4118736078066423,3.3859806101317216
2013-11-30,2.609538448400452,3.234635960149433,2.6210971844332307,3.3071585049774788,3.2984644939492815,3.4704744050254464,3.0729976983258456,3.269272260112401,1.2945812452029781,1.0767005063279305,2.8266956187470704,2.885681689142524,2.9372438894444945,2.981020344412405,3.0167034076561894,2.8890643105568117,2.9690030340632174,3.041251760967622,3.1052387094975384,3.1604495208551917,3.3169845893654264,3.3184631947374275,3.3071585049774788,3.283367946230577,3.2474991679927045,3.3896842216593495,3.413690350096693,3.4236212624075204,3.419545439583216,3.401669402925261
2013-12-31,2.627358321607663,3.254905348581158,2.656181314801186,3.342338021134037,3.3061983187264863,3.4991915425922913,3.1191185084928095,3.3157113816222292,1.2989756859898738,1.0850138740946782,2.8529348299375368,2.9148288380296616,2.969314415185074,3.0160072215672415,3.054576642999527,2.9151859007888055,2.9980373248236902,3.073235803911052,3.140186104871479,3.1983494191318442,3.3464691791458083,3.3508619455132758,3.342338021134037,3.3211647303323644,3.2877220260332214,3.4189977673344574,3.44592141099951,3.4586638849597633,3.4572609052316037,3.4418880776729734
2014-01-31,2.6616030149441237,3.2820015999554566,2.64749448405529,3.3281261313464277,3.3506021939378963,3.4826388949880536,3.0666271627277912,3.2398103227227617,1.3003209765103165,1.0786397361682338,2.864560682626434,2.918002419280309,2.963680116981672,3.001277683856854,3.0305369218517555,2.921763495944665,2.994031343628109,3.0580886744469287,3.1134278074746176,3.159605356430101,3.3490749043661787,3.3450424512358152,3.3281261313464277,3.2986889304842446,3.2572027278536133,3.4154417357403664,3.4315805615277712,3.43347341315097,3.4212884391542455,3.3953313397363343
2014-02-28,2.7497813507478113,3.4079096224632086,2.6888453450034735,3.4169512722097943,3.4911632171084683,3.5735821437835518,3.112673455616526,3.2731015056563986,1.3396847848777798,1.0977618227026642,2.9438959403159077,2.9935319548253214,3.035023416240929,3.0680893886363116,3.092510304150269,2.998528586331116,3.0658525694350294,3.124457521398733,3.173882196757023,3.213735387221071,3.454097920060423,3.4421290448611015,3.4169512722097943,3.3790266715508612,3.3289252135612233,3.5176895565654953,3.5246730692586703,3.51697349403414,3.494882636663007,3.4588305378997144
2014-03-31,2.7307795643890467,3.3955024308280137,2.703411058935523,3.4325925308138805,3.465596255788045,3.587255011948476,3.1525026041946163,3.3221179286170237,1.3383896040609593,1.1007892210554728,2.9409565697489475,2.9964421056849977,3.04395474745862,3.083164029612904,3.1137990627527756,2.997495459582088,3.0715061156577934,3.1370572681487405,3.193627555150903,3.240762203040367,3.4585545597321286,3.452227898827949,3.4325925308138805,3.4000482673276116,3.355106707788974,3.5245285264599935,3.5380872295326533,3.5369056309216504,3.5211957302811205,3.491311233295633
2014-04-30,2.7416644593363997,3.4271081091651894,2.703605657390236,3.455586623147465,3.5053757566744825,3.6157320251465817,3.1653944704329007,3.3367298350319397,1.347005701375528,1.1045496188462753,2.952770463022941,3.0085098701678885,3.056245338444355,3.095644817327008,3.126436060466382,3.0098143061859295,3.0842557839116314,3.15020839815861,3.2071475333485076,3.254615360828177,3.4853323926358786,3.477155135632427,3.455586623147465,3.421049972628477,3.3740798868689077,3.5521438477960445,3.5640716805190094,3.5611448788826197,3.5435985026083023,3.511809733100664
2014-05-31,2.738527918895208,3.452008820237501,2.721670170923763,3.498722430435405,3.525940223228328,3.662535625206931,3.2214220449369413,3.403538888365515,1.3589117717145653,1.1140444616215068,2.966085063924172,3.027745063757803,3.081544939424806,3.127104017963362,3.164099648165575,3.0254830226202407,3.1068402746577495,3.17994366637499,3.2442086163962647,3.299113801732303,3.5215661684494304,3.516932040491154,3.498722430435405,3.467324260765835,3.4232394310444367,3.5915469276728955,3.6081535830898632,3.6097333580983553,3.5964679714743264,3.568684764805369
2014-06-30,2.8368256036333928,3.550207014171714,2.7515353580929482,3.5401211337707172,3.6420624865132263,3.7006033523321107,3.206018361380583,3.362199278705792,1.3826534516554028,1.1270889461941425,3.0363562284676844,3.0871613958710715,3.129482547880191,3.1630305535806333,3.1875809281007164,3.0904771337700594,3.158656730051731,3.21770277121289,3.2671454984994415,3.3065897883045,3.586638317697308,3.570232384435253,3.5401211337707172,3.4968301079240818,3.440995279849625,3.6499772903115613,3.6522076302722954,3.6391537941774903,3.611181238929426,3.568798098280921
2014-07-31,2.8156806729561423,3.522945834981193,2.731026157834617,3.5129374016112593,3.6135743687516895,3.6716573294452535,3.181400123433102,3.335900243655127,1.3635539646710535,1.110247403261813,3.013519070815944,3.063872650650813,3.1058041206998914,3.139027116932588,3.163319455348935,3.067100137915275,3.1346476941316146,3.1931264346158468,3.242071214874387,3.281091019206294,3.5590973913569472,3.5428174352800705,3.5129374016112593,3.4699787970595612,3.4145727110970805,3.621793178494824,3.623953990828078,3.610949021176527,3.5831415454667255,3.541036385655504
2014-08-31,2.8671345254325393,3.5933435505555176,2.7809330305791287,3.5831351223861394,3.6828571650044286,3.742053746041962,3.244972858158034,3.399859214279678,1.38192462458715,1.125570326959773,3.070132890913337,3.121955934539178,3.1652129741983392,3.1996078022837584,3.224909445095838,3.1239755344278204,3.193057442786835,3.2529128791689423,3.303065502585114,3.3431143348693344,3.6302175100287135,3.613612237648054,3.5831351223861394,3.5393180920265075,3.4828048468673276,3.6932863526394697,3.69519638679996,3.681643376751742,3.653001365067707,3.60978857092769
2014-09-30,2.76386263686877,3.4439299871540414,2.6807660507985247,3.4341460320716517,3.5006989846548993,3.5569676374558514,3.1100447748681663,3.2316984249331213,1.3418114860813115,1.104565689212082,2.9544268448763398,3.002560539781146,3.0424029487555977,3.073683813585843,3.096196165273495,2.998854783862439,3.0608777620410628,3.1138828905622655,3.157452034023696,3.1912415573956916,3.4792707033945494,3.4633558890462877,3.4341460320716517,3.3921509423507574,3.337987554704453,3.5309856716862567,3.529899787676988,3.5140517404099443,3.483834807687165,3.4397784745866518
2014-10-31,2.726961292759392,3.4695545830873087,2.7096998695204766,3.5149749502734493,3.503881539268564,3.6378760899749505,3.233305657960444,3.3757798772518193,1.3517045500583789,1.12200666560724,2.9619428752577814,3.0261079448943207,3.08238284184662,3.13036053157278,3.1696930432921793,3.0109377347116597,3.090943866863544,3.1625099871203384,3.2250522726734907,3.278053737839668,3.5387603289563585,3.5337228565152743,3.5149749502734493,3.482911659862037,3.438044935812805,3.596603752010227,3.6086089037035305,3.60545982966659,3.5873970038022707,3.5548075052283923
2014-11-30,2.782667317664608,3.5275212783773067,2.7314793729221374,3.544666173867408,3.5681764788884345,3.663862606766592,3.2339099203992534,3.36206411489588,1.3480537452950814,1.1294455168772306,3.004463279284694,3.0634243340804264,3.114154136291026,3.1562901912604864,3.1895327332975456,3.050322653228604,3.123805325647063,3.188387042369822,3.243542644284424,3.2888197482451793,3.5803447861349293,3.569410281283223,3.544666173867408,3.5065781482717546,3.4557267804573732,3.6342823974327523,3.6389181517499343,3.6282540034381747,3.602625874284947,3.5625146112646955
2014-12-31,2.7816901436113515,3.5202075332277722,2.749963740386952,3.55413827922172,3.5476917816260296,3.6664170187140726,3.2578983063605467,3.3860535343794966,1.3322915521376895,1.1297430062116,3.0104106579992775,3.0718683800387963,3.125157378867472,3.169894412999145,3.205758162541808,3.05610235051934,3.1320628901283465,3.1992023067352804,3.2569732756131144,3.3049000311915617,3.583115947410869,3.5755607437549113,3.55413827922172,3.5192766040773362,3.471520953212634,3.6367873650867457,3.6447772717987252,3.6374370897518125,3.615061632793409,3.5780925110322377
2015-01-31,2.8327056226777056,3.604478032609059,2.735647748821431,3.5819913959622225,3.6649429039704255,3.707763638650754,3.230970325277825,3.350514407246163,1.34798349221347,1.140591909538952,3.0415930503545083,3.095514599500041,3.1408992595236898,3.177428077239819,3.204848081962686,3.0857132262931173,3.1533783017367227,3.2117495860070435,3.260355494396664,3.2988021822698057,3.6342746603529408,3.615096664992309,3.5819913959622225,3.535522856094672,3.4763668823648,3.6862790546563198,3.6818269723772388,3.661886731402977,3.626912478635983,3.5775010722320943
2015-02-28,2.8767180420341236,3.6518239983657512,2.792915209595163,3.6419289167287134,3.6970941055464737,3.758387634663582,3.296658260961196,3.4126141502510636,1.3626438680313775,1.1486968202103678,3.0932249454760448,3.149545655961231,3.1972280713054886,3.2359350889194807,3.2653962237415004,3.1364311915986804,3.206153552012853,3.2664643544786385,3.3168754826427116,3.3569773658238757,3.6898570284219465,3.6729869313874293,3.6419289167287134,3.5972267668920526,3.5395397540172033,3.7406702492482706,3.738140321400913,3.719872174697185,3.68630230607922,3.6380133184449712
2015-03-31,2.8190522560115183,3.6061826675498274,2.788758880741781,3.6414680291424273,3.634992439262185,3.7583381030608654,3.337026262342905,3.4698473360697597,1.350915487062777,1.1486003899691128,3.0611839550440645,3.1270914098699114,3.1847579896281646,3.2337631367187556,3.2737487273423924,3.108201242392549,3.1891000723533276,3.261116144193966,3.3236563927671656,3.376199560009647,3.67113018615033,3.6634339109971252,3.6414680291424273,3.605672282706982,3.5566078424114047,3.726764534297076,3.735185285252419,3.727819384063692,3.704967343828862,3.6670820614125903
2015-04-30,2.850630126386788,3.627242815430508,2.784183105567755,3.6315574908673436,3.6720026539374224,3.752950235408769,3.2993740382485037,3.4245699830004015,1.3644367146009597,1.1480865409704275,3.0748250916937714,3.133995051612213,3.184628089958845,3.226360200124951,3.2588933084485885,3.120405510362848,3.1938882941779383,3.2581041583457377,3.3125266467979912,3.3567064487843203,3.6737112033176276,3.6597365540522313,3.6315574908673436,3.589685108418791,3.5347481717231006,3.7274106329819308,3.7287775217953034,3.7143828482046786,3.6846149318473005,3.6400110806715937
2015-05-31,2.851151177483615,3.6215210328611454,2.7891608366455465,3.6297148526292435,3.6605540633971363,3.746697433018162,3.3012304459890465,3.423835752563138,1.3613919881710386,1.1478229313232862,3.0757375322997333,3.135044101707633,3.1858150630447932,3.2276852873265,3.2603555527884285,3.1206040584658132,3.1939646613640735,3.2580526538512653,3.3123427132967564,3.35638673868032,3.6702747536046405,3.6570963971608634,3.6297148526292435,3.5886319450520663,3.5344675980098708,3.723055030689511,3.7249285717881584,3.7110550442679138,3.681816027670456,3.637742208701075
2015-06-30,2.806988011962864,3.539792578774441,2.779263823362583,3.576696936221238,3.562172029502871,3.6864651227765903,3.279291032069339,3.4057717791773277,1.3438449810398054,1.136050668567907,3.0362559429401657,3.097573784091052,3.150555385440385,3.1948166901687203,3.2300376441630503,3.08182900038332,3.157540263319861,3.22422504704049,3.281334534527511,3.3283943401588565,3.6049770573051085,3.5978558424865064,3.576696936221238,3.5419277912788605,3.494095805953763,3.6583483677710813,3.6666303041895496,3.659390877100546,3.6369253265249966,3.5996790787123496
2015-07-31,2.751756000713353,3.5170564674272256,2.8018295741279218,3.6262613623496662,3.511558833197418,3.7343603005955845,3.3912401299388035,3.5426594841660455,1.3272065100839898,1.1458564745735487,3.025531379048578,3.1033021705579973,3.1733364062475258,3.235110601512445,3.2881581589253766,3.076541290618222,3.171026676661457,3.257299547383359,3.334640047036704,3.402391263076424,3.6256889330263746,3.633120142257164,3.6262613623496662,3.6053768876245997,3.5708605283116865,3.6860118946535634,3.7114487716112463,3.7211794219116294,3.7152883844295124,3.694019825511475
2015-08-31,2.712575224142772,3.4102816427618126,2.749357448784745,3.540940715717095,3.412376246291283,3.656922125360352,3.334613399375391,3.4957946170383507,1.2978578141103443,1.126903878725002,2.980220092863501,3.056062914590747,3.124250595989986,3.184273586940507,3.235678831573686,3.033668021282394,3.1271568930565206,3.2125651179661583,3.2891801660362128,3.3563513080221794,3.5304755007596773,3.5426748395697745,3.540940715717095,3.525473000589748,3.4965998322640948,3.5930506068440753,3.624203832749074,3.6400802813464694,3.6406820776194384,3.626168621283943
2015-09-30,2.67298891833035,3.3712715258353545,2.7227618938972427,3.5156240930405995,3.3727843088103038,3.6377974063647547,3.325075056046621,3.4997902813640707,1.2780828832547289,1.12036182152722,2.9472181520563496,3.0258068622574066,3.0969852147640666,3.16022056260578,3.2150340011442373,3.0037177089214047,3.1012046856881,3.1909596002094998,3.272235444606146,3.3443423054820975,3.4991764165182477,3.5143067108674524,3.5156240930405995,3.503291318123026,3.4775993967344525,3.565512090760598,3.6009865066006492,3.6213411835865146,3.626520574877298,3.6166260051756844
2015-10-31,2.7585614744022746,3.5075541917140636,2.7317731398570007,3.5567707070561982,3.5082495532093585,3.6822091541960806,3.2684927522677003,3.4446777399809108,1.3141102121941117,1.127484603223122,2.9982186160337165,3.063331542897797,3.120207894405369,3.168422641562818,3.2076148201029095,3.056839811119087,3.141239165559091,3.2169123523918675,3.2832206437174967,3.3395965962959355,3.5803301569440067,3.5756246315260047,3.5567707070561982,3.524170139161046,3.47834922709324,3.649562193127516,3.6656453558141844,3.666023687874325,3.6508960613184973,3.6206196409981213
2015-11-30,2.7330889398937392,3.475602197724142,2.7418002316709447,3.5607001840659347,3.459969196249127,3.681498169818425,3.3054890029728483,3.4907529841884304,1.295889993517982,1.1305222173597833,2.9890198482234815,3.060229083413156,3.123460810169826,3.1782378968123832,3.224144112264256,3.049347310195499,3.140642066115427,3.2235742334646185,3.2974431284646752,3.3616140453696053,3.569657481996544,3.5722704607459006,3.5607001840659347,3.5352629628451786,3.49640358095304,3.640934983963435,3.665222425641876,3.6738438627608168,3.6668931005744962,3.6446250753666543
2015-12-31,2.7197482965434787,3.4579557061917723,2.7244492827438895,3.5519262047789097,3.443065750553969,3.6771652031567075,3.3059815692408177,3.4995898866066506,1.2746983000355905,1.126137476496423,2.978940552467836,3.0514490110286516,3.116070475491993,3.1723166646220795,3.2197591549383513,3.0412441074046566,3.1346243171843504,3.219787110648588,3.2960135110519717,3.3626484624068445,3.5571302379456466,3.5616010088705314,3.5519262047789097,3.5283992848228474,3.4914426600990196,3.6307599623279807,3.657768311407514,3.669167556119762,3.665015694008811,3.6455321792486926
2016-01-31,2.6813688991347813,3.375067849483293,2.7271209926840965,3.5348395467161415,3.369945653963636,3.658736872020102,3.35341951037243,3.5388335776537367,1.2534724921763698,1.1241506954861495,2.9623382389372654,3.043127168707479,3.1164408922684967,3.1817223403225574,3.238469090467141,3.0214339732245343,3.122144411701354,3.215122313219708,3.299585489606517,3.3748086213146107,3.51275718695676,3.5308199987794135,3.5348395467161415,3.5249463881163594,3.5014048982780133,3.5820533386856708,3.6215688583919916,3.6457648839515473,3.6545344898870686,3.647933129920658
2016-02-29,2.7991194885172255,3.4636996059363736,2.7272551177635647,3.5349343741189827,3.493319012050979,3.6588023061104225,3.26553617625119,3.4094038297344786,1.2635168594841277,1.1233645754376596,3.0301103921455668,3.09140876014516,3.1440327320021297,3.187581464238163,3.2217241027100334,3.081161110230414,3.1587327068777955,3.2269221811824798,3.2851374840161536,3.3328679109927433,3.5497127597285356,3.5494401588567137,3.5349343741189827,3.5065463271662622,3.464756616937376,3.608597339822402,3.6256496031800127,3.626964779947013,3.6127259473742055,3.58327837141558
2016-03-31,2.890966808750994,3.6452100474595435,2.7310080738532876,3.537587681948138,3.684746951134304,3.660633161184699,3.0993124154925438,3.225986413349068,1.309171172817655,1.1207883958038953,3.0534371544995143,3.0893275731255954,3.115595730232072,3.1320656176410893,3.1386428343415083,3.1022048301747653,3.1529483034279586,3.1930643922671087,3.222216164190788,3.2401662799403157,3.6257185372775536,3.5887722270991396,3.537587681948138,3.472953573941699,3.395771169594784,3.682729807198412,3.6616275692807667,3.624437018560424,3.5718405493389183,3.504671409456089
2016-04-30,3.032963869636688,3.767269872204101,2.856678343641858,3.63964751842449,3.85206370640087,3.8106013704456188,3.1743630509814063,3.3438243748813834,1.3344046568793548,1.1268818705930974,3.180603119437592,3.2102951405085576,3.2298333361888503,3.239107567795841,3.2380936428119504,3.242860561563406,3.291935283586962,3.3297997590822495,3.3561431903026597,3.370760083577203,3.7370428514067915,3.695635441551297,3.63964751842449,3.5699293717616483,3.4874440010005285,3.8094076569916253,3.788693686134061,3.7513153674732624,3.6979645053230237,3.629489960709636
2016-05-31,3.0017966051224514,3.750088983387892,2.813905499404647,3.614581348170351,3.8121498387262607,3.766552074960877,3.1451164149036144,3.3011650124753693,1.3349153032643786,1.1217177664777331,3.1489327791681596,3.1786703326676444,3.1983593188348998,3.2078874231538412,3.2072274111938244,3.2071222317206947,3.2548392320056405,3.2914507376094706,3.316657952749531,3.330266429174286,3.714783479001085,3.671903196267424,3.614581348170351,3.5436823250442013,3.4601807633151016,3.782666780087715,3.758992589106562,3.7188323076276846,3.6629121622174257,3.592111550388839
2016-06-30,3.1113474899823697,3.882505007613907,2.915530432623968,3.745320525367308,3.9860733781595323,3.9426787283598226,3.2615793546415732,3.4592840255550366,1.3618488169702463,1.1423713300337313,3.264358501392458,3.2953560522772958,3.315938805918481,3.3259887010546234,3.3254758693387836,3.3351375846596008,3.3884706947918355,3.4303385188013884,3.4603913218064752,3.4783869946833046,3.8478693214412556,3.804084255324214,3.745320525367308,3.6724664850819253,3.586525354168752,3.9305178119381976,3.9106500408480813,3.8735506901921783,3.819914857360238,3.750601225484309
2016-07-31,3.20034439498191,4.0116433545030485,2.9989261914618774,3.847216934115042,4.130538359827299,4.057456564804865,3.330565169527466,3.535322019188531,1.3762832074217253,1.1597192886468064,3.350433420089448,3.3797923119855238,3.3984311079039626,3.4062521837259108,3.4032485227688736,3.4239090634145826,3.476417515532826,3.517100050401907,3.545621099951175,3.561756227954539,3.961875675590526,3.9121863678120405,3.847216934115042,3.767933240996339,3.6754145646272525,4.047951376252004,4.023078498784926,3.9805429091006816,3.921116435489746,3.8457355048593893
2016-08-31,3.1456730991989157,3.949129676221389,2.9476957110480004,3.7831889078002723,4.043261049724332,3.966660427168884,3.271606460055336,3.45179850726433,1.3748317152575826,1.1553415033107992,3.292575612583136,3.3212181780481704,3.3393234613554044,3.3467975342916594,3.343635513141045,3.358698357078819,3.407932306479149,3.4455123383446,3.4711331456525625,3.484599023991275,3.897618663864711,3.8479061671911214,3.783188907800272,3.704426187623782,3.6126879639907767,3.9751053677354484,3.9474445871991954,3.90250736599465,3.841092395602059,3.764156991601645
2016-09-30,3.1751246813002685,3.973535302397575,2.975293716150897,3.806569019826882,4.078244400154591,4.000981009009858,3.291824991936037,3.48166436932696,1.3843316240246681,1.1586185175616475,3.320258925898704,3.3480853120222025,3.3652742963804623,3.371741311395765,3.367491588872999,3.389428689729456,3.4388710358227494,3.476547498453177,3.5021525256187527,3.5154912263390474,3.921705951922221,3.8716862319590533,3.8065690198268816,3.7273195459444244,3.6350143799783945,4.002619771823866,3.975743443143858,3.9314488725175565,3.870528058527723,3.7939336684954004
2016-10-31,3.1215506549480665,3.880974678048138,2.925091446963366,3.7178977539916938,3.9728925707181366,3.8976250971317663,3.215144315079125,3.3917237785231302,1.365111948882236,1.1422994224647516,3.257840000232083,3.282993384461746,3.2976872689776076,3.3018593304877575,3.29553534346918,3.3231283283938517,3.3685224469429476,3.402313320419893,3.4242338202579368,3.4341260127376874,3.8303526547196523,3.7814981078724204,3.7178977539916933,3.6404943391533067,3.5503393551140205,3.906333610001846,3.87909462276638,3.834878890251637,3.774472019946675,3.6988154557783006
2016-11-30,3.1017439610394844,3.8366329486539437,2.9065313153657004,3.675419245421343,3.8747985770057527,3.801389519409572,3.178409971000843,3.307979321535598,1.3630327599996446,1.1382203653471332,3.2322033235187884,3.2554909225029194,3.2683864001671554,3.27084395974998,3.262905156621117,3.2837530812260813,3.3224295485948576,3.3495162726924774,3.3648146211371777,3.3682350215217696,3.786589302729597,3.738292939141903,3.6754192454213426,3.5989001963827034,3.5097752700576352,3.846156404652311,3.814191255360262,3.765628196140641,3.701305166815447,3.622208547521304
2016-12-31,3.1381267741448817,3.9037334739382783,2.9406243246405523,3.7397002348484008,3.9451666659498956,3.870424466774463,3.233998551268327,3.3680537172744036,1.3798818424358419,1.152290437123176,3.2757012941804664,3.301177335225514,3.316136255723361,3.3205136070053385,3.3143335638289435,3.328605831739145,3.3699471215008567,3.3995752008972895,3.4172659823242784,3.422905697397521,3.8528145931468996,3.8036735536651523,3.7397002348484003,3.6618429112201754,3.571159240690912,3.9141977444811986,3.8819230481342,3.8327502952473544,3.767529076837304,3.687260315006266
2017-01-31,3.221307232633622,3.9970974328536673,3.018569703260062,3.829141079468875,4.058982995505748,3.9820845166358474,3.3113447404712577,3.465220591149634,1.3972339245543222,1.1667805461125118,3.3599833121352476,3.385259891240377,3.3997410017971013,3.403368758226414,3.3961761535648254,3.419175039080591,3.462430830073377,3.4936685864869657,3.512649732149599,3.5192489051929807,3.944960746511279,3.8946444213647027,3.8291410794688745,3.7494216748320417,3.656569160926017,4.013604571348419,3.9824251565485604,3.9338700204845507,3.8687865807600454,3.788179404352168
2017-02-28,3.238951405249914,4.048565296087518,3.0351034149032965,3.878446284731415,4.103869706596883,4.0261208374178326,3.3539826398684287,3.503541115210515,1.4193582628138224,1.1843942045241542,3.3858451909278684,3.4138210702999823,3.430939817200834,3.437119009391517,3.4323679003895866,3.443628008700645,3.489125631467031,3.522554139396911,3.5436527278267396,3.5522743362012705,3.9957572816408704,3.944793067924006,3.8784462847314147,3.797700388375564,3.7036522767722317,4.063096327962814,4.030808554741728,3.9809484519690064,3.9143828997993695,3.8321371351696687
2017-03-31,3.2416847214542113,4.0516746769162655,3.0376647059841773,3.8814250106852053,4.107757820889591,4.029935290383279,3.3565585670321663,3.506860462377713,1.4150877050916215,1.1808306054323836,3.388625405205458,3.4165983561187954,3.433704999703245,3.439863095031933,3.4350821519312085,3.4466410122838487,3.49221456861377,3.525709142449039,3.5468633179536715,3.5555295168299366,3.998826104836057,3.9478227495622478,3.881425010685205,3.8006170998319293,3.706496757358199,4.06643555198924,4.0341935584079245,3.984363004553403,3.9178105839021002,3.8355615504302922
2017-04-30,3.2399197056453355,4.0684532361197006,3.0360107739430253,3.8974985418861463,4.123764312140837,4.045638534532818,3.370458551884753,3.520525467414021,1.4212253553760492,1.18595221399079,3.3915437237368997,3.4211416522404434,3.439879946275806,3.4476609038795165,3.444478670681769,3.449356491024531,3.496516888857976,3.5316185383325824,3.554383376080694,3.5646470037958093,4.015385810610682,3.964171243212437,3.897498541886146,3.816355994018679,3.7218458858642434,4.082976974104455,4.050505193706566,4.000375743035506,3.933460067609797,3.8507887181724727
2017-05-31,3.2530630320428546,4.095853135943857,3.0453268224965258,3.9211795245684513,4.157230460525885,4.074854901515166,3.3887168864144823,3.542803187005898,1.4241051483634273,1.1905309846868164,3.4066863825164924,3.4368819013717684,3.456174397988937,3.464461261999263,3.4617321375254586,3.4656997622165355,3.5138777624917084,3.5499558243549307,3.5736461608866503,3.584775039423596,4.040841168277579,3.9887796269623705,3.921179524568451,3.839041133132881,3.743478865321524,4.109976439195996,4.077125171110106,4.026503546251169,3.958990821170449,3.8756262420791368
2017-06-30,3.2780247690223794,4.13336291879569,3.0686945366819205,3.9570896482002946,4.190884411637928,4.107841999282873,3.4197507224278567,3.571483176337065,1.4242547871988263,1.1928298022812232,3.4343442774637274,3.4652952145420266,3.485260339585,3.4941313071823026,3.4918927692522983,3.492731860901762,3.5414339228370806,3.5779447129325743,3.601972631352661,3.613340992804797,4.0778471520690145,4.0253088316689976,3.957089648200294,3.8741990341814705,3.7777616080586554,4.146305250894431,4.112730325005957,4.061238726212308,3.992722868064945,3.908236126185909
2017-07-31,3.299198385194544,4.183230550218243,3.0805835034001112,3.9908185710668285,4.247500765522549,4.14623401245081,3.436790229105304,3.5899929398581474,1.4440928838021097,1.2009444875130462,3.4550062711775213,3.4856317374424886,3.5051994018538988,3.5136051816061817,3.5108385597860035,3.513954673358148,3.562500561006959,3.598771777270694,3.6224797311846713,3.633451534803051,4.118381224951762,4.0624699512118125,3.990818571066828,3.9044777217309994,3.804611185488104,4.187768554632249,4.151027492889441,4.096261463552327,4.024406952691916,3.9365601183442096
2017-08-31,3.334275455474189,4.218658710558253,3.0841239441807917,3.9995146777827206,4.295715504722183,4.157870871561853,3.422661466324323,3.5693931976471656,1.4524108656481407,1.2012568688016536,3.4764587098872513,3.502135454254909,3.5166280405602977,3.519881107746246,3.5119335036271724,3.534057896349631,3.577049664816452,3.6075777862136573,3.6254137171110927,3.630446411107854,4.137717244763469,4.076432826460929,3.99951467778272,3.908073807350259,3.8033290438658587,4.205386218085196,4.162593144654413,4.101854888090442,4.024184708000589,3.93074997835537
2017-09-30,3.3424464399794256,4.235204060090298,3.1196501248221367,4.041122782629865,4.295492871388367,4.193577195442052,3.4804518435914478,3.630883559666633,1.4626938956163409,1.2096310737610032,3.500031920478576,3.530937766363652,3.5506254538020814,3.5589905768814165,3.5560238016655714,3.5583847876504278,3.6069581257592205,3.6430722424228086,3.6664407571106117,3.676894938767285,4.170035924978842,4.113556981162024,4.041122782629864,3.9537965397716053,3.8527564449306806,4.238665531837406,4.2010722179992825,4.145230085253708,4.072092826980464,3.9827756833515604
2017-10-31,3.3460425651928842,4.246927094825951,3.1417696965197153,4.0685121704218234,4.298534714594547,4.219359035084228,3.5179966540258008,3.6729572295754815,1.4769748249963792,1.2209849517733682,3.5139946982573655,3.5484528874047387,3.571686404350453,3.583557439144899,3.584023596829804,3.5734347766481274,3.6260051245990805,3.666139480588431,3.6935100589900136,3.707906511776161,4.191610855724219,4.138138502526333,4.068512170421822,3.9837647433258034,3.8850484613313636,4.261613306656319,4.227521695791852,4.174983966020037,4.1049132124625585,4.018388886078373
2017-11-30,3.3757322912051,4.293423605303747,3.177929944241829,4.120206241411067,4.333612894981337,4.26385218155533,3.5688792338579813,3.7204467499402147,1.4915180944888482,1.2334111986041378,3.551068093412123,3.5878735591706192,3.613361907075183,3.6273748169264817,3.6298502953627643,3.6094907777139973,3.664062420603145,3.7061051525680293,3.7352723480538685,3.7513356627473353,4.241922102694525,4.189262583659402,4.120206241411065,4.0357824111310245,3.9371428369517636,4.310803581723029,4.277156034585303,4.22482863369332,4.15473459259164,4.067956256305886
2017-12-31,3.42203470191535,4.345761131923586,3.221519247182127,4.170432220411297,4.3945957305674845,4.323853340600373,3.6123844476631817,3.7728010782932087,1.5094285226580137,1.2485724059303123,3.5981496744601293,3.634895579130061,3.66016653922275,3.673807389245633,3.6757606055292875,3.659384754167551,3.7148411070791147,3.7575983537210127,3.7873037028097323,3.803724246806604,4.293631817686263,4.240330370615927,4.170432220411295,4.084979250015853,3.985137243508927,4.3657867141670845,4.332514916604255,4.280305313898376,4.210072736911644,4.122904119956502
2018-01-31,3.4784870376139523,4.402232522389283,3.2746637363071622,4.22462528330183,4.443836046613415,4.372301006342751,3.6593259077350795,3.8150743450197466,1.5328864544589307,1.2700027894994668,3.6537269780707193,3.6897674770642337,3.714138088170165,3.726693468226801,3.7273875046608973,3.7139429764786898,3.7682602510754064,3.8096438328069873,3.8377563916686124,3.852382761778152,4.349425809010672,4.295431731411754,4.224625283301828,4.138061886467573,4.036922473876149,4.420174100000731,4.385712359980265,4.33209558397051,4.260259676981833,4.171314013298098
2018-02-28,3.382301054650657,4.233879518054933,3.2333795134314935,4.10543605520829,4.257170073875093,4.248133477949732,3.592787292951186,3.75864274307651,1.4952669595940642,1.2376331489538897,3.563073773503362,3.601713675658097,3.6290193833913764,3.6448155983669177,3.6490236161664686,3.6255745553161316,3.683445377023022,3.728796684169203,3.7612479737554967,3.7805368933625805,4.209266261601208,4.165628488782539,4.105436055208288,4.029615549650876,3.939224502981885,4.282232078899149,4.2591306888936735,4.217220568931554,4.157280240387848,4.080266686720421
2018-03-31,3.391096568372391,4.261187896641823,3.23484332935243,4.102535918980079,4.2872252917638285,4.245450792544855,3.5645379491157483,3.727359934449896,1.50440169333646,1.2403472337235943,3.5611549829627287,3.5960055151144346,3.6194708152808444,3.6314118075235426,3.63178628720575,3.623121661162004,3.676929772805788,3.7181277623403637,3.7463776576303296,3.761460703492208,4.218342021185478,4.1686479955475955,4.102535918980077,4.021001482358117,3.9251655465114363,4.290874077436358,4.2614341096101445,4.213271280333901,4.147245589478899,4.064390204199207
2018-04-30,3.4008122986407665,4.273647038768487,3.238168302106113,4.105284655350601,4.298584748338474,4.245257734168594,3.558892263715414,3.717144903074938,1.5117955887991157,1.2444817977024374,3.566604956487751,3.5999089903118944,3.62178948920969,3.6321225456122717,3.630881346609748,3.627409201875484,3.679219840395662,3.7183592461108526,3.7445108215811245,3.757477817901548,4.224971364305113,4.173320134770461,4.105284655350599,4.02188303757556,3.9242567386330967,4.29612842411091,4.264238550614273,4.213657451674566,4.145276535092291,4.06015824708393
2018-05-31,3.435533159642685,4.318046009786399,3.2727139514482997,4.127230418238557,4.33342439085302,4.2586216179515555,3.559968676914172,3.7104205940244968,1.5247154257620124,1.250386072441606,3.5924180542153303,3.6223966505294363,3.6408256801901144,3.6476146594289647,3.642771008109055,3.6513646326335296,3.6990955301616926,3.733977433998983,3.755738484466031,3.76422840775562,4.2560800216159835,4.199839039501332,4.127230418238555,4.03932626317831,3.937318328180512,4.3250396886053775,4.287733686060725,4.231734071189457,4.158003387326868,4.067671183353845
2018-06-30,3.4425133640483137,4.334736029252027,3.285239373557327,4.148123087337405,4.342236314833947,4.274196984929696,3.582250969309911,3.7300163175768684,1.5255525287960512,1.2506180520769974,3.604272943974244,3.635881785845127,3.6559185290045497,3.66427762909,3.6609517809965384,3.662342889236217,3.711419316414874,3.7476307876435464,3.7706918350008065,3.7804387466736924,4.275587180806848,4.220093845182107,4.148123087337403,4.060740941460858,3.959134779840742,4.343594131917578,4.3067352675715,4.251086735117261,4.177607674575935,4.087425587785463
2018-07-31,3.4548630228853434,4.3689438671582215,3.3145063039009948,4.192125230377707,4.369324509952918,4.3143249337558345,3.6299804699435594,3.776785243886631,1.529535232004886,1.253051265851646,3.6277307878032943,3.663085423204935,3.6868316622163375,3.6988291637826047,3.6990364370307436,3.6853158015943523,3.7380222138990753,3.777847798528761,3.8044699835301277,3.8176881306397297,4.316296153393918,4.262566942739492,4.192125230377705,4.106022084591791,4.005433647132632,4.383927238718165,4.348727442431867,4.294511784299209,4.222223453207231,4.132977658995802
2018-08-31,3.430042262721719,4.3548719208539195,3.3489933496810744,4.225632328307295,4.327909934627154,4.337644966354406,3.699700186151657,3.853412430335501,1.5382665032668714,1.2623110262383406,3.63038985461357,3.6754376286431176,3.7089938346008138,3.730825010520626,3.740796179080835,3.6892137296715233,3.7522454674296117,3.8026015815664924,3.8398503366833583,3.863679855161898,4.331434951888155,4.287077182753109,4.225632328307293,4.148049769079214,4.055414948929076,4.400726740973107,4.3756158718592015,4.331161349894507,4.268182512303559,4.187681863848661
2018-09-30,3.4215652852527394,4.330840157018207,3.3437997112084554,4.20576782499186,4.303700132098775,4.318759339550806,3.6853322335779413,3.8414132877403278,1.53702441849585,1.2622986612555291,3.619879739410787,3.664278070206438,3.697208624148969,3.718443582416396,3.727853401957782,3.679385132264055,3.742007859282806,3.7919822615196517,3.8288802802594843,3.8523934754029336,4.309656853883327,4.266222970978916,4.205767824991859,4.129228108381333,4.0376766026241855,4.379616348352485,4.355678037122484,4.312467487165901,4.25078674301999,4.171621102294712
2018-10-31,3.3280759000327893,4.173188484918367,3.2562254310657583,4.061893878183383,4.153218710867123,4.184597103703791,3.567345042775377,3.737063609378037,1.4876366467829207,1.2205272394344806,3.5158765963342438,3.557280117148812,3.587514442454137,3.6063747608463537,3.613751956235946,3.5790268868824415,3.6400010908091107,3.6886735543070968,3.7246272698866787,3.747561566339795,4.158447917025937,4.118409444675052,4.0618938781833815,3.9897838774437413,3.9030952989478,4.2323263967541624,4.213216795060906,4.175403261997282,4.119609682069379,4.046740670664636
2018-11-30,3.349294846584596,4.2290457349930035,3.281291203526609,4.112123470347565,4.202363538562328,4.230213711198478,3.607824830533679,3.7743191465086374,1.4859469553725246,1.2161274990026607,3.543536744530942,3.5870345241243218,3.6193053002173445,3.640125686092848,3.649368526211863,3.6057041594336128,3.668440871646025,3.718819129502401,3.7564051059353667,3.7808817451239807,4.21156604797091,4.170177026796187,4.112123470347563,4.038308845195282,3.949770687988726,4.284638429140295,4.263853568932696,4.224159425747264,4.1663072551192535,4.091230041401638
2018-12-31,3.3274707459696766,4.124256567719151,3.2070071222521417,3.990569862761525,4.131409836084705,4.124302278270809,3.483927844710289,3.649051152346818,1.4468869477270048,1.1905207540723195,3.490867117083688,3.523737383836901,3.5453679326190497,3.5556342797139915,3.5545081574935438,3.5533562286858777,3.6053970962281308,3.6449901773276765,3.671810307855686,3.685650782433972,4.095127761781324,4.050895200360211,3.9905698627615234,3.915075452894422,3.8254620693971493,4.167660181698925,4.143856407595089,4.101726381984667,4.042046668584289,3.9657674594318775
2019-01-31,3.458131343477552,4.364712783593053,3.2083414391871803,3.9914754964247723,4.380763058931958,4.124926267176163,3.282385974658182,3.429915090260363,1.5171941937394415,1.1905425160415526,3.526237832596928,3.525219926608949,3.512428282123922,3.4880682488043377,3.4524434653952363,3.5870107851580046,3.6037356914406264,3.607108437781257,3.5971813636893963,3.5741346013740247,4.191188547746869,4.0988664663771,3.9914754964247705,3.870489584676271,3.7374632491244424,4.262666913430946,4.1892755551311325,4.098137443476273,3.9906699771349494,3.868423156859344
2019-02-28,3.4934018559136715,4.413644213940134,3.207208359166874,3.9967291083122847,4.422340146631327,4.132401881188211,3.254228776971522,3.409794428305316,1.5359046440375117,1.1917137260444137,3.5423387306410286,3.5346966706542773,3.5152751521582615,3.4843456303151794,3.442276017521354,3.6063076134459564,3.6173329029390637,3.614923365682079,3.5991957233336134,3.570394020163093,4.213292874983324,4.1123726570489785,3.996729108312283,3.8679246580772,3.7275904268697038,4.288616379572005,4.207624252935026,4.109088609130984,3.9945191319023268,3.8655483266129655
2019-03-31,3.516231334976741,4.471618369204463,3.229854584830472,4.047211871213567,4.484395076875372,4.188194227176836,3.2936922436331617,3.454020259045352,1.5532404392374475,1.2048122827675154,3.5714304264743366,3.5657021365759793,3.5480759283284264,3.5188061811082476,3.478245346604421,3.6368371341988746,3.650283587403297,3.650178378952473,3.6366135071989283,3.60980999915702,4.267360784536737,4.16473080195649,4.047211871213565,3.916390453175831,3.7739219235068284,4.344736008282965,4.262614624516228,4.1627234053074575,4.046592583269546,3.915876712114495
2019-04-30,3.517657215360704,4.49348387229137,3.2630376569335597,4.079841488693022,4.491726142235126,4.21562115845461,3.330695725917249,3.4936118412804986,1.5712524134949435,1.2136189472147028,3.584481343675816,3.582593468843417,3.5687260223103605,3.543096486176657,3.5060222999350095,3.650375619805501,3.6679082290717244,3.6718384966261643,3.6622141164470605,3.639213269050284,4.296350178219461,4.195665443490139,4.07984148869302,3.9504502314497807,3.809137173553014,4.374547970023467,4.294664755669544,4.19675846641507,4.082337813724757,3.9530410331104977
2019-05-31,3.488561731609516,4.430390050077874,3.2154690537161614,4.037190979694267,4.4471813434827,4.188449226703588,3.307824693909317,3.4832218710735736,1.541702666450014,1.2058291991195655,3.5563434870852624,3.5549736158775875,3.5417143160978326,3.5167764065886775,3.4804700572695375,3.6259835013007984,3.645341948587485,3.651193110102459,3.6435628203137918,3.6226069058536905,4.245271515715871,4.1487939609627205,4.037190979694265,3.9119865999072867,3.774782281158741,4.327648334979803,4.2533745377629915,4.161054181960501,4.052124973823438,3.928160007285366
2019-06-30,3.6422189922566113,4.6202460330649515,3.211457800213001,4.052728888748342,4.662558064601027,4.214797773367692,3.191535729418228,3.3583539036400585,1.5934116169585046,1.2188316655774174,3.6284856845307942,3.5989320144974473,3.55745776484467,3.5045555208506167,3.4408094078570404,3.6987848777019705,3.6894077459342762,3.6661586382408937,3.6293870356495366,3.5795700414225275,4.327843995403559,4.197125651782377,4.05272888874834,3.8965256860964157,3.7304169900668183,4.410923767626562,4.301746042097483,4.1756276447651235,4.034426089731582,3.88008736204706
2019-07-31,3.6830651337055307,4.657222124109643,3.247473113911495,4.096120221162245,4.70082962248307,4.262813260740508,3.2343352876852927,3.4073051618029613,1.5995770316218534,1.2268439865236198,3.6715679346180123,3.6424535821955812,3.601258900016217,3.548474794248356,3.4846853110366895,3.743995243300411,3.735743628790611,3.7134348511339836,3.6774090269776836,3.628136096616038,4.369500531366955,4.239793494329356,4.096120221162243,3.940351557709097,3.7743917066445456,4.454922423547993,4.347483157245369,4.222768444122815,4.082624584779551,3.9289923495690537
2019-08-31,3.7332080076236553,4.716964231235846,3.291685645862982,4.162804196498351,4.792692172196507,4.363444818028931,3.298154343229346,3.5015918009286495,1.609228970993224,1.2429245107079174,3.7282923014362734,3.700956339870406,3.6613030119036862,3.609809539241396,3.547049151656627,3.8107569745706624,3.8076097295352165,3.790091937509402,3.7584919319096395,3.7132328272417228,4.434601764983658,4.305889330890916,4.1628041964983495,4.007220029805201,3.841049611192699,4.531908213261052,4.429065715808446,4.308278978741722,4.171357499307329,4.02021840061428
2019-09-30,3.708550447870895,4.724972117391619,3.251354555788236,4.137456673877061,4.777274744010472,4.317484908323651,3.252389886355286,3.439091813386183,1.6162906127619328,1.2397206090857469,3.6955348504357226,3.665748156777614,3.6238099820298184,3.570219181325349,3.5055681071730973,3.7727326541364223,3.765335499738569,3.743750584231316,3.7083108665256024,3.659480838739153,4.421411668280301,4.286376313443804,4.137456673877059,3.9765792405564344,3.805697585065762,4.513026779486164,4.401955396347914,4.27348673166429,4.1295173580038345,3.972036036020855
2019-10-31,3.746552170369976,4.7906724063525585,3.2846713665777783,4.175436379715769,4.852604250533356,4.361538661757315,3.2668762173576233,3.4550451966849987,1.6328425688068138,1.2463076490867964,3.726980733322909,3.6948170127781093,3.6504470018487516,3.5943940515965283,3.527274433443962,3.805044561473297,3.7954723707040565,3.7716151170609495,3.7338319213427384,3.682613522093428,4.470355151394504,4.329774013327277,4.175436379715768,4.009323970505274,3.833438500858353,4.563234583370371,4.446848639474197,4.313109947709189,4.1639792693654964,4.001503208221894
2019-11-30,3.7699362179550824,4.811681385014682,3.305172592249996,4.193747306943893,4.856705230605983,4.365224637825916,3.281202751697824,3.4579650868656318,1.6415609811243,1.252824307549199,3.7481673402217313,3.71513498788785,3.669843427561509,3.612825490759111,3.5447070000356486,3.8226336536826766,3.810969035375676,3.7849790690036853,3.745047080310828,3.6916875619151925,4.489959413181058,4.348761771650552,4.193747306943891,4.026906429626083,3.8502496331662726,4.5783996148925965,4.460052574301281,4.324389811897467,4.173394952782066,4.009134851602683
2019-12-31,3.8665955882158216,4.933356224395606,3.389915644360101,4.299796209426455,4.998863894260154,4.492997370902856,3.364175788738983,3.5591817908594754,1.6756911822860405,1.278872164515004,3.8438726039426325,3.8098659829849533,3.763290318646603,3.7046932864958912,3.634717839411316,3.924808240126888,3.9142156308622704,3.888895899214472,3.8492274294304996,3.795724025834693,4.603498745217276,4.458730584573079,4.299796209426453,4.128736362620549,3.9476123777467804,4.699646389919222,4.579941775447149,4.442354803457725,4.2889033088036905,4.121693853086856
2020-01-31,3.866375527298306,4.924791268030289,3.389722712896239,4.292331196717383,4.998597529283589,4.4927579610759985,3.3583351363463345,3.558992139491811,1.6675301323833798,1.2726437259673402,3.841717425790341,3.807090111922195,3.759916444012901,3.7007498465112394,3.6302385358928837,3.924589138187422,3.913998540429066,3.8886816240540707,3.849016736567948,3.795517638739418,4.595506464893873,4.4509896408494685,4.292331196717381,4.121568332342323,3.940758802569017,4.693859819865591,4.575073328987612,4.438380191186444,4.285787747532036,4.11939337460419
2020-02-29,3.711046400980199,4.69702901558058,3.25354280389947,4.093819022613501,4.779324534250383,4.2956745815254145,3.203018507984708,3.4028701750499466,1.6112807451702325,1.2396426312103852,3.68037883097834,3.6448934101443884,3.5974458421616946,3.5385881622264526,3.4689616417881846,3.7625737921498876,3.7509751320824978,3.725276783809028,3.6858573700411568,3.6332245777721712,4.382973009844506,4.245139814723607,4.093819022613499,3.930953616731212,3.7585061846640304,4.480130813476292,4.3678425322812195,4.238397862099729,4.093701384424695,3.9357456143137486
2020-03-31,3.379313416039333,4.147271047677271,2.9627063795191746,3.700779800269722,4.20395894754249,3.884946697813793,2.9628812984549335,3.1618033571390844,1.4526157906856905,1.1717713907881773,3.367306935191265,3.3400954861364425,3.301802626688022,3.252884077990644,3.1938809050252295,3.447171750172256,3.4435028512077324,3.426820853411708,3.39739628952623,3.355621704343868,3.925292957352022,3.819712605378452,3.70077980026972,3.5700889243556935,3.42928494489015,4.017856143476533,3.93733425308765,3.840230117252289,3.72804039925607,3.6023774455991115
2020-04-30,3.6933058971828063,4.531324095187589,3.133877477291509,3.8579764370696874,4.646009607472818,4.118719874382599,2.9402136365191454,3.2098537941971803,1.5096348374984545,1.1886617876100758,3.5785922338277527,3.5160831668666006,3.4425675710590955,3.3588503391108047,3.265805297327236,3.687096245212724,3.6564094653943298,3.6120631712935687,3.5546438262878786,3.484856194632221,4.170731689547735,4.020255384556954,3.8579764370696856,3.685942561450379,3.506189253890701,4.296622261560075,4.180036037180874,4.047220362098634,3.900126058049833,3.740777733768697
2020-05-31,3.7975493510068583,4.672519106363044,3.1739808273466386,3.8984092620998134,4.8049978898553345,4.182445823954559,2.9102260149964745,3.199338785317436,1.5628297711266974,1.1942651836832918,3.638346640211597,3.561283579326857,3.4735951595730605,3.3762173101570387,3.270142614524639,3.7563204603295457,3.7135395534173603,3.6571220675744285,3.5877890204308023,3.506373071298376,4.248941663590277,4.079016278395283,3.8984092620998116,3.709327763937088,3.513932811498652,4.3861169602150065,4.2527081378038645,4.10364653819429,3.9410711249889268,3.7671682982394215
2020-06-30,3.8822494155642,4.791639517450435,3.2452290369466863,3.963685381680907,4.950933714379519,4.2688551110449104,2.9334925787302764,3.2343661258712535,1.5934182152825553,1.204439799534969,3.7038774136973176,3.6203304783211645,3.5262177579400467,3.422533633056163,3.3103244776227934,3.827304414652435,3.779498132954527,3.717925709635282,3.6433657866041553,3.5567069750401714,4.3349577061514974,4.154454434061474,3.963685381680905,3.764946868677638,3.560473032997939,4.478796371905438,4.336382810891418,4.178419362614506,4.007149157001253,3.8248510418333557
2020-07-31,4.036695898452575,4.993889886130398,3.40026003899423,4.106396677823073,5.212038997599908,4.457429725281987,3.0209117862710793,3.349543329014747,1.6446346666088756,1.2327396980851681,3.8401357556139426,3.7499013542186788,3.648900366581331,3.5381924180219273,3.4188868619413553,3.9747744482286427,3.9235492243896397,3.8580788147259586,3.7791881193168924,3.6878147617246273,4.501794724941289,4.309189419910998,4.106396677823072,3.895830862496174,3.6798306738415465,4.658975843767102,4.5079716718788525,4.341000516071408,4.160422087808174,3.9686272384614365
2020-08-31,4.142969794814683,5.108839148280491,3.449659578603585,4.172021248591823,5.303482651082633,4.513818239681836,3.047931240056461,3.375523095420873,1.6830310065168892,1.2505454581243869,3.921209114509982,3.8225512914495856,3.713250713070733,3.594439995902154,3.4672948209450776,4.0572737909350005,3.997699029027233,3.9238265788620694,3.836573229312112,3.7369638674456644,4.586409685344366,4.384119518848216,4.172021248591821,3.9526074374635747,3.7282803964811397,4.744884796315698,4.584216228101325,4.4077959086216625,4.218089362438399,4.017579232775929
2020-09-30,4.072254457792843,5.012784757279126,3.384222319220107,4.105334823698632,5.194085835350108,4.435061020223174,3.0077997592222023,3.3273587746603597,1.6545902922552267,1.23546543268861,3.8588690786748026,3.763271279028661,3.6571146270254165,3.5415026002080814,3.4175828909309414,3.99142935716332,3.933940796906568,3.862345212419097,3.77753327406343,3.680503143997296,4.507930878835452,4.311572502556783,4.10533482369863,3.891655387982972,3.6728884482064883,4.662125772620333,4.506337526817773,4.334912328148476,4.150254630568201,3.9547902095552208
2020-10-31,4.096217682073827,4.9853379868023335,3.3500838384843425,4.06569924480035,5.140083158140754,4.38337938011592,2.9661900076322136,3.2844059398382965,1.6448682431840738,1.2291549308062495,3.8587493471026844,3.7557339219941563,3.6425786212962294,3.5204428219442763,3.3905210620224833,3.9924130886299087,3.9275171085866796,3.8487797337860834,3.7571663685646373,3.653742431962932,4.471944369887427,4.273549639982719,4.065699244800348,3.8508299320908495,3.63128795030193,4.626202022875474,4.468264348216184,4.295065072801604,4.109019632868838,3.9125574089546666
2020-11-30,4.235000218271213,5.279155242587008,3.4628266662127416,4.178212375440952,5.423613696076037,4.474789628925216,2.9555449957905386,3.2402207260516493,1.7319279398417182,1.256657654651457,3.9461107505576463,3.8266905507203544,3.697748883392843,3.5605723218690835,3.416465493166072,4.070985969970516,3.9862224155734087,3.888090446193771,3.777757306278582,3.656472051239389,4.651621542203247,4.4185351640860056,4.178212375440951,3.933319486987258,3.686369994262697,4.798386875221837,4.602225385968849,4.392741822148568,4.172720498771543,3.9448898496785305
2020-12-31,4.350889723816217,5.444404615212129,3.551536412869629,4.288147616867491,5.600608142732268,4.599832339728094,3.018559760066,3.315567503143882,1.7854645042681174,1.2864473005237975,4.046939986879951,3.922155626450215,3.787762370804751,3.645094598285513,3.495502048276431,4.177366399919468,4.08874908010003,3.986494696498607,3.8718160433431605,3.7460078096594627,4.783298829683969,4.539203976832189,4.288147616867489,4.0328852227319585,3.7760050910625904,4.93700097004875,4.731468670117062,4.512566663980286,4.283185143353504,4.046148020429761
2021-01-31,4.359729067141932,5.441689592741217,3.528068190156867,4.266412656319039,5.57212279933567,4.562644447069232,2.9894652370157586,3.2788206633789834,1.7939798928399402,1.2830536013076954,4.040993286965611,3.911815069386477,3.7733557544170524,3.626976729108005,3.4740484183090397,4.169417688470781,4.075606702134782,3.9684528086055226,3.8492153767186723,3.719228722474153,4.767797878878856,4.520345279201358,4.266412656319037,4.008758086450759,3.749963548597461,4.918862361695868,4.709077195142578,4.4864348339369915,4.253848127131404,4.014151931955198
2021-02-28,4.449249095152765,5.542007129836439,3.600511398976267,4.324921553214626,5.6095843380918184,4.571686677067855,3.0163485419463862,3.2697729661806054,1.8337501554426712,1.294316326437826,4.1099778058950776,3.9740798506597548,3.829061942583458,3.676336128928039,3.5173173227687333,4.225894718393983,4.12131977027322,4.003720361487112,3.8744573576445167,3.7349551547209243,4.842186504653888,4.586604820925127,4.324921553214624,4.059948353223233,3.7943082759652342,4.978265827964739,4.7559665328491185,4.521598526801766,4.278173065819506,4.028598438916582
2021-03-31,4.536946923302959,5.664474683651022,3.671480010345821,4.420493888408968,5.7220695676903235,4.663359641503101,3.0830039645631486,3.335339528811327,1.8519479595088557,1.30557730530141,4.1939319418504635,4.056206762599333,3.9091060964495083,3.754065313986916,3.592524061306203,4.309623176941695,4.203117060272609,4.083320391818356,3.95161980490283,3.8094669165999155,4.949189386903239,4.687959846202666,4.420493888408966,4.149665297244463,3.878155092125791,5.0852205539530315,4.8571723680985714,4.616892073441557,4.367461179518343,4.111853636885595
2021-04-30,4.649116370111954,5.85631282606628,3.762252040235683,4.5702022697630165,5.928361257658785,4.831482788206594,3.1874157214605177,3.4555849784476247,1.9060825547990434,1.345144137244608,4.3091248001459475,4.171325511535411,4.023624225502838,3.8674739575690706,3.7043373814651797,4.430818692876042,4.326078856326536,4.207403289660571,4.076177165551087,3.9338590456886533,5.116803040678608,4.846726467793987,4.570202269763015,4.290201556425931,4.009496144989701,5.260774593306276,5.02591495054118,4.778295912447211,4.52109937133305,4.2573985466211886
2021-05-31,4.74116649259336,5.967768460357665,3.836742703307916,4.657181023792199,6.07580774758476,4.951648403508546,3.2480776859997893,3.5415301247652167,1.9372440367414814,1.3681201956147895,4.393450725819641,4.252634555734624,4.101745294935081,3.9422663393136435,3.77569048277154,4.525288415711152,4.4205095534834395,4.30137745489535,4.169287729460673,4.025713899505605,5.214184540844471,4.938967949550294,4.657181023792197,4.3718514187046384,4.085803703909647,5.37011246828363,5.133306561428183,4.88318687047162,4.622984640097648,4.355827362119409
2021-06-30,4.702341984435016,5.95846794858772,3.805324349065611,4.649923006458875,6.035780351297489,4.919026964326035,3.243015695919409,3.5181985389651826,1.949669121935354,1.3751721799170376,4.36621263329162,4.229089128163854,4.081754892714374,3.925667040410619,3.7622959835634133,4.490404934674974,4.38714140824408,4.269597146659507,4.139150778465167,3.997259187955107,5.206058457365374,4.931270779351533,4.649923006458873,4.365038075350886,4.079436153678715,5.353640621333958,5.1149792573127675,4.863296544141459,4.601829028402679,4.333703530115251
2021-07-31,4.714136390212399,6.00818394012525,3.814868856810049,4.688720820734954,6.0972222524597814,4.969100749481553,3.2700746215166547,3.5540124344880626,1.970599042968213,1.3866277895593184,4.384807743412234,4.249568156395218,4.10390239750089,3.94925846118005,3.787101129634162,4.512002086407573,4.41160745905604,4.296683065478422,4.168584471682276,4.02875034635071,5.24949652910521,4.972416090268851,4.688720820734952,4.40145887980727,4.113473965922425,5.401258639100652,5.161413536261228,4.908338855002351,4.645294540355683,4.375432130983557
2021-08-31,4.72630755362837,6.049521273238398,3.856953909756186,4.747393162248236,6.115965888034189,5.022353053068367,3.329416153138838,3.619261435445085,1.982869112679358,1.3950391108737306,4.416603490895647,4.28699768781125,4.146436651600727,3.9963369530218604,3.838141192050575,4.545007676965446,4.4508390284417265,4.341671685743012,4.218808774520166,4.083646210384943,5.303357270100352,5.029036196337275,4.747393162248234,4.461495546422603,4.174216984386101,5.457020663832855,5.220624252528613,4.97028066920811,4.709249181570681,4.440694002474228
2021-09-30,4.644170017787793,5.884608917395917,3.8455255855065764,4.663602165493964,5.9224724325462805,4.928941395287784,3.3026496622763006,3.5991349701021806,1.9635859611516275,1.384806430827596,4.352222768740052,4.228510025543911,4.0937391922011,3.949279464532667,3.7965310773586327,4.482134600338992,4.394528569167302,4.29187330233413,4.175405343071613,4.046459339665398,5.189366395410559,4.930607917311198,4.663602165493963,4.3913260548174184,4.1165890150713755,5.343784440699153,5.12362186270406,4.8887150598734355,4.642186091738382,4.387091400121406
2021-10-31,4.810365995871688,6.108855362236009,3.9354191809734345,4.802736498608525,6.1425358998418575,5.0567656106326515,3.373857767541504,3.652076223157404,2.019301902066563,1.4221616420700953,4.489397983593875,4.355770938766901,4.211120694170031,4.056900947982772,3.8945894483279235,4.614191676907922,4.514742382434387,4.400233179588644,4.272024380822048,4.131566042221922,5.361359471235776,5.085866495154924,4.802736498608523,4.515071223043888,4.22578077946441,5.509911626856469,5.270916480602332,5.017818004599739,4.753916896820779,4.482417591952251
2021-11-30,4.7744714200486325,6.016829377412165,3.908065885144475,4.732023705376326,6.049980840692257,4.982909649498454,3.325333197612987,3.6004254182533884,1.9799759621915445,1.3942123717692647,4.446577653171292,4.311210703487369,4.165125907603692,4.0097829661762505,3.8466613096544635,4.570512799164875,4.468988640292709,4.352700138997472,4.223022188583692,4.081414701366059,5.281690709249074,5.010638280163977,4.732023705376324,4.448901707356461,4.16413901941425,5.428431555914637,5.193456361744939,4.944539750658259,4.684930623826404,4.417784223820031
2021-12-31,4.852652664540786,6.203931747855271,3.960404941472211,4.868298095081152,6.23395362602239,5.117904332760618,3.4134550529771066,3.68602284559471,2.0388685717126913,1.4306975253564667,4.5328965800674474,4.399267061892602,4.254415807193111,4.0998027305001346,3.9369138510184394,4.655499975553,4.555394794406273,4.440078639607531,4.310922247959069,4.169387277167081,5.43864988938682,5.157239368551123,4.86829809508115,4.5749777857780884,4.280231311094261,5.585312306491068,5.339743589350921,5.080195076753311,4.810033050551635,4.532518185887684
2022-01-31,4.750324973577819,5.988687622241057,3.9113379149330934,4.74077954932,5.999470781563144,4.9933250892130605,3.3530624051450015,3.645219058738904,2.010575107022466,1.416350493551705,4.4419275555571005,4.312473100047496,4.1719237753444,4.021700256741976,3.8632508179994325,4.5713200061838,4.477588090780566,4.368689217503283,4.245927746045649,4.110703169612341,5.277697869208112,5.013383918219197,4.740779549319998,4.462920870989751,4.182671112234585,5.431116828611458,5.204942708394206,4.9639483745369715,4.71133195185133,4.450219687236671
2022-02-28,4.804267075317196,5.965186467636362,3.8951386143402753,4.680107476645414,5.989826353908204,4.929868270199213,3.2803963011660446,3.5584296299365583,2.021265174921474,1.4168723843509752,4.4483565774752805,4.304471943315709,4.150404766832384,3.9876736324669317,3.8178056302050636,4.575004878405326,4.465452162453617,4.341486139117651,4.204558461194785,4.056196306649991,5.228887347035664,4.958120484742204,4.6801074766454125,4.397884326878788,4.114295433130003,5.377404635852283,5.1431173603838065,4.895114866385349,4.636632981190634,4.370811499087805
2022-03-31,4.920779922061082,6.096623045385431,3.989603322755524,4.799159955722224,6.108808889732006,5.05662410936578,3.3750095456865594,3.6707319496326654,2.0542462048272645,1.4437990811866874,4.5623633758353455,4.416766907785738,4.260585493630301,4.095364707124055,3.9226616493321016,4.695987315328197,4.586800722046685,4.462638494715235,4.324962258512053,4.175315624968901,5.354779947210422,5.080869528099163,4.799159955722223,4.512751731270209,4.224556882248853,5.511256921959124,5.276036972294545,5.026287936941025,4.765296241535887,4.496261851590333
2022-04-30,4.722845318287948,5.809889243292462,3.829124584545498,4.634594032387524,5.797345852494166,4.894180418492582,3.302279578060406,3.622043465438642,2.0003533852971946,1.4202799454416155,4.4044059992044815,4.272098516239326,4.128989229958276,3.976519561319619,3.816153690837699,4.545076337337775,4.451764716571562,4.343289231807639,4.220955234842064,4.086164075567144,5.143871377740855,4.893696542044371,4.634594032387522,4.369506311264129,4.101224472626898,5.30788439869897,5.099160284018176,4.874756540315593,4.637724428547303,4.391075162104333
2022-05-31,4.6451967353730135,5.725299389318833,3.8192452292201975,4.596119165092666,5.70156602178031,4.855702950845612,3.2955306896986385,3.624932265299337,1.998287256593682,1.4148153768116773,4.351016433914424,4.226463454370273,4.090827530379055,3.9454921807835324,3.791871840224585,4.493855719033039,4.409269899473781,4.3093171111355995,4.195216324696111,4.06829109001688,5.088292594716434,4.846945776580738,4.596119165092664,4.3387009567255195,4.077443588177713,5.255057813405136,5.056241899362234,4.841213165062101,4.612934322975353,4.374346934094728
2022-06-30,4.417468026059665,5.385509252283883,3.8168730076672595,4.544033964843506,5.328516828773854,4.800997428494711,3.4164240188448174,3.7804301424769062,1.9103555332513524,1.3974843085696877,4.249585616810335,4.1641606326547125,4.06558603693677,3.9549636987310817,3.8334741738762514,4.397470786253584,4.355229769544521,4.296113818719534,4.220925608963649,4.130618816597145,4.932901164377921,4.7454714704651,4.544033964843504,4.331198738249704,4.109549997417129,5.104368035065444,4.962951080499866,4.801389060698478,4.6221533020136025,4.427814890572151
2022-07-31,4.530771831825997,5.603175885124476,3.8195430249911464,4.545767794801661,5.5400232923835455,4.8022186801013875,3.280949242734468,3.6322956521677985,1.972536343953886,1.3945950421943485,4.275330182850029,4.162194460927846,4.037116908841035,3.9014420970846926,3.7565629220739525,4.4247305264528105,4.353991137929912,4.267038748224956,4.164993614984425,4.049103200933107,5.013779900194271,4.785279656273749,4.545767794801659,4.298170989267724,4.045306836697148,5.188776916303756,5.005515495231377,4.804347998864263,4.58820867853607,4.36005132995955
2022-08-31,4.434385069126036,5.419780298641346,3.8224351757848125,4.547645274887087,5.329712096137372,4.803540945901832,3.391047019367592,3.7721856724522675,1.923092548250855,1.3929706093688485,4.254703171342437,4.164934807026145,4.061910615106336,3.946794363100576,3.820828460567711,4.409961605378963,4.365489384405133,4.303818559857796,4.225794946818454,4.132420973505191,4.9493806572502885,4.7555357160250855,4.547645274887085,4.328437637001063,4.10060813849188,5.1298448490959725,4.9843258774213215,4.8182378256672065,4.634161625612016,4.434781706921267
2022-09-30,4.268835468097643,5.07468117655508,3.8063825113914183,4.537228047502764,4.976963407988102,4.796205343224158,3.5914329189989282,4.010327788909279,1.8071340785306396,1.3812391154542594,4.218940600470785,4.170087490929472,4.106103136727045,4.027791727482748,3.93608335396811,4.378236826182605,4.377942085672622,4.359333324094639,4.322757410746736,4.268756984676806,4.816519414009249,4.686260163000361,4.537228047502762,4.371661319808909,4.191898509082431,4.998354187433182,4.919769010240653,4.816929827980621,4.6916671201904245,4.546048371109187
2022-10-31,4.347459764060089,5.193152380429335,3.7862811008056414,4.524158417938898,5.072415348941724,4.786994928628594,3.486898482566353,3.9180122094419576,1.8519813974835992,1.3866882674872305,4.23649460854842,4.167619968391008,4.084159295007148,3.9871243912580754,3.8776358040445973,4.40444892313742,4.386011247418011,4.3493041270216946,4.294899862976348,4.223558703836489,4.853172642284936,4.697341686585046,4.524158417938896,4.336138304331038,4.135848789355546,5.045518879429774,4.943381657029414,4.817715195554381,4.670679147097181,4.504634061271291
2022-11-30,4.580561551812085,5.54458581347466,3.823588014727772,4.548473337682209,5.462959985032398,4.804146611770329,3.288411870346949,3.6444257608509245,1.93382505295131,1.3885937343719736,4.323154171081846,4.206801182511838,4.077408969411611,3.936460186179729,3.7854989089057036,4.477493136521813,4.404606220585782,4.31405314401118,4.207071090386013,4.085050767986107,5.000193025071785,4.7811143760119625,4.548473337682207,4.305416164310211,4.055014702974799,5.178833424856714,5.006025830860556,4.812523135797222,4.601423552502452,4.375901668973477
2022-12-31,4.507501404882086,5.424712504267792,3.817360911174333,4.544432799503071,5.359040719569956,4.8013015050921215,3.353664578225722,3.7094353266811115,1.9002860200304534,1.3837865181046418,4.3006216298298305,4.199932597109872,4.085346027005044,3.9582127519991466,3.8199668131462663,4.451462762537877,4.393881920235294,4.3181256976555105,4.225257554598413,4.116512378789137,4.954286497069918,4.757043187286952,4.5444327995030696,4.319443136722066,4.08503922526515,5.128171512391758,4.976807168212145,4.8034231280847335,4.610878995361062,4.402160106530339
2023-01-31,4.737817881940424,5.777544837865289,3.858944220946355,4.571434684442153,5.72893322003051,4.8203202615234355,3.1753899251108333,3.482789518022018,1.9844849293437008,1.3882008332347777,4.385859669866657,4.2393888302893785,4.081134236493874,3.9128659092361544,3.736378924979367,4.5290848767341885,4.421202340533005,4.296527402150485,4.1567180325070465,4.0035511998891815,5.100842794157069,4.841536519412192,4.571434684442151,4.294052445049317,4.012741320337899,5.267653784272728,5.049394266071159,4.812890317192413,4.561804384698227,4.299777438727333
2023-02-28,4.591003728501143,5.5605158694905485,3.8418059696926474,4.56036056792557,5.480206704740598,4.812535573650716,3.279286463946599,3.6227485681391824,1.9318617555979964,1.3749975063283986,4.3337749080018115,4.216051380589858,4.084667652626972,3.941181341266328,3.7872205654028996,4.485444293567078,4.410068571507854,4.316287539266117,4.205420040486282,4.078953358871318,5.01678516891485,4.795780068442644,4.560360567925568,4.3138303885984906,4.059426534220189,5.19264669940104,5.016754122370074,4.819199258082827,4.603252278029315,4.372275416945092
2023-03-31,4.719541624252727,5.67326258693467,3.867792828533246,4.577186382840716,5.626665315491076,4.8243730634907855,3.2369930295825275,3.543752449403531,1.9634233039398907,1.3767351102031582,4.401942152983665,4.265125407763444,4.115508182057794,3.9548210735075866,3.7848396577205734,4.544009711228326,4.445686205800837,4.329651198232485,4.197496041000224,4.05095309723713,5.068579813999169,4.829383739802179,4.577186382840714,4.31543614672677,4.047471075753141,5.232379486827142,5.0340295802758055,4.815514328322337,4.5803611174109315,4.332133506010385
2023-04-30,4.753149810303572,5.7187840484166115,3.872273012643057,4.580078326448182,5.682503172785213,4.82640514370689,3.215110226207513,3.511570323344036,1.9706671556020197,1.3781559474233214,4.4149572928796825,4.271815477486383,4.116250710854891,3.9500448067465874,3.775014830959277,4.554280709332026,4.4485318633038045,4.325407491193457,4.186580898198068,4.0338554914989615,5.086769091327521,4.83957482797346,4.58007832644818,4.31178273459526,4.038060704927529,5.247513049318521,5.039978634247333,4.812968100422882,4.57010441534631,4.315022440969749
2023-05-31,4.669848357566531,5.583080169362325,3.8467457982002546,4.532229787432134,5.527504126690519,4.771533825480912,3.2242260204484148,3.52750785780593,1.9323436137082224,1.3675017078108251,4.364550492618349,4.231740735626433,4.086016378331836,3.9290738923323625,3.7626593975626847,4.5046103793424725,4.409830148447746,4.2973205682962625,4.168632757893901,4.025462435525619,5.006601305920239,4.776159070928444,4.532229787432132,4.2781912696423605,4.017328730584522,5.167493324774097,4.977370667843078,4.766785454748898,4.539170964659281,4.2980132900356836
2023-06-30,4.751997118705971,5.736440680608728,3.855096525793963,4.537596413240839,5.656179877575223,4.7753004830683015,3.1432960313656957,3.450959617889498,1.9757239233469337,1.3649159012169216,4.385429369053253,4.233918176638392,4.070674853956171,3.8975476650749634,3.7164049418290923,4.5307542660873015,4.418096982753441,4.288491590679296,4.143688912250055,3.9855585573037837,5.065168435691587,4.8069225128794475,4.537596413240837,4.260766895491384,3.9798479532509177,5.233213750986011,5.016199784707049,4.780533878689463,4.5299441713530175,4.268143722778751
2023-07-31,4.826374579991685,5.854221029844845,3.915435849542967,4.6172546691710945,5.776663686877503,4.862744933306848,3.1891201786724763,3.503836511946457,2.0244240126474797,1.382865162418061,4.45265710188604,4.298368780858688,4.132203525365635,3.9560411159573445,3.771780906355065,4.601221063254005,4.4866660639981175,4.354907902065815,4.207726132434379,4.047020698651345,5.160119484486367,4.89417067359377,4.617254669171093,4.333028681093644,4.044975972769868,5.332483009684789,5.108739257240055,4.866235299073316,4.608793316997338,4.340212391067183
2023-08-31,4.74067145898022,5.718049422782225,3.845908491716839,4.534874641774982,5.635792885125528,4.773149813269812,3.1495012945022736,3.46016672615556,1.996450644996643,1.3686631181188238,4.380715458622889,4.2312127719688,4.069847778002601,3.898453887868084,3.7188878221780555,4.526823467943771,4.416495882731805,4.289103793510094,4.146373486487416,3.9901537130565146,5.0568694573203645,4.801546025245678,4.53487464177498,4.260415572732082,3.981573717642641,5.2257196820308955,5.011971476914768,4.779315007305796,4.531447544178252,4.272060126734821
2023-09-30,4.563585849880216,5.4728084793677185,3.7022463430757564,4.390320431897809,5.379610956254803,4.608969614974168,3.0837922274409104,3.379416831799814,1.9458522469089954,1.341105297205553,4.23874883996374,4.101068898141728,3.9513788518598614,3.7914030799720124,3.6229007632401724,4.376762539851127,4.2762830779704375,4.158947643158596,4.026360795229823,3.880255865533246,4.873399969183219,4.637915676880619,4.390320431897807,4.133993870688695,3.872195898261894,5.0322460854149,4.836210919878938,4.621057760766531,4.390257772487845,4.147304985165416
2023-10-31,4.504263359942201,5.361188955134736,3.654120487956601,4.324447579702552,5.2783073682423,4.547131431125123,3.0541479511272684,3.352371973218108,1.922669411784365,1.3278248268516177,4.187954870475584,4.053313471529471,3.9067045130688216,3.7498212615373667,3.5843937509988435,4.326428840281382,4.229241463326122,4.115274712629459,3.9860918351383416,3.843386832516475,4.789769585480064,4.563327109591951,4.32444757970255,4.076424392470073,3.822447327559566,4.948320552172044,4.761548034274791,4.5554431081304925,4.333360876759301,4.098696247419656
2023-11-30,4.769862896246993,5.754308837089955,3.8695902839357528,4.563098054366593,5.684740636409891,4.814425026054851,3.1672910073173988,3.4883613707628465,2.0063780498045736,1.3737088352756417,4.407362196211434,4.2567818358761285,4.094249684365659,3.921615283952959,3.7407517014696325,4.5576587925587,4.447494866732833,4.32007420147338,4.177127591051997,4.020511104147503,5.088855290338329,4.831716814558222,4.563098054366591,4.286597577813669,4.005657574108044,5.262531166366332,5.048299164769919,4.81485765373702,4.565931813992216,4.3052446686033585
2023-12-31,4.9314119858713825,6.027552825091795,4.000648304089973,4.713923562009571,5.9470333554086725,4.96678534525137,3.226270766712872,3.548198873284022,2.071778364331411,1.4137918916001833,4.536473887283526,4.374991946351106,4.201703723667153,4.0185591522894955,3.8275209553725884,4.689166099410423,4.568389395585888,4.430283997345299,4.27670849548981,4.109637960061358,5.2864353472308165,5.005367133479694,4.713923562009569,4.415911167386776,4.114934292185114,5.464536677547098,5.226768928948097,4.970470434789577,4.6996502686851,4.418270093610548
2024-01-31,4.87021291294653,5.911673477490221,3.9510000556754927,4.6232986595225425,5.816843604226455,4.858054737967039,3.164245901484582,3.470523316270751,2.0639439413301637,1.4043574243865786,4.4709013446372206,4.308772038281953,4.1352432923305384,3.9522570054791912,3.761762331348881,4.617635219100231,4.494369387395379,4.354301090950503,4.1993045726068114,4.031361286967319,5.184803939435453,4.909139245518355,4.623298659522541,4.331015535611788,4.035824923086471,5.355109754825603,5.120709514402009,4.86828629450131,4.601780504415736,4.32508186651892
2024-02-29,4.88615803234082,5.965370788037799,4.003512522373977,4.6821822006537825,5.838321337472242,4.9052471986223924,3.2161055371379357,3.5251361913259305,2.0866420652294297,1.4181393619062421,4.503130207338131,4.345483239472086,4.1758994837267105,3.996297625739897,3.808613883824621,4.650017163378032,4.5314878817642965,4.395689193506508,4.2444526733485155,4.079727736948986,5.243262935079856,4.968076715626886,4.682182200653781,4.389340717398597,4.093123383147834,5.414439815748489,5.180849397453004,4.928700449082221,4.661948929162442,4.384509898969532
2024-03-31,5.0772254565551505,6.173411888272466,4.05670500894521,4.76488463129674,6.073962803409193,4.98868934118356,3.217558088475208,3.502788299742697,2.1448975855348524,1.4577314164181714,4.627003060078761,4.44822327898682,4.258489306795832,4.059888775074036,3.854497394743237,4.768456803799118,4.626315866081096,4.467699886956357,4.294697557099678,4.109482974373643,5.371973784050859,5.0729306493276205,4.764884631296738,4.4517611306618745,4.137241497288633,5.536321475204417,5.276120273861821,4.999021213484327,4.709249853919481,4.410925394417773
2024-04-30,5.026728532173192,6.027001120777051,3.9749788373541985,4.619477203711639,5.951470745325343,4.8420605824716505,3.0974898193874028,3.3675185428431376,2.108195109654574,1.4327874039339248,4.542990498144546,4.355281676670417,4.157856194009467,3.9528365820483318,3.74231094291477,4.680014513414978,4.527245358178898,4.359216296450265,4.178101024688531,3.9861321281995687,5.222652165244649,4.925022052319031,4.619477203711638,4.309854624543805,3.999734025946049,5.380270495475379,5.119541370186468,4.8432165141312975,4.5554590327726965,4.260304116216803
2024-05-31,5.165053900580864,6.224393171429734,4.04434181222744,4.7074812889333435,6.1570647191288765,4.9312550214842465,3.11406148258729,3.375251884965389,2.151866539759525,1.4542303095360531,4.637791754223661,4.436511139687881,4.226186403959762,4.009034874910397,3.7872202166162485,4.7733878924916,4.606152360499276,4.42420005341313,4.229847052460083,4.02544697895768,5.350768579183961,5.032342148405487,4.707481288933342,4.380150651603371,4.054012046168989,5.5073247068169175,5.224847025932716,4.928088409328336,4.621414727145853,4.30901175704763
2024-06-30,5.153724749993908,6.227338234435012,4.035470857868049,4.709708627183073,6.147419076840567,4.923529729622056,3.1155348964633007,3.369964223750107,2.1641664757746906,1.4625426000188106,4.631329214662169,4.431512102661353,4.2225513028008095,4.006655591970975,3.7859824658720806,4.763815456395149,4.5972040200727395,4.415882510832993,4.222160033366681,4.0183837472976105,5.353300287923809,5.034723194120787,4.709708627183071,4.382223113815558,4.0559301963518735,5.506560426595331,5.2230562104648435,4.925394102902157,4.617945435439728,4.304898056953161
2024-07-31,5.328711732657192,6.4785872827595234,4.172489209312754,4.899727181807615,6.414046743552389,5.137074507908117,3.241234697612648,3.516127302377016,2.2158074860401906,1.4974415684053655,4.797460967922012,4.593309064573131,4.379418315245959,4.158063428790183,3.9314715101802933,4.939024476350528,4.770615227884089,4.586613316658799,4.389377733585827,4.181315767103969,5.569285280564604,5.237854831343469,4.899727181807613,4.559028892696095,4.219571316127426,5.733727986848845,5.440108670262179,5.13156723842377,4.812646473014332,4.487703172900206
2024-08-31,5.386567466728562,6.605324489449637,4.2177914208454625,4.99557797604148,6.551376436508585,5.247063239370557,3.304641272823213,3.591410302663181,2.2395314898061605,1.5166343882517745,4.862077459907544,4.659174385630401,4.4460289050861235,4.224926872079677,3.9981136502532024,5.008286306419111,4.842550018136937,4.660614035569006,4.464828532535329,4.257602819722375,5.678234288876564,5.340320239525796,4.995577976041478,4.648214784907108,4.3021165777246315,5.8490731901201265,5.550552637402921,5.23669572657015,4.912130871055828,4.581299981132024
2024-09-30,5.4701129378434725,6.741942842784166,4.2832092167786815,5.098901838197098,6.700466677855714,5.366471112250826,3.3729913818565467,3.673140338174005,2.28028192230441,1.5440653686232642,4.9450337133597575,4.741078965685846,4.526486532312622,4.30356892002951,4.074602100820448,5.09685334865366,4.9316956181394085,4.749788013852964,4.553492159576864,4.345236845969823,5.795677575672398,5.450774428198647,5.098901838197096,4.7443541117295105,4.391097532958655,5.973689280953517,5.669959863735926,5.350437153903563,5.019841511940119,4.682706506714791
2024-10-31,5.470943055132809,6.653639062899596,4.283859215428635,5.032118076294536,6.6109602893670045,5.294784546033878,3.3288130351274883,3.6240736773145903,2.263842616956993,1.5309726612420733,4.926128482925598,4.716671809698543,4.497186764943682,4.270010105729627,4.037430131861631,5.076969295062903,4.9057931702661115,4.718424030868887,4.517272602911478,4.304803392103977,5.7197676712341154,5.3793819532797515,5.032118076294534,4.682214100912746,4.333584362194079,5.89498089193629,5.595105631204291,5.279661818535294,4.953308485224023,4.620519859587316
2024-11-30,5.551915334886985,6.77276179155578,4.347262150411436,5.122210074147374,6.690814893550142,5.358740901185273,3.3884100899394536,3.6678493099557286,2.2972662474117973,1.5556407494179152,5.003622965172742,4.792334832258643,4.570724357213498,4.3411578973131455,4.105955430484292,5.147965807027297,4.973060935340727,4.7818385829599,4.576754439328114,4.360316042950238,5.822170931440405,5.475691153508485,5.122210074147373,4.7660416296651285,4.41117023500837,5.990220872373918,5.682242051300259,5.358810597097307,5.024679874902238,4.684405037527744
2024-12-31,5.4004484992406026,6.529149826778344,4.228660550435576,4.937967412354426,6.446609441434734,5.163154299947092,3.26653111871814,3.5339779036652366,2.2517935541860825,1.524847986651562,4.854073955565735,4.644937510409162,4.4261722852941165,4.200094646661256,3.9689679059068754,4.993285300478326,4.819052257722125,4.629344512267092,4.4265822956681244,4.213226886140419,5.6127511196220325,5.278734000507212,4.937967412354424,4.594610121906893,4.252503227221687,5.773805325946333,5.476652478693813,5.164639507978755,4.8423497474438655,4.514174515137537
2025-01-31,5.580961514675266,6.727083662748385,4.370005897459266,5.087663905428263,6.669056773393158,5.3413146040491,3.3655573398643654,3.655921688690842,2.3057462470709162,1.5613831543479655,5.011795022428519,4.794418561833588,4.567236536665034,4.332647400749898,4.092992013281396,5.161807287095313,4.9822146442392325,4.786584034528718,4.577413139906396,4.357243138089581,5.782903955584767,5.438760971476789,5.087663905428261,4.733897598889872,4.381419594370562,5.956099454144691,5.6518598099274255,5.332029359378122,5.001323223912541,4.664265807978803
2025-02-28,5.621094687740342,6.818549775904986,4.401430984788208,5.156839326131523,6.783658176228335,5.433100019499478,3.411317800699379,3.718745228572982,2.3264539041896013,1.5754057672144948,5.057466352384368,4.841180108096714,4.614707895480466,4.380455790798378,4.140777748685634,5.214400812272856,5.0379570135717975,4.844920851650564,4.637774864997152,4.419055688610456,5.861532344065246,5.512710152338553,5.1568393261315215,4.798262966582492,4.4409924257037625,6.043492719345036,5.736816518427027,5.414091279826829,5.080089604998265,4.739397072311205
2025-03-31,5.675947411593724,6.834225788338567,4.444381778500128,5.1686950256645945,6.861961215674869,5.495813710857726,3.4191605036224595,3.761670306275889,2.3282551620675473,1.57662552576808,5.095501364840109,4.8739773217263584,4.642528572947468,4.403596699694854,4.159563745963399,5.268076431298104,5.090715403035193,4.89652231881897,4.687997717921363,4.467698603652786,5.875008150054095,5.525384007590906,5.168695025664593,4.809294290309062,4.451202375732841,6.074146432145762,5.771217750527857,5.451561981611506,5.1199446629999255,4.780960315989968
2025-04-30,5.697799100624393,6.853983906769509,4.461492093574399,5.183638004081368,6.9078609501505035,5.532575269561918,3.429045482588218,3.786832160564505,2.3111654901851226,1.5650529054832374,5.113652707252591,4.890872217703671,4.65817605199031,4.418016641267695,4.172785753828028,5.292844903423242,5.116095315001872,4.922324264653719,4.714031841489012,4.493777768000636,5.891993118126058,5.541358193252829,5.1836380040813665,4.823198221654046,4.464071043878088,6.098627923320894,5.796670188906033,5.477675141895408,5.146413898277966,4.8074928483822275
2025-05-31,5.817365896767587,7.016311470477614,4.5551153165463045,5.306405629420581,7.0712465077105,5.663432404886902,3.5102578995714357,3.8763987700265083,2.3486783946524694,1.5875801817425506,5.225101789828235,4.998785949612949,4.762212719935106,4.5178819383884194,4.268234039693937,5.40814926273042,5.228913853858565,5.0321827989087495,4.820499031071717,4.596469147138916,6.031537199533322,5.6725979491933485,5.3064056294205795,4.937429306414702,4.569796675369128,6.243008135393606,5.933883495122442,5.6073202108039055,5.268202466976413,4.92124576461644
2025-06-30,5.9408591828196045,7.176866373399173,4.651813060640198,5.427832599172259,7.2333222583719685,5.793240502701289,3.5905834550526494,3.965247354194826,2.3989369285407616,1.6138266310637395,5.338616068450388,5.10821071490998,4.867246840333121,4.618274739837136,4.363785630432832,5.525700729377195,5.343454198090208,5.143265161482526,4.927724235878186,4.699488849145929,6.1695574219270295,5.802404531594653,5.427832599172257,5.050412956913831,4.674367754442846,6.385937327769894,6.069757634582337,5.735737615878692,5.38887313561037,5.033987582634778
2025-07-31,5.954363296138833,7.184967507146366,4.662387054868579,5.433959451137379,7.228653653932625,5.789501370479192,3.5946364491153022,3.9626880639075086,2.4164457855570904,1.6168056320593165,5.3489185241324515,5.117483998603121,4.8755257235302345,4.625601664747952,4.370209455688511,5.53342308745668,5.349362361930813,5.147450906998771,4.9302964009043535,4.700570324503746,6.176521521192033,5.808954194458656,5.433959451137377,5.05611378353005,4.67964410715615,6.389746666625643,6.072301460795314,5.737123811966427,5.389219400871482,5.033417907173712
2025-08-31,6.203212765465906,7.473862814253179,4.857241229311349,5.652449706365519,7.574552436481866,6.066535182235611,3.73917065889031,4.152306911697003,2.4621569141822266,1.647390224790773,5.569922164594297,5.328114493035618,5.075424933862082,4.814520928041919,4.548005508365253,5.7747371871328905,5.585890312863447,5.378169587015778,5.154268705425832,4.916954422816043,6.424868932637085,6.042522349681123,5.652449706365517,5.259411507953586,4.867804627039198,6.661318105310807,6.335022039989154,5.989727545778499,5.630623870175952,5.262731544215804
2025-09-30,6.463505653858187,7.724828255882055,5.0610558326462645,5.8422537704885205,7.877941112220063,6.309522222155358,3.864728571720144,4.318622071010024,2.52163243447824,1.6871843541517524,5.789635599932574,5.533823511615478,5.267123887986594,4.99233004678551,4.712159629558391,6.01374656750248,5.81601815100343,5.5987139543497815,5.364648420326475,5.1167099636075335,6.640610124194938,6.245424694523213,5.842253770488519,5.436017710743977,5.031261030822554,6.897937846354504,6.564152939601206,6.210247623546422,5.8415686526694515,5.463301074296441
2025-10-31,6.4716028999580555,7.714349405229611,5.067396140336357,5.856370737222038,7.85335565430105,6.3137377154996965,3.88864825912814,4.337870297241661,2.5438129479866673,1.7049955656465403,5.805462745114183,5.551683094789791,5.286722835221161,5.0133709332042224,4.734345838681596,6.0270612642978145,5.830758675238527,5.614697704316783,5.3816829132827415,5.134596701651885,6.646634535577761,6.255803228288484,5.856370737222036,5.453254946199077,5.051011271652679,6.900611127628518,6.57051296324601,6.219875103026659,5.854020607379993,5.478122824295999
2025-11-30,6.648106755818548,7.895450868584606,5.205602234215779,5.972739393615361,8.083403401335998,6.47582468980534,3.9518969512866686,4.433525968087202,2.5720861456110726,1.7210769760616378,5.944625498475799,5.678650850065953,5.401810952225953,5.116989340238738,4.82698537160403,6.181998347719403,5.977604433447157,5.753169877264884,5.511597898870211,5.255865535599229,6.788291811513262,6.38461982197514,5.97273939361536,5.557681191347892,5.144092547983923,7.059660102478782,6.721017608231368,6.361461913659588,5.986445271309431,5.601263822625699
2025-12-31,6.7207538582366055,7.9524799382828455,5.262486386734203,6.035800468035062,8.169246841047132,6.566285586010782,4.006801721737097,4.510307173159236,2.5740622786417653,1.725861482303692,6.014874458115223,5.7474408925114755,5.468849471031255,5.182010702726014,4.889753245030545,6.261404484640741,6.058205369249343,5.834421330620167,5.592960022841211,5.336811476101597,6.850907701831937,6.447770896246577,6.0358004680350605,5.620067126518154,5.205267112551479,7.132033020677769,6.796703954369767,6.439521330040817,6.065946469818026,5.681304370764425
2026-01-31,6.879793895790839,8.176667647002729,5.387017957184314,6.205955223246097,8.424923025808834,6.77179325144837,4.119757139954108,4.651468060150977,2.6689959651134734,1.790087425141831,6.165379174157277,5.893855671597463,5.610642889197266,5.318712962545845,5.020959249537404,6.423913178678791,6.220064686618725,5.994755363737582,5.7509278482656505,5.491618422143676,7.044041078117667,6.629539475959887,6.205955223246095,5.778501977247007,5.352008370158456,7.339738237350406,6.996754812602654,6.63105947539248,6.248257320524491,5.853819764366101
2026-02-28,7.201163034585545,8.556550776280837,5.638656501564419,6.494280222150844,8.895505696894347,7.150038672390894,4.311158613238311,4.91128055428408,2.741653409501707,1.8380518481450498,6.452909295900261,6.16857406487225,5.872018719125847,5.566354664133548,5.254610561405555,6.7416092635905285,6.533367019154961,6.30219054838655,6.051117219305674,5.783293780307121,7.371303048768971,6.937543948016858,6.494280222150842,6.046967751866206,5.600659504746726,7.701428727325589,7.348118211265912,6.970289316706078,6.573775124658182,6.1642890153524625
2026-03-31,6.835629759312844,8.069471784952215,5.35243654386377,6.124595340623668,8.321494649727606,6.688659485476914,4.065747250213999,4.594364418208928,2.7073150088517166,1.8126551671257758,6.113424161626885,5.84024515812235,5.555854551390314,5.2632169018879145,4.965210911313103,6.371557744890879,6.165750986116476,5.938905439089163,5.6939739300046535,5.433995331826056,6.951693915644353,6.542626416776916,6.124595340623666,5.702745993568418,5.281843704587024,7.245459903225784,6.907480243302157,6.547008399624927,6.169574723508201,5.780579575738624
2026-04-30,7.017752286815537,8.415267082534593,5.49504217143425,6.387048240246161,8.64970585715216,6.952469425660188,4.239973806517747,4.775572477159987,2.8114258106771035,1.8823614932331458,6.306032918580295,6.033713719666595,5.748907739585693,5.45463283656358,5.153836969547354,6.565779387833985,6.361590188485463,6.1351402385633875,5.889402933463506,5.627455895184753,7.249589878394295,6.822992902843401,6.387048240246159,5.9471216851174,5.50818277166415,7.5485303322516915,7.194057239715263,6.816397044799229,6.421328784519656,6.014488699938144
2026-05-31,7.130207384262435,8.541009769962951,5.583096790293396,6.482484855933612,8.772167957577839,7.050902138063656,4.303328385264736,4.843184792069458,2.821639092810738,1.8891996921764962,6.405035906256724,6.127788422902487,5.837919760782434,5.538498231751739,5.232519874915378,6.6673155399386,6.458781323816909,6.22772663731169,5.97718165726126,5.710280101252797,7.357914772318893,6.924943495200565,6.482484855933611,6.035984825860985,5.590487195013126,7.65954605353391,7.29929554807168,6.915576165869997,6.5142560315846305,6.101056605714598
2026-06-30,7.006754653635404,8.453001237943209,5.486430801918638,6.415687838791996,8.619629689539527,6.928294772877636,4.258985898347328,4.758967182061937,2.7696648442293066,1.8544008638389802,6.307608261279616,6.038873483297529,5.757303123456296,5.4658987320634544,5.167599086695795,6.551727633664965,6.346760329531251,6.119666439802747,5.8734240462903085,5.6111128827015895,7.282097123670896,6.853587282323302,6.415687838791994,5.973788647876779,5.5328815272338225,7.564340742465203,7.203396714079175,6.819819222653868,6.41944086284034,6.007933174272579
2026-07-31,6.90381967227388,8.400105587674137,5.405830626765684,6.375540916935061,8.546063689687832,6.869163818232037,4.23233479275318,4.718350799268293,2.7923633293546604,1.8695984031773563,6.2309023183314025,5.970528291470382,5.696999866427582,5.413257212359132,5.12218840238481,6.467577331679145,6.269149764164924,6.048600201357295,5.808833110500801,5.55286088880042,7.236528543726759,6.810700153152297,6.375540916935059,5.936406962223988,5.4982588697886685,7.511838589756077,7.151759504894046,6.769378737980553,6.370499878235304,5.960761411865405
