Date,US Equity,International Equity,US Bonds,US Treasuries,US Corporate Bonds,US Municipal Bonds,Gold,Silver,US REIT,Commodities,Digital Assets,EM Bonds,Currency,Preferred Stock,Volatility,Gold/Precious Metals,International Bonds,Money Market,World Equity
1985-02-28,0.012862097213514176,-0.0438906277765263,,0.06674145945042831,-0.012012848305851542,-0.010867757748810436,,,,,,,,,,-0.06262131771028107,,,-0.03455705494572048
1985-03-31,-0.008636885424297651,0.05835882741609644,,-0.02206331178953813,0.012619058359754343,0.006359310847509884,,,,,,,,,,0.16917742939955338,,,0.13783754781916102
1985-04-30,-0.00154800574758966,0.024764771623052573,,-0.022668242349469365,0.019722398569748778,0.023467034250345797,,,,,,,,,,-0.04294846620257331,,,-0.0021772490648083176
1985-05-31,0.042945705100949194,0.06367444375839271,,-0.09672456391827922,0.04178490585933914,0.023405720040380922,,,,,,,,,,-0.0014861119655214527,,,-0.004539535102061454
1985-06-30,0.013296598817047398,0.0025415859557254006,,-0.005471483159528241,0.014704850354005084,0.01024179466022268,,,,,,,,,,-0.02325121576896,,,-0.02873911985520905
1985-07-31,0.0058229849460774774,0.09584150179951423,,0.029127949681032383,-0.002005110757480466,0.0014970112664204709,,,,,,,,,,-0.02720327438112391,,,0.03751488772832934
1985-08-31,-0.003963760134673344,0.010230873301248389,,-0.02401499484982224,0.018453163187193766,-0.002454990545652939,,,,,,,,,,-0.15201465731911906,,,-0.013461375217359517
1985-09-30,-0.039472990374036336,0.040546768168266745,,0.0034931461446547165,0.004910918756680371,-0.00390201662886606,,,,,,,,,,0.018708450809432675,,,0.002685252585875042
1985-10-31,0.03776910592886609,0.04858046645033465,,-0.02775184146196663,0.013777990217183067,0.022768176707777643,,,,,,,,,,-0.06513161572345211,,,0.010358464158472969
1985-11-30,0.048728605081851624,0.01083072199156554,,-0.0416842652755961,0.024098960928983983,0.020374707178051715,,,,,,,,,,0.06388915098689762,,,0.0862575365142686
1985-12-31,0.031961891559074446,-0.06660566222121811,,-0.06176905172368319,0.025709775866888586,0.01283193116761446,,,,,,,,,,-0.02855969605483366,,,-0.023730376536537146
1986-01-31,0.017016377819597892,0.04464555548474536,,0.0070505028396747145,0.00548132719875929,0.033150190649856436,,,,,,,,,,0.12430423510996606,,,0.11984536347041097
1986-02-28,0.06238924302500054,0.055744996529907054,,-0.09729038504099959,0.03812749665784021,0.02284610720159967,,,,,,,,,,-0.04816257837335073,,,0.06308618179658843
1986-03-31,0.04445038628740193,0.08164948955919038,,-0.09413591157216288,0.014422498312789633,0.008530010498751425,,,,,,,,,,-0.01021150027954302,,,0.03819467854263686
1986-04-30,-0.00183968965547236,0.06263648797863408,,-3.418759846751662e-05,0.007832753108302493,0.0012547009638568991,,,,,,,,,,-0.006894137011156561,,,0.019909366223631153
1986-05-31,0.028799901744370447,-0.012558138638669503,,0.07252867165536836,-0.005157818932050473,-0.007941091962372767,,,,,,,,,,-0.03207602862797073,,,-0.060576537626919225
1986-06-30,0.007702439477469645,0.0322523563410928,,-0.04870511967410665,0.01717860322410756,0.008594300819951236,,,,,,,,,,-0.021493282146983022,,,0.016375702784687418
1986-07-31,-0.058714762112945976,-0.002783093085437116,,-0.0019444802716873932,0.0037630873655406295,0.0051869212429940985,,,,,,,,,,0.0005502090163418775,,,-0.008889834454219814
1986-08-31,0.052989322262970075,0.05937624457342294,,-0.03199742575494405,0.01889163995227099,0.025620874428416762,,,,,,,,,,0.13605821627054304,,,0.09912234464747394
1986-09-30,-0.0690086030036344,-0.022049513984584657,,0.04510169966900965,-0.00465351577731421,0.00015153600938633272,,,,,,,,,,0.08108926641508825,,,0.06529545216413518
1986-10-31,0.021613880679375322,0.03230589337656253,,-0.007182167974418618,0.015573529364511129,0.020149395651267648,,,,,,,,,,-0.05832837156802776,,,-0.03614793245172793
1986-11-30,-0.00804331402888369,0.04610594510629196,,-0.012346675128792645,0.013385679496819592,0.01182064504650097,,,,,,,,,,0.06908456618079128,,,0.025854070631210924
1986-12-31,-0.05532075574192502,-0.10955753988562744,,0.01246473582672536,0.006723182727896182,-0.0005216023896543372,,,,,,,,,,-0.0015998598379361277,,,0.01397487325844654
1987-01-31,0.11024177177080106,0.05899039065745537,0.013021061452557214,-0.003309466792465965,0.012683533725755546,0.021604557639541982,,,,,,,,,,0.11381907562243569,,,0.09537675997130524
1987-02-28,0.04859267369722442,0.04129069417756992,0.0054734880949465214,0.0030576376627864388,0.01036479036600233,0.0060546886985390165,,,,,,,,,,0.0859561020061798,,,0.05409173788377086
1987-03-31,0.016235829394870744,0.044337306833847734,-0.006435791341202868,0.029770194797290817,-0.0019727597238961446,-0.0038482389622026547,,,,,,,,,,0.2714010262617362,,,0.15520606181365715
1987-04-30,-0.014982441438419399,0.050011303559532205,-0.03184983238184602,0.06029721417291081,-0.03298081261128873,-0.04690599940777063,,,,,,,,,,0.07769991726325598,,,0.061065164558527174
1987-05-31,0.006370902345391329,0.0414076705297326,-0.003970247320685294,0.021275579945317424,-0.0070781844689124405,-0.002793543448665966,,,,,,,,,,-0.07882449957554945,,,-0.040894855000267016
1987-06-30,0.03490157193385134,0.02946106057015685,0.01425461087729607,-0.007648723164746046,0.014425767926579037,0.022467175705529696,,,,,,,,,,-0.028645891593022627,,,-0.001739992613048802
1987-07-31,0.037859099753354185,0.05151994805471394,-0.0011016014338309787,0.02266136925773668,-0.0019090264342903173,0.008699339171465223,,,,,,,,,,0.19658789001761953,,,0.1317193302771139
1987-08-31,0.0354991695797015,0.0382777876232141,-0.007641744214744506,0.02324403276143755,-0.002828431075644411,0.0015730080420850074,,,,,,,,,,-0.024750525228958303,,,0.017546961248020854
1987-09-30,-0.018253212257040893,-0.005204744623883428,-0.022451436760797416,0.04537611052793192,-0.024531831756265145,-0.02973299787776229,,,,,,,,,,-0.005261812099464043,,,0.024815613297553663
1987-10-31,-0.22377859910151388,-0.17735911160108664,0.035029858569962435,-0.04705766007846776,0.01252083673804325,0.0059984465885832465,,,,,,,,,,-0.2658989443571423,,,-0.34194759769682337
1987-11-30,-0.06333451235788569,-0.0038543833893885937,0.006991168547932247,0.008038041020984099,0.017985815313109787,0.005785408822139552,,,,,,,,,,0.15833783676222257,,,0.0333721468607493
1987-12-31,0.02999199580820992,-0.347746849388349,0.016395263335933663,-0.007527407219749982,0.015647535854160476,0.013986955815996183,,,,,,,,,,-0.048809278635415544,,,-0.03509685408014451
1988-01-31,0.0459277834020618,-0.007671463495899311,0.030985506673854246,-0.03639385990396518,0.033581916631745964,0.029430799505535694,,,,,,,,,,-0.13273124995343466,,,-0.09074275259590797
1988-02-29,0.05218651398190427,0.04206776665787593,0.011900570393947651,-0.0048722415109368755,0.018372259224105524,0.008209798585785633,,,,,,,,,,0.030984822057273338,,,0.011252336873627644
1988-03-31,-0.0021484321895428008,0.03523618513807225,-0.011406815681661575,0.03286939317601542,-0.008669286106887598,-0.010201000750743483,,,,,,,,,,0.04196710546922078,,,0.09029929846780804
1988-04-30,0.012243472667044245,0.038755184895507666,-0.005471997490737346,0.023139478457598978,-0.0017687773588189292,0.006182723709038014,,,,,,,,,,-0.010873854338888026,,,0.008067780051199236
1988-05-31,-0.0007274423984205326,-0.01052350559306059,-0.009586388784178834,0.022547044291182622,-0.0044655717132271455,-0.00038390510549801693,,,,,,,,,,0.005564595051945657,,,0.022518229700020376
1988-06-30,0.05156843052876622,-0.004520511099679103,0.026870479223202404,-0.020807399040981,0.021964932254791725,0.013632935831712878,,,,,,,,,,-0.022789556582952453,,,0.0014251237863482924
1988-07-31,-0.005671320260836189,-0.007840655566652477,-0.004711364712742916,0.02403793009027616,-0.0007249678402867276,0.0049677214977179585,,,,,,,,,,-0.01190455687398743,,,-0.0049377120390174944
1988-08-31,-0.025905436143724356,-0.03523186302115966,0.0018335038703130024,0.012471786322973966,0.0036457237283678,0.002120832661774911,,,,,,,,,,-0.06585603951557499,,,-0.05110224364773058
1988-09-30,0.03626332238556516,0.024689057337365483,0.021902203447681234,-0.018946461556966276,0.01788667615896018,0.01571740961601753,,,,,,,,,,-0.03172893736449748,,,-0.022925836959716506
1988-10-31,0.010648843675372426,0.0426607448379861,0.014667529589190709,-0.013713887889067855,0.015125282667113372,0.01590326300914713,,,,,,,,,,0.02038423468308929,,,0.06917813692553565
1988-11-30,-0.019743849044508006,0.03511596202758027,-0.008512817014126983,0.032734130411090606,-0.004454838332549893,-0.006846905111670483,,,,,,,,,,0.05149726437038512,,,0.01649686823140517
1988-12-31,-0.002939269184374687,-0.12013691904784707,0.004609655384104183,0.009985492169547971,0.004228254087340488,0.01146653531112792,,,,,,,,,,-0.04230842095430606,,,-0.03926580721756889
1989-01-31,0.06137861737033861,0.027591153662047896,0.00876020119092158,-0.004527931958053011,0.014724336568239061,0.014860185624972452,,,,,,,,,,0.031145091888512406,,,0.04874360614088946
1989-02-28,-0.014265923390908071,-0.005852332052694864,-0.006114340346980218,0.02220552678461138,-0.0028394385153825306,-0.00653416083512363,,,,,,,,,,0.05280510863620721,,,0.011906804983151054
1989-03-31,0.02317616762897683,-0.028801150405101006,0.0025901603500435577,0.003732803195938106,0.0027644881831151214,-0.00044254306925028963,,,,,,,,,,-0.0020428913196308316,,,0.007238433012760559
1989-04-30,0.0458427332097344,0.03716955881828632,0.01985586773745318,-0.01885063004565496,0.013018858496640329,0.019193308244328078,,,,,,,,,,-0.026740853897660972,,,0.008359069053559487
1989-05-31,0.037976741528443804,-0.026189123881357856,0.025457635651127797,-0.02387010745164278,0.02224098915437924,0.017055724927849496,,,,,,,,,,-0.037329355964598264,,,-0.04715355784789155
1989-06-30,-0.009165809478832733,-0.0014902638754122899,0.02932760024128589,-0.033230689223259974,0.02640761686551074,0.01149916784149596,,,,,,,,,,0.04957259159038937,,,0.059281275810053824
1989-07-31,0.062346458945490596,0.09946381442617636,0.02191413378165885,-0.02212364504507852,0.01616897439121954,0.011157182314203817,,,,,,,,,,0.03908112982521428,,,0.05265497044418321
1989-08-31,0.022253192293818214,-0.005206737535780048,-0.016002245889184974,0.0394657248276262,-0.008685365871970196,-0.006408441640723961,,,,,,,,,,0.02696855650327749,,,0.01907132317261362
1989-09-30,-0.007482281554783342,0.07560960871746203,0.004811473215153406,0.00551714295622957,0.0005847085584241407,-0.0008022267830815055,,,,,,,,,,0.04072124500752169,,,0.028433855375569306
1989-10-31,-0.0331878729320187,-0.04596986779837242,0.024695601187159077,-0.026685019155765016,0.011543656976954187,0.009721001554028033,,,,,,,,,,0.03680335070583666,,,-0.014557779887054312
1989-11-30,0.009925194124802486,0.0337293653623183,0.007546368443573481,-0.004886996205418631,0.006643549195720766,0.010060595604278818,,,,,,,,,,0.15930175085258277,,,0.06627144081950032
1989-12-31,-0.009511202438952666,0.05032884231377133,0.007435668783753124,0.00916322848815701,0.0007263783499201315,0.0074707726520473194,,,,,,,,,,0.0007198723748992331,,,0.0034066710165874814
1990-01-31,-0.06874662634435078,-0.004317029329467648,-0.01889912988254472,0.037251194414916006,-0.015585807471855784,-0.005895155150914951,,,,,,,,,,0.08835587267111282,,,0.046797170002495725
1990-02-28,0.016404776878658812,-0.042118405558664085,0.00751942876275935,0.0066147248830411565,-0.001062330225767938,0.010170683566125124,,,,,,,,,-0.13288646522578618,-0.1076049954923823,,,-0.04583212432359307
1990-03-31,0.023180139186212045,-0.0031022611806708067,0.0007982512744220127,0.012070052008193527,0.004110648047226673,-0.00010990853209843128,,,,,,,,,-0.10277399965461287,-0.030994551357501694,,,-0.014077928704991693
1990-04-30,-0.02840388630241895,-0.008594692971924611,-0.009025158703977021,0.026455064722651966,-0.007630912320569316,-0.008509043231754795,,,,,,,,,-0.010643643656610746,-0.09893109928630765,,,-0.05962303573135158
1990-05-31,0.08136059013169407,0.07169033954325887,0.028649747437532458,-0.025865877627953504,0.026832256567489797,0.02376676061750242,,,,,,,,,-0.11014342049747017,0.05741477605127887,,,0.07507793023380238
1990-06-30,-4.909798496118074e-05,0.021224045113237278,0.01608061079745826,-0.010293623294684029,0.015570078590574576,0.006820314520708637,,,,,,,,,-0.10765692279125583,-0.06322349993158634,,,-0.018218840283609095
1990-07-31,-0.0169910304315467,0.028722341388354316,0.01269006879639667,-0.006623827478529493,0.015431529636218766,0.014031158134001872,,,,,,,,,0.361935523248488,0.06013674401952115,,,0.06754726229548835
1990-08-31,-0.09820180401687856,-0.10403167560816247,-0.012077239603496603,0.032646179155970984,-0.023065024025176517,-0.014267257936183922,,,,,,,,,0.4163902773109547,0.008331094795693642,,,-0.04464198525791219
1990-09-30,-0.06483849245763747,-0.12661742794514017,0.0073061874912043745,5.704902296047032e-05,-0.008903172426842288,0.0010038006060953582,,,,,,,,,-0.026421371848082464,-0.007747940098288682,,,-0.08551696317035484
1990-10-31,-0.025862851016366404,0.1250599196545886,0.014963287478578113,-0.011211604077458442,-0.001984265143548147,0.01615451973535283,,,,,,,,,0.03194779408026083,-0.12370271839432519,,,-0.010916058084779967
1990-11-30,0.06600517366255437,-0.04221643992479188,0.02234732413899132,-0.02057024985648473,0.02106002566193519,0.014388988617335471,,,,,,,,,-0.2623169383474335,-0.034085591273254646,,,-0.015006789424432287
1990-12-31,0.02235712325634586,0.006591388237015734,0.014626570662148897,-0.011715849487434538,0.015612796763408321,0.00501931942232529,,,,,,,,,0.19043318332185422,0.07762499694133333,,,-0.016492925360235722
1991-01-31,0.062418383117262256,0.021729444347792375,0.011214040810407333,-0.0022929043722753617,0.010376384323787801,0.013626501040362152,,,,,,,,,-0.20735403667069463,-0.12184132841320365,,,-0.04188744277480788
1991-02-28,0.07661205734986598,0.09046466708500393,0.007869476968120459,0.0016544190048498886,0.02334033187861575,0.006013033317871989,,,,,,,,,0.015303667965536727,0.10066992302517204,,,0.09457856256309605
1991-03-31,0.032310278861250534,-0.056727037755194054,0.006933611437684339,0.005455473068175731,0.016031500412822818,0.0013613866889711963,,,,,,,,,-0.2048987506012685,-0.01968562518847587,,,-0.015764753187587577
1991-04-30,0.0027856765219365087,0.019942981812783717,0.009995921098444827,-0.00216266790770428,0.016667392069954802,0.013510640454325115,,,,,,,,,0.0805687605431018,-0.002167339106508052,,,2.311627332329813e-07
1991-05-31,0.040668570330717704,0.005023240974328491,0.0067747956393453546,0.0046877124036480144,0.006091724091538175,0.007697038140571951,,,,,,,,,-0.12664470915181225,0.06533761071996087,,,0.030628394375806334
1991-06-30,-0.04836093374177779,-0.06612768350155533,-0.0005632903742611717,0.015309756093939947,0.004357443178853093,-0.001989976700912832,,,,,,,,,0.2272441219419563,0.07371719416334306,,,-0.0028584388052418364
1991-07-31,0.04463534482134957,0.04861997250222094,0.013224679646559379,-0.0032613621225397182,0.015855679011316414,0.011016363038118296,,,,,,,,,-0.22352936585289707,-0.017420011906117455,,,0.04479150422855971
1991-08-31,0.028203145989819906,-0.011472261932675884,0.020480617328738404,-0.02567606083718571,0.020463028007938755,0.011641397103902365,,,,,,,,,-0.04743084667681574,-0.10579761928955693,,,-0.03456684669850202
1991-09-30,-0.00201033711133038,0.048810000393364694,0.020244311115246605,-0.025564579826694106,0.019086134005454225,0.010859915431120193,,,,,,,,,0.0961272710688652,0.04048337599858254,,,0.03807013626626521
1991-10-31,0.014999979289218299,0.007547416498842348,0.009598444978116794,-0.0038170232359386325,0.013225452598235288,0.008634733328077035,,,,,,,,,-0.023343900967091935,0.040584444888005354,,,0.03750645058666657
1991-11-30,-0.0399696133519021,-0.041909868344449173,0.007518796992481258,-0.004690606425263051,0.010092974541939314,-0.004167794500111473,,,,,,,,,0.30878558320389726,0.03751885257424029,,,-0.012574804071086909
1991-12-31,0.07653638710932906,0.05333257840655955,0.030552287400526623,-0.020774320357588267,0.029248223614837476,0.020823293185524783,,,,,,,,,-0.04689046160943133,-0.05506166948541295,,,0.011253295266712315
1992-01-31,0.01705317970145719,-0.014916342160908794,-0.013556302638581541,0.02781637123706328,-0.0024470857812923575,-4.72320326068143e-05,,,,,,,,,-0.09891247541362358,0.04925316972441007,,,0.012937935666826328
1992-02-29,0.02102193071609239,-0.023820749441545292,0.006399397112382799,0.005504713272426853,0.01018472007079314,0.0018569282781878045,,,,,,,,,-0.04137927178962253,-0.05036593482306173,,,-0.03338795426391711
1992-03-31,-0.02719064183469061,-0.05694017925383436,-0.004970895237237261,0.014976447879357146,-0.00025452698681893704,-0.0008090171968140695,,,,,,,,,-0.029976018636213686,-0.058349672687752485,,,-0.03051356558896906
1992-04-30,0.0051755999121866954,0.007671784955966062,0.007172836540185523,0.005358772048418892,0.005389223103588314,0.008222761132080944,,,,,,,,,-0.04017308775925443,-0.057662892220246675,,,-0.03782180759233639
1992-05-31,0.01144899885435126,0.061967246148200004,0.018547688333951262,-0.007825472999528904,0.01921408105248177,0.01192983192249882,,,,,,,,,-0.10753381229932846,0.07784908099814551,,,0.05535201892618302
1992-06-30,-0.022136865099431163,-0.032394158493641356,0.013200076417700712,-0.006478233763240378,0.013849881853169243,0.014375365632667206,,,,,,,,,-0.03679648541418401,-0.023635773839031444,,,-0.006533221159995883
1992-07-31,0.02951069756372359,-0.030701879509608936,0.019184127976982657,-0.014594553356392315,0.025528228149125632,0.028358471315350704,,,,,,,,,-0.013483168541749913,0.02014557921081987,,,0.013503372044605388
1992-08-31,-0.020811424797545438,0.05046263239854665,0.009833884808140958,-0.0048577925653833605,0.009836179412864654,-0.012353822844521467,,,,,,,,,0.031131347383217545,-0.044205655379276454,,,-0.04308276869113037
1992-09-30,0.012894851933553901,-0.02175437698863984,0.01267630684839216,-0.008253953275093984,0.010962322612852349,0.0039117360821325775,,,,,,,,,0.05154637799689343,-0.040048451979981525,,,-0.036273222726164345
1992-10-31,0.007271497795768951,-0.046496759252908006,-0.012151876475592793,0.02687134193197699,-0.017148846465151312,-0.011431806334820624,,,,,,,,,0.1309523753870545,-0.06982014109542005,,,-0.05097309629639524
1992-11-30,0.04110257133803192,0.0023050879897277645,-0.00011769332804478783,0.011165172606049545,0.005365389058980407,0.011917727438704118,,,,,,,,,-0.1944272113818286,-0.03483522859558508,,,-0.03518386776009197
1992-12-31,-0.00327318180524955,0.008279921703542784,0.01484199591166524,-0.005399622401803379,0.015438262180046892,0.010130276178271558,,,,,,,,,-0.033820178809899515,0.012863978735162615,,,0.009171771725886901
1993-01-31,0.01744758180579329,0.00143675714324402,0.017858395880319344,-0.013331246147044026,0.022779130112472946,0.009070140892952697,,,,,,,,,-0.011933144166426435,0.012724081313370772,,,0.008358708608451781
1993-02-28,0.002920613022719102,0.025338688548902494,0.019852977181160636,-0.01618745648232739,0.021724566903183362,0.03058011917047813,,,,,,,,,0.05958130165639863,0.10185717855694865,,,0.04183838185118249
1993-03-31,0.024713481293238453,0.08097387462212602,0.0036794195157547893,0.003036063549716935,0.00824817359658172,-0.00975618259255743,,,,,,,,,-0.047872349676721826,0.14124877216858125,,,0.09541719562187811
1993-04-30,-0.01855204551405097,0.08489559498427342,0.00743635107246865,0.0021240700465046114,0.007765110483173609,0.010079013896099331,,,,,,,,,-0.008778903353668488,0.12767990774582283,,,0.07558836656063006
1993-05-31,0.03215438846165439,0.02633107002884875,0.0014062358063970937,0.01084297610690523,0.004286048533590403,0.004257219952885564,,,,,,,,,0.08454107763968532,0.13657732739440687,,,0.09943441736906211
1993-06-30,0.005342856758756925,-0.022030985065678983,0.018064252013029414,-0.014757721507709135,0.02150036473762542,0.011360790673018206,,,,,,,,,-0.1640682995052717,0.010113547224914568,,,-0.004701686240572545
1993-07-31,0.0053574215888840815,0.02794102669246897,0.006092103823041928,0.004143398182841392,0.008262765167878073,-0.003390281514521032,,,,,,,,,0.04174061312618327,0.07981600640373025,,,0.06925300706678339
1993-08-31,0.042120378867812225,0.05688452191707749,0.016933246853997774,-0.0226026740523525,0.020448121768357818,0.01741433349721544,,,,,,,,,0.010230250973268129,-0.09365775320668275,,,-0.016445223472833892
1993-09-30,0.004800037617217469,-0.015349325241079423,0.003975875191600142,-0.0010453973707526172,0.0035410796213040997,0.010417506786781031,,,,,,,,,0.09620247704220297,-0.07643206403254987,,,-0.04144529466410174
1993-10-31,0.017545843945484734,0.028155574302283142,0.0031143874373074087,-0.0004944398734625192,0.010704144849715425,0.0009803058747489175,,,,,,,,,-0.11778289144954246,0.12567147450979213,,,0.10005702013162376
1993-11-30,-0.019435910490658365,-0.0728149839953723,-0.009680543922286122,0.027073403767007637,-0.007673105328408658,-0.0042518213362820285,,,,,,,,,0.20069809625469803,-0.00357178995718214,,,-0.051763163746314456
1993-12-31,0.009300519832226711,0.07258382695846266,0.004895524531960627,-0.0014613348560365373,0.006720914758801611,0.009947263788172936,,,,,,,,,-0.15261630425426065,0.10187599458359616,,,0.13241851150378303
1994-01-31,0.0344202249415794,0.078038182227264,0.013936146862704835,-0.005961219223641345,0.01705002500682329,0.006887042302363773,,,,,,,,,-0.08833617036451302,0.00010268602398955107,,,0.019880147266629844
1994-02-28,-0.022006526267318593,-0.007975988766922478,-0.01879379964972805,0.034163018765590226,-0.01957909974178258,-0.01592983810336383,,,,,,,,,0.3988710936473179,-0.05250595424695729,,,-0.043129845172776404
1994-03-31,-0.04496897739097518,-0.038742808713278364,-0.0168785790601698,0.03469796727292886,-0.02802043225588018,-0.022024724410107648,,,,,,,,,0.375252247499972,-0.021474678141526482,,,-0.023744117803939757
1994-04-30,0.009063969048381623,0.042714602876567254,-0.007445605292959605,0.016482558199618674,-0.009784802876653842,0.004764659035352207,,,,,,,,,-0.3266503694846614,-0.04160111347800547,,,0.0005176823569547628
1994-05-31,0.008287825508850849,-0.006868465648807202,-8.911492146446154e-05,0.008838893528802442,-0.0010467377547229261,0.009342191611474279,,,,,,,,,-0.05374006537343723,0.02904755006621988,,,0.013122572568293411
1994-06-30,-0.026183107301953282,-0.0036879023144760215,-0.0006798764500860477,0.011189135050054403,-0.0006756635134745004,-0.0035575536039175923,,,,,,,,,0.14888722746084393,-0.0012448467856494005,,,-0.023683858487996423
1994-07-31,0.028113486780970486,0.03235824788090649,0.01597560676616383,-0.00650734736155741,0.014804732499578366,0.012368326351217837,,,,,,,,,-0.2565130316694403,0.02343763711504569,,,0.032836547523027004
1994-08-31,0.04249224574125546,0.04844385886768793,0.0023177381707049824,0.004521461076900583,0.0027247750703740083,0.0028604774473669123,,,,,,,,,0.07547171104679595,0.06814771241850015,,,0.051127036451279584
1994-09-30,-0.01899076092326622,-0.021972117013617953,-0.012040388305636621,0.021851278163950067,-0.008797220070339739,-0.01034730849147499,,,,,,,,,0.19298240721892412,0.07998113752104248,,,0.030048263180307233
1994-10-31,0.011475227038299706,0.0170599406043406,-0.0007296842559758968,0.011165993977052147,-0.0015077818501351148,-0.011161331917349767,,,,,,,,,0.019607891588331983,-0.06829831612402504,,,-0.014176386212376269
1994-11-30,-0.03830689041279928,-0.051213601366904615,-0.004032647010725254,0.008976218459959181,-0.002208458553431525,-0.01064321504416347,,,,,,,,,0.09546698829594069,-0.10530767144461768,,,-0.07759285918746278
1994-12-31,-0.0004958125571436165,-0.015132523227169487,0.006302131744682304,0.0018506053511633258,0.006424041058039865,0.012123486219925761,,,,,,,,,-0.17241379516522393,0.034617041980571216,,,-0.050285055596197836
1995-01-31,0.012089684337740025,-0.04295763174325218,0.018528392568842127,-0.005072918638326707,0.015715538135939955,0.02064655296005073,,,,,,,,,-0.09393937795724838,-0.11006222665241468,,,-0.09106328166463973
1995-02-28,0.038088578848283976,-0.003977695259171288,0.021425177669082435,-0.012786403411329564,0.022166423222893705,0.021371779086369447,,,,,,,,,-0.017558531561636115,0.03123801045345524,,,0.02234698823983028
1995-03-31,0.02426213240294826,0.03697792509211382,0.006872807772499619,0.002555492499012361,0.008840124417596674,0.006356694909021909,,,,,,,,,0.13787233068587934,0.10262275476264437,,,0.04173926030356612
1995-04-30,0.02674784621789426,0.03916682658972701,0.012704702227442318,-0.0031727105929307275,0.015441185881196163,0.002219448262470262,,,,,,,,,-0.12116678380145995,-0.02560510773389531,,,0.028975754910248952
1995-05-31,0.032994378244397514,0.009232705707925337,0.03740873833423727,-0.02914129960928828,0.03730428768049525,0.022161359248389727,,,,,,,,,0.09361705374210438,0.0047400812244447295,,,-0.0053164559173478065
1995-06-30,0.032803514935393976,-0.01288688028899243,0.006781808667288318,-0.0010763382602580844,0.006079053970446324,-0.004544643614591022,,,,,,,,,-0.11439690454395746,0.002194884860570253,,,0.021725261047816802
1995-07-31,0.04211264049289261,0.04936503027750607,-0.001522150509511211,0.014079880862611934,0.0011298434882023533,0.008832052238507027,,,,,,,,,0.1854129732388765,0.01201492879325472,,,0.05463528679274454
1995-08-31,0.011649542466529512,-0.03213092931144854,0.010276116763446272,-0.005059799011683981,0.010418275189159809,0.008134229705333581,,,,,,,,,-0.14603405091023236,0.018802860837705177,,,-0.007117838305947255
1995-09-30,0.029974680986067002,0.007378376149117849,0.009017132579746864,-0.003619299182008262,0.011211751570014038,0.0035554310639602793,,,,,,,,,0.10590271396493733,0.00035071511589164955,,,0.007235071194863774
1995-10-31,-0.01613307117396253,-0.029398741489511847,0.013383035798033571,-0.004320844996309063,0.014762221990178093,0.010690464956863396,,,,,,,,,0.08555731335717476,-0.12021192137563952,,,-0.05424272311727735
1995-11-30,0.03962626484548032,0.015741777326830287,0.01416770204028365,-0.011476422851562048,0.014381831550999369,0.013165355298645265,,,,,,,,,-0.16268980566972147,0.07482949373052021,,,0.029055657534787893
1995-12-31,0.0011155353378811616,0.039545195216002596,0.011911683911494256,-0.005357102913742973,0.015758844280366092,0.008090853516062793,,,,,,,,,0.08117448534116911,-0.006518274957556709,,,-0.009370292930825308
1996-01-31,0.022270214945614444,0.030340684324713464,0.0074663700837658276,-2.5204949107182628e-05,0.006866244453983894,0.0075747808991693715,,,,,,,,,0.0007986641247539339,0.20751341604439819,,,0.10571541949219332
1996-02-29,0.0153696310631565,0.0006724849240266507,-0.015345720344159264,0.0316167744067242,-0.01665918700826563,-0.0027731420782318716,,,,,,,,,0.359936255280886,0.021703443278263235,,,0.002072971429356807
1996-03-31,0.012971910330046436,0.017573910399250447,-0.007370991484021465,0.015418091534315134,-0.007455245993519388,-0.0091884038129052,,,,,,,,,0.10798111187673687,-0.004126213009499631,,,-0.004131446301237407
1996-04-30,0.027379991836218337,0.03272886373862884,-0.005306943131144659,0.015887290951473048,-0.005488973801581576,-0.0013363252366632716,,,,,,,,,-0.16154657694045704,0.008706890326788286,,,0.029511155094234742
1996-05-31,0.022516628567553435,-0.004915494323214716,-0.001459101843198381,0.013094047738010095,-0.0007724688154219228,0.0012159178219491122,,,,,,,,,0.015161072158866862,0.043335466123693135,,,0.018402941398439954
1996-06-30,-0.010405524376465261,0.001733074772306405,0.011835244206891563,-0.0020453035758277727,0.010036204892785606,0.007271932292324997,,,0.01789813920221328,,,,,,-0.14872429589517677,-0.14074352294664894,,,-0.06095607462027308
1996-07-31,-0.048511851930372225,-0.03852030412740951,0.002739248027266402,0.006744325717821779,0.0039027561376339115,0.008375482973222178,,,0.0019571216197953323,,,,,,0.42251452122483,0.0042404623356231035,,,-0.0393488645825365
1996-08-31,0.03173392695243262,0.008141102767764844,-0.0003454887279242813,0.008923909250989737,0.0016674755282316545,0.0002283844848168052,,,0.038085990859165975,,,,,,-0.12589922769039086,0.031089018329674922,,,0.04220117922884836
1996-09-30,0.04907373252254796,0.019814410458531013,0.015350746413244668,-0.007367233806874318,0.01904400389552876,0.00912742791707899,,,0.022674588205744195,,,,,,-0.0035273054165224638,-0.03977768587096472,,,-0.004205172766098386
1996-10-31,0.014297814733866345,-0.01066328121339836,0.020857575147002743,-0.012026385101666833,0.019888661642520723,0.009112089381332344,,,0.025998139386352426,,,,,,0.06843656608844562,-0.011110144093092078,,,0.005298030525382802
1996-11-30,0.06053312242059532,0.03476894380794212,0.016034902569960135,-0.012347658162448816,0.020498733814714055,0.013337208238764608,,,0.045248952726477665,,,,,,-0.05356163379413026,-0.028916773922345707,,,0.005805428467281659
1996-12-31,-0.00885857160760028,-0.010641617899924651,-0.008526812984684459,0.021723136346785743,-0.006141526857419022,-0.0021750313603485414,,,0.11310544010780621,,,,,,0.2205368040402853,-0.0374088133084014,,,-0.007532711108909407
1997-01-31,0.0451006497438458,-0.01985741445056163,0.0027386505963520325,0.007628431985671258,0.003540415661292573,0.001279664289783396,,,0.0015849088501309616,,,,,,-0.06931169969652917,-0.04241164476560155,,,-0.008014788987963262
1997-02-28,-0.0019980282224754697,0.017579074066807938,0.0013025188282642652,0.003969295783684101,0.005168753347096056,0.006937397971645239,,,-0.0031646472088419086,,,,,,0.08371859915769053,0.12219680100878179,,,0.08057560971430833
1997-03-31,-0.04114875997188628,-0.0045078445338271,-0.008337181328063418,0.021121693770959404,-0.014337727302999915,-0.008098803722160652,,,0.0038346284314052514,,,,,,0.0492890516292146,-0.12001875761905045,,,-0.06180066300651271
1997-04-30,0.03746940269012019,-0.009254609669319855,0.013351950873256099,-0.0051633464632241015,0.013991687579351408,0.006517635284472985,,,-0.031001387040535566,,,,,,-0.09394760528668122,-0.06578604412867654,,,-0.03153034857678322
1997-05-31,0.07128232729540902,0.06444488632898558,0.008330786607477844,0.0008718386960786898,0.011533923974418459,0.011156784514105697,,,0.029532179730237917,,,,,,-0.04336983823762508,0.03709717262924498,,,0.04709897294157084
1997-06-30,0.04218568062812016,0.045281582274799774,0.010794111257658686,-0.004332325143445707,0.01354614524609179,0.007787350566426321,,,0.052252897265692155,,,,,,0.1219385141983167,-0.07001341107664416,,,-0.009954955666231946
1997-07-31,0.07262933673711863,-0.003067401864091316,0.02512712440862286,-0.022284686643986345,0.029959001054440205,0.01793308059717817,,,0.02846110765804255,,,,,,-0.0023223939997454313,-0.017103038532795562,,,0.018824033638067006
1997-08-31,-0.026202365873122732,-0.07896280957011179,-0.007544459298733819,0.0203825467537798,-0.00879947880049443,-0.004634923691062516,,,-0.007479425891538716,,,,,,0.15270022144069473,0.007036288122240035,,,-0.040383029061478726
1997-09-30,0.05732505903832002,0.033304760289609714,0.013317146437954008,-0.008550130122427816,0.016249342560881442,0.008025200908855057,,,0.09242326381583599,,,,,,-0.07471730066107807,0.05090306117123015,,,0.06343749316082214
1997-10-31,-0.033430531278804305,-0.08297189903708455,0.013343280818616762,-0.013552251827508946,0.010877041699801016,0.003517047945101067,,,-0.02797224159621048,,,,,,0.5316455864818184,-0.1482821529742969,,,-0.11176423828264576
1997-11-30,0.023312471860245758,-0.03362760739516689,0.0022093577835099834,0.00416355635336807,0.0035959665006842557,0.004805662765484886,,,0.017265698233619897,,,,,,-0.21829580547457428,-0.1972407231990705,,,-0.09041935230262349
1997-12-31,0.012513704443190636,-0.023508400710764005,0.009344472108280266,-0.0036751169153770302,0.011357801783782494,0.011356126001011472,,,0.022354472332402953,,,,,,-0.12468100759184553,0.026287869770762955,,,0.03475984156320355
1998-01-31,0.0036566274571974357,0.03833871883612905,0.014150456755494126,-0.01168332621498902,0.013134000538831847,0.007410943132972821,,,-0.012711450683001724,,,,,,-0.10578929159992068,0.08188092208155551,,,0.04809888609913626
1998-02-28,0.0690356240776145,0.07257512948703389,-0.0014346481012175911,0.010913977372171332,0.0005700411341668321,0.001091962576374154,,,-0.016452288601041865,,,,,,-0.13600373403261756,-0.043964648412937644,,,0.003503913645009682
1998-03-31,0.047800494175397695,0.029782026292098855,0.003105896694067948,0.004320273759846338,0.004785672610471048,0.0013081012281542421,,,0.025585859522762933,,,,,,0.3056603940428204,0.04722891337655177,,,0.059315130749637235
1998-04-30,0.010939235999768619,0.0042288493468137,0.004776468064633906,0.0029054955078245217,0.005460696778345131,-0.004013085473175286,,,-0.03359573911727065,,,,,,-0.12551606500263224,0.10090679480654652,,,0.05641593959494118
1998-05-31,-0.026705962921245,-0.0207769179891906,0.008833028893457643,-0.0046806341620853065,0.009274263120442106,0.013271776699723162,,,-0.008875655178198993,,,,,,0.006609980530275283,-0.13731336699918864,,,-0.08088813275360335
1998-06-30,0.018796413172449296,-0.018103735128879084,0.007682092166295969,-0.004865643264081676,0.007264301067202927,0.0027585108103013547,,,-0.00023003295793444511,,,,,,-0.07551597717622938,-0.12248901601138122,,,-0.03950258052938216
1998-07-31,-0.03251744824354475,0.0007959522648083624,0.003255600184375614,0.006285551320239095,0.0015436283775724703,0.002891543276068257,,,-0.06904438050128203,,,,,,0.25824456565285914,-0.05130275146739305,,,-0.026582521623081667
1998-08-31,-0.15864464798339686,-0.14503354005543567,0.019304446241074674,-0.0287369575626108,-0.005512984202827864,0.011695395251824095,,,-0.0920939644255121,,,,,,0.7854838766739101,-0.24207872604049133,,,-0.17406130781227874
1998-09-30,0.06593195368210754,-0.007830894683585363,0.02339852565375951,-0.03870425798177105,0.020888440970444178,0.00888895482143015,,,0.059714648296482986,,,,,,-0.0752032093079994,0.4860078251685305,,,0.1895788107887959
1998-10-31,0.06563782031161614,0.10747253091013372,-0.0032621176730736425,0.009400293421567008,-0.01353508740436531,0.0006578717219447953,,,-0.01810350512007486,,,,,,-0.3150183464112083,-0.018586727831966576,,,0.041356493421794926
1998-11-30,0.055082344196075717,0.05072425534815413,0.001273742957978774,0.013356536519610237,0.018165208312694324,0.0028489932825127204,,,0.015802830969626758,,,,,,-0.07272723934635261,-0.038963999707174235,,,0.023003380187462064
1998-12-31,0.05737752725704419,0.00596034367540104,0.004486728883584812,-0.0009088256533088535,0.0033212676456354285,0.003981826355265857,,,-0.01804045092279405,,,,,,-0.06113033981531202,-0.046914051487126573,,,0.00595791959227332
1999-01-31,0.02042023708696814,-0.009973068742534832,0.006527834058921507,0.005039733628614762,0.011010781302261342,0.009379221504936123,,,-0.024367624055433246,,,,,,0.07493857158020867,0.008709660497851898,,,0.01384982623677422
1999-02-28,-0.04312630612310317,-0.0029394620300966035,-0.01800129143730404,0.04697065152357094,-0.018114125837869775,-0.002105120855692144,,,-0.015726900370443553,,,,,,0.06209520612444197,-0.04152119161737485,,,-0.039924941296609284
1999-03-31,0.027039406347250102,0.06826238083742117,0.006814386261704941,-0.001180054903450578,0.00658911321165454,-0.0005045180931103251,,,-0.004445949707077679,,,,,,-0.1657101531906119,0.017588288971041515,,,0.0401687101705227
1999-04-30,0.05820501564894534,0.08087879951253692,0.0034749014280968105,0.0106287213842724,0.004669450405767206,0.0032113657427056777,,,0.09551119209242454,,,,,,0.07781596939517277,0.13657824832249088,,,0.11246659290040084
1999-05-31,-0.008463809171524542,-0.0346789379924496,-0.008868465001343973,0.018177300822231807,-0.01192861094240214,-0.00419781963975215,,,0.02092380726365728,,,,,,0.012764248054230487,-0.1350023627882073,,,-0.07432359388514054
1999-06-30,0.05031753660900163,0.06705059917631306,-0.0023987545826792043,0.011300330533321135,-0.00483493729846971,-0.013168739745012389,,,-0.018639369510222603,,,,,,-0.1693579889889114,0.024673127469689932,,,0.08282518015424667
1999-07-31,-0.022350221280345937,0.031990322922864314,-0.0027328515652101557,0.00854381715023341,-0.0034769938085226658,0.004554667824342736,,,-0.029126049741680093,,,,,,0.16832618356453333,-0.049012976265851806,,,2.649466687715263e-05
1999-08-31,-0.012880259325210364,0.004193511960240981,1.0518263383607618e-05,0.0026707571759687077,-0.003147763500171519,-0.00456811791923258,,,-0.010000452568071139,,,,,,-0.0077109834178326064,0.07167650537820514,,,0.003432461935562847
1999-09-30,-0.018335799575622515,0.002922138447199518,0.010598322369050006,-0.0013998068557465326,0.007502697319863838,0.00047723078421620563,,,-0.04117134500006381,,,,,,0.03926376501091133,0.18813039156792466,,,0.10072322830077679
1999-10-31,0.038896619156401996,0.02573491228841017,0.0027866709954738056,0.011888946772195763,0.002071332154666328,-0.006058492791109445,,,-0.022483162434677184,,,,,,-0.1263281819657146,-0.08114492869580725,,,-0.025463487302063104
1999-11-30,0.04153659548965156,0.041923926945550236,0.0010241084847437687,0.011652700761759801,0.004198385100630952,0.008994516831783761,,,-0.014999699188998683,,,,,,0.08918916550407174,-0.03808824582323093,,,0.07191503413155131
1999-12-31,0.07894230959313528,0.08338218811490072,-0.004614035748541874,0.015014371056336406,-0.0011135294942967277,-0.0030223172501557447,,,0.03190326193616877,,,,,,0.019023948662820755,0.005761661382967742,,,0.11252883595397112
2000-01-31,-0.034791670735085725,-0.034280082927337197,-0.0022482790100845085,0.016533641135636306,-0.0012638441720383975,-0.004298789815389041,,,0.006091779905099459,,,,,,0.01258122487702873,-0.10106337601110667,,,-0.04567355442154902
2000-02-29,0.044880119225486514,0.02791704920897535,0.009104279519582,-0.010243899561100703,0.007115264842714675,0.010323024538974638,,,-0.01513618792286231,,,,,,-0.06332664831229085,0.02771925696873767,,,0.03564784100253665
2000-03-31,0.04820113402609798,0.029570405547547154,0.013641580503459538,-0.014628017679251148,0.006693235433164024,0.014665935127939086,,,0.03493715860875435,,,,,,0.0316645162406608,-0.056456415013093474,,,-0.02416263987066236
2000-04-30,-0.040948645504405586,-0.06026531171129888,-0.005395290511746438,0.013184415122099466,-0.00513035442903167,-0.00276935663605804,,,0.06726880475410169,,,,,,0.08668602653168556,-0.0739354673588158,,,-0.06821475327360305
2000-05-31,-0.025756305919639785,-0.026810028172221154,2.661913182229932e-05,0.0029665971930373605,-0.006856532712686425,-0.002646668726028293,,,0.010348363422493456,,,,,,-0.09732828512036606,0.016072314384050213,,,-0.01211228700231215
2000-06-30,0.040840482703679994,0.057296242577674045,0.019994518490269897,-0.01027918342208787,0.023202719222639657,0.02008363566909817,,,0.02485041532147725,,,,,,-0.17378430314149595,0.0589870970746984,,,0.07141178760232358
2000-07-31,-0.013350116304737786,-0.0433798708937044,0.008043530307951352,0.0011531100325858727,0.011049036617691054,0.010279575967605759,,,0.07561193359546736,,,,,,0.06141242576080175,-0.06684793815930401,,,-0.021186030186150673
2000-08-31,0.07734312802270704,0.014160796593965144,0.011975199859113939,-0.008230552723277107,0.012582183710824469,0.011087893834285842,,,-0.027489669350283685,,,,,,-0.18804241376903408,0.06516816407339558,,,0.08939133304060098
2000-09-30,-0.03472330839291626,-0.04596890547747989,0.0057191953141894625,0.00458747846143361,0.0027394604020585913,-0.0025377972330817844,,,0.030232931026479615,,,,,,0.2214964078645285,-0.04372744108861193,,,-0.05813561956825686
2000-10-31,-0.015569525048434387,-0.04233642238972013,0.006871920773957374,0.00154076452857832,-0.001760608693130794,0.0086894809484388,,,-0.051399234815813655,,,,,,0.1487603068225778,-0.1220875031274938,,,-0.041496250754612274
2000-11-30,-0.0832506820718292,-0.03832265208673383,0.015214930004503302,-0.016402463178191218,0.004254637173515552,0.0057874193075820495,,,0.01897595298042798,,,,,,0.25476092558474606,0.04350284788981925,,,0.00595250900659583
2000-12-31,0.03098444390357847,0.03357567860431496,0.012714071130367877,-0.016205551827634113,0.020513222428387445,0.019707060241310748,,,0.06891059010915568,,,,,,-0.09443505136879127,0.07637947831289986,,,0.07511842484913223
2001-01-31,0.03834634824036843,0.024718913733234066,0.017710850428592162,0.004618888023767105,0.02496990053388908,0.01077408225234063,,,0.004466776313196474,,,,,,-0.17988826275918546,0.024424841597702824,,,0.000950749960122732
2001-02-28,-0.07803994664930552,-0.058552703402647635,0.011716211112458352,-0.014733604070338505,0.008734267161495302,0.0036979542223168536,,,-0.015494167232643519,,,,,,0.2874659306137417,0.07798803466329285,,,-0.015668509478104387
2001-03-31,-0.06385981392977252,-0.07376306461028594,0.0050189730369266106,-8.081922686425319e-05,0.0002122075345611612,0.00516423015264685,,,0.00346840406281379,,,,,,0.01022924177342377,-0.10716580597034231,,,-0.11294625247062601
2001-04-30,0.08264911120542684,0.07762877889231964,-0.0018645207234729289,0.014803817265467126,-0.0074520710790851085,-0.010373574119348028,,,0.02756958229943307,,,,,,-0.11033519255430746,0.1504013259589881,,,0.13257910502413917
2001-05-31,0.013771846580487005,-0.020663097646740194,0.008535856838243983,0.004889831626301694,0.007507212340240178,0.009840264200414728,,,0.02217912632501573,,,,,,-0.11145997659380769,0.0211174142053611,,,0.037109507823195664
2001-06-30,-0.00513121399965814,-0.034149578616386164,0.003627729141823327,0.00020975502439564883,-0.0012732646936592454,0.004726654251039797,,,0.05488905753759954,,,,,,-0.15812720937364155,0.022291142784915913,,,-0.02105289581288039
2001-07-31,-0.018514701224916698,-0.03127625781821072,0.02054188206308477,-0.005946648185614152,0.022047206096380303,0.0094242007350999,,,-0.01910768262575646,,,,,,0.1343127725614781,-0.06585887337536012,,,-0.04073183903578781
2001-08-31,-0.04409055087612401,-0.015067855960047047,0.008908223470849852,-0.0040549994721996345,0.01061020104472494,0.012048204717264976,,,0.031243718495274297,,,,,,0.15263640652002675,0.04799519591953313,,,0.0037911728733724948
2001-09-30,-0.09893215287774958,-0.11392744793315752,0.009626178840320354,-0.009813662856811796,-0.005546508557348649,-0.004489608023455068,,,-0.04262532541381414,,,,,,0.2813001688370922,0.04442783950231388,,,-0.043857376869565035
2001-10-31,0.036536268440265925,0.028120788532892703,0.01851109791225941,-0.009068158369124224,0.021599439844105315,0.0059859034831306985,,,-0.04608899489582763,,,,,,0.05104920302337157,-0.011150966612403224,,,0.0271211161362086
2001-11-30,0.07124577056673194,0.03816015186100346,-0.014539537646492684,0.019214580052714553,-0.009105054940327015,-0.009825867898943777,,,0.061581966180753955,,,,,,-0.28963053703683284,0.02456784504028864,,,0.05321760380942231
2001-12-31,0.0267927640929394,0.005636604961985198,-0.011471299702552038,0.0102307334435071,-0.008707080154139304,-0.007230436592648844,,,0.015849031946937837,,,,,,-0.0016778907412465793,0.0418348469533892,,,0.030547288002699458
2002-01-31,-0.009404619688704402,-0.03609497265700527,0.0036980799858291453,0.0029687975491488544,0.006345278640127072,0.011016143962270278,,,-0.0012850904788647144,,,,,,-0.11386551140105661,0.12131777003565136,,,0.02946456758924515
2002-02-28,-0.017409741345771567,0.01416766946853039,0.007210393685313399,-0.002960542040855533,0.002377534209107482,0.007575360002248899,,,0.019657587729896637,,,,,,0.02370791827323182,0.13879655624319276,,,0.03252025269811959
2002-03-31,0.05141886764114156,0.05786974175919765,-0.016816547572687215,0.02041029792917838,-0.012227004107365158,-0.01565312246766896,,,0.06195827108628382,,,,,,-0.19407135268386655,0.11400729650543047,,,0.06641047516955156
2002-04-30,-0.027983925716732503,0.015531078004379644,0.015056438656936733,-0.003827319582083303,0.014519731491880017,0.013582903523134479,,,0.00507240451484936,,,,,,0.2591954211354621,0.077634301598132,,,0.008564936495413844
2002-05-31,-0.015801813542681467,0.021106547276446796,0.006856346221696492,0.0008878968910494494,0.004124360126032012,0.0038173016143215888,,,0.015127894234376438,,,,,,-0.08808764576069783,0.18808965165545252,,,0.07133344454890034
2002-06-30,-0.06474535853483464,-0.04394380893156014,-8.068132917230361e-05,-0.006012340890815815,-0.00807942026163748,0.006305869055842332,,,0.01954411686400744,,,,,,0.27127128130490896,-0.13301105956486872,,,-0.09585180472104005
2002-07-31,-0.09232192589567971,-0.08816428665673672,0.004979412157046622,-0.014455716737047672,-0.008487834932588145,0.007472779127260039,,,-0.05079579749850852,,,,,,0.26102359292674016,-0.16091628966072344,,,-0.14069588735356525
2002-08-31,0.005247439398401349,-0.004666012626562511,0.017981629640684664,0.0017701348447885883,0.0235877349053655,0.005993226972254018,,,0.0024013283947019737,0.07364330032142807,,,,,0.01904466542614558,0.15663119569589612,,,0.06740148746934094
2002-09-30,-0.08903786765144352,-0.0990177988539482,0.015974471220684627,-0.010509581644374036,0.008335877444716151,0.013809958753282761,,,-0.04027555673429525,0.06365413997915592,,,,,0.21599262772340633,0.04006540764281256,,,-0.05719078547770162
2002-10-31,0.06151136414175344,0.03691581291918458,-0.010349563237430368,0.008779439596919783,-0.012355955168626679,-0.01715147604531042,,,-0.046382743530846225,-0.028229452922199583,,,,,-0.21541948936493316,-0.09718132801376012,,,0.010556773052279256
2002-11-30,0.06362569450883916,0.03728288674618771,-0.0053085153005920805,0.014036883865885558,0.010561720094807036,-0.0034180731964831845,,,0.04695649422839213,0.001760314150724751,,,,,-0.11689144062277812,-0.003801292613454891,,,0.02458090668874846
2002-12-31,-0.050761236871504654,-0.023540740632981342,0.02284181009166919,-0.0037839794009347227,0.022678011936559987,0.01557454529644453,,,-0.0016295015854080515,0.01581781275508609,,,,,0.04072730324485074,0.3090187194045982,,,0.04008246430755885
2003-01-31,-0.025343831811731804,-0.027778375535149554,-0.0017445271853436012,0.00861593979015507,0.0013408616065065566,-0.006313528593956452,,,-0.03027554460291515,0.07871933817305865,,,,,0.08909850322453194,-0.0069942516771655345,,,-0.0030627355188076466
2003-02-28,-0.019470619970425967,-0.01808025589187838,0.017209242228414818,-0.0028751393516744848,0.013840042164888397,0.010314612294390272,,,0.018000298678413722,0.0721737995702818,,,,,-0.04940650984144779,-0.06796372347554676,,,-0.04029459935107338
2003-03-31,0.00712093787551302,-0.020001709491884127,-0.0024431515277685595,0.004784597950051835,0.0017431968006087484,-0.0009717303487781215,,,0.01966267614621664,-0.10022456875345986,,,,,-0.01619978251203935,-0.08180505716854221,,,-0.03775341476891936
2003-04-30,0.08062689835153192,0.08897368349920821,0.007198811353665719,0.003901774012153266,0.019693995664093158,0.00685771237197567,,,0.03931151183639595,-0.009144423685371716,,,,,-0.27238424143958695,0.006457092639390131,,,0.03744332757850105
2003-05-31,0.0709687981839011,0.07080048592149185,0.02535161153698105,-0.008794676334090618,0.022842540930719482,0.018657532593901755,,,0.057515368488090024,0.10234969646656311,,,,,-0.08203676785596736,0.07713048609953943,,,0.1055395538772822
2003-06-30,0.014470647284238325,0.038285674371190424,-0.002093126729979094,0.008983890597523053,0.001857504168452811,-0.0050064795692113155,,,0.02027794896940042,-0.03248900859311643,,,,,0.0025681122841583193,0.030814182442427136,,,0.026742624565427087
2003-07-31,0.028096586209551626,0.04071656906720922,-0.03402519954267707,0.03243555213909113,-0.038306543855774616,-0.02418801694303761,,,0.05291960043483949,-0.04183144044659237,,,,,-0.001536920386370988,0.05317461503980433,,,0.0385359379606377
2003-08-31,0.030642935572412492,0.04191104102237294,0.005346128719430886,0.0050954676131888255,0.008826109563668447,0.0071427155553212,,,0.006898610934364872,0.05848465111608281,,,,,-0.044125224240688765,0.11731566931751176,,,0.08532311482252741
2003-09-30,-0.010814259210697801,0.03067804499197722,0.02869575327887167,-0.004738390390749951,0.029997307753791835,0.02081494544186968,,,0.03196738243237355,0.03407074282315947,,,,,0.21953839703874634,0.005794071662060955,,,0.032191571978392175
2003-10-31,0.06264498314485806,0.06718404660450082,-0.008008755902341208,0.013489606585850569,-0.004422170457299572,-0.004618014169614548,,,0.016745189625361645,0.047547301609849546,,,,,-0.2913732012304078,0.07318906035707891,,,0.08925124141785434
2003-11-30,0.020850826840196054,0.015679585915814243,0.0019676483310005627,0.003289179411845237,0.005096303300068137,0.008133636309394602,,,0.04321070033114882,0.0021615874648579503,,,,,0.013664553300737792,0.10430892996769099,,,0.06507770307890859
2003-12-31,0.038236812038015676,0.07438539950946726,0.009090402312981138,0.0029056230792119755,0.013692089810789855,0.004691763804971938,,,0.03260574044716402,0.07279668706238462,,,,,0.12193626276532843,-0.02721773906539604,,,0.036337220648984925
2004-01-31,0.02322736131955192,0.024400444224598822,0.008497359961907393,0.0013943398237425038,0.01058382643736571,0.002718776606633999,,,0.042251093598475085,0.027066398560772642,,,,,-0.09175315970383702,-0.08629365503401631,,,-0.020359563438433426
2004-02-29,0.015308877202261666,0.02653202294446046,0.013307606413941539,-0.0003841037303044618,0.009673438767531635,0.013434950163478843,,,0.01690375816302055,0.08760734147588223,,,,,-0.12507510974136782,0.00986740067426554,,,0.021288182075036133
2004-03-31,-0.003944530028781261,0.017829627647293733,0.009807117723490459,-0.0017016579763006467,0.00865162183751806,-0.005789581818080147,,,0.05325223086936851,0.04542238985553704,,,,,0.15051543310479443,0.05053566099827552,,,0.008838086972854209
2004-04-30,-0.028248861646447434,-0.04122153354261529,-0.031124618979350854,0.02185630020987735,-0.025260733125535378,-0.018001515363422538,,,-0.1467666089194798,-0.0617052043025329,,,,,0.026881766373488825,-0.2156485960817347,,,-0.10089296971079265
2004-05-31,0.014642885018960073,0.0014538087825858674,0.00034429865089331054,0.005545810544508228,-0.007121324182152746,-0.00037113699585041476,,,0.0698000781707749,0.032542463094452856,,,,,-0.09831300067206572,0.08579200713080841,,,0.03458383253579689
2004-06-30,0.02683951591144162,0.027364104383856596,0.0034545015824340134,0.002786309994989744,0.006305110845526195,0.0027845608529946477,,,0.026779012458204576,-0.043137269742329454,,,,,-0.07483869983303937,-0.03984277029452887,,,0.00596113902959039
2004-07-31,-0.042147703171894514,-0.03431022326626761,0.009282788188710336,0.00029446883580304856,0.01123277906947536,0.009024012196421979,,,0.004346568170210396,0.027662690854534766,,,,,0.06834027418468835,-0.022114122585311462,,,-0.019164383464563728
2004-08-31,-0.0006068178205205075,0.013788321291942962,0.02078917331164116,-0.0020089081175215704,0.021758453796400696,0.015059460922657938,,,0.07978515103357824,0.004710801747441096,,,,,-0.001958207152009672,0.08847710079166693,,,0.01728806508946268
2004-09-30,0.026465710820558253,0.030229382477540256,0.002077494485379256,0.0030528814370006374,0.0063781971153732036,0.0037900594207249303,,,-0.004136494264866249,0.06791497516765221,,,,,-0.12753432401113052,0.09600960111391961,,,0.0657338746454944
2004-10-31,0.01829796857286522,0.030977420995907317,0.008423381332255274,0.0016066973268317464,0.011199004844106063,0.0052545252573539996,,,0.053902091126664387,0.027883669096382846,,,,,0.21964020027446374,0.00812815778196437,,,0.026036942976541466
2004-11-30,0.05615737650678962,0.07535462636204479,-0.007966454365750584,0.009639649436727007,-0.006802978503225952,-0.008494391833503867,,,0.041291673277498386,-0.013563772222560222,,,,,-0.18623236640412388,0.05450740191912007,,,0.08905992813640007
2004-12-31,0.03404865801296867,0.04288621107668782,0.010860600742086933,0.001321786088803567,0.013107700651155593,0.009478331325306103,-0.029255313077842793,,0.047186192570232266,-0.030364671098076612,,,,,0.003776449516557756,-0.0742525881090003,,,0.015361586128703086
2005-01-31,-0.026862850810019444,-0.009903931331804628,0.0032671476950116483,0.00540168369135872,0.00861077493310495,0.005367851893929447,-0.03607301470043256,,-0.08482227868050035,0.008081284754582807,,,,,-0.035364956236107914,-0.059412521700340205,,,-0.027624234920691992
2005-02-28,0.021874994636944017,0.05214605737037668,-0.006009170376744434,0.006575871073185848,-0.0020738247703309,-0.0032854982955675314,0.03136440839232002,,0.030579249488839,0.06613205067750338,,,,,-0.05772229241291804,0.07419613072500038,,,0.06256784226339207
2005-03-31,-0.018775743061355495,-0.03397335607489276,-0.00424944762564789,0.004572048072267003,-0.011017382053438643,-0.006511904664114536,-0.016524919536669624,,-0.01911420645585865,0.03490415101706823,,,,,0.16059607171441437,-0.04513043944644853,,,-0.027509413220435486
2005-04-30,-0.029443038824866877,-0.017780031158174822,0.01457414195236622,-5.2877881714328646e-05,0.010919501659772476,0.011168029491475218,0.012601908753259727,,0.05754693591658605,-0.0417438842150325,,,,,0.09201140654304907,-0.10411474519047241,,,-0.04352216093237243
2005-05-31,0.0439691989529895,0.002781143479550628,0.009446549750134838,0.001401972578700635,0.01351328339799587,0.006202067294053,-0.03964002011526896,,0.03437646183712134,-0.004482827238663667,,,,,-0.13193993483993938,0.022881530517555815,,,0.02975954133093628
2005-06-30,0.014826043934959142,0.020679846208820227,0.0056903974833636285,0.002153884218554993,0.009895618766900026,0.004737915499570329,0.042716676836653034,,0.04655450844487341,0.017658091020401834,,,,,-0.09405568123310304,0.08313914808681273,,,0.036246746151276876
2005-07-31,0.04529146109122365,0.042683107320217364,-0.013350764246656521,0.008954085428837808,-0.006559682595267464,-0.004036413006911839,-0.013694040253751039,,0.06930371644050703,0.0217813202131123,,,,,-0.03903656715265247,-0.016362408181697024,,,0.06267019668062579
2005-08-31,-0.009411664854474271,0.02979901701416611,0.016057092115993866,-0.00036423344033612026,0.012561466180342547,0.0077341915097635106,0.013067719714528914,,-0.039603318502623885,0.09592456827849305,,,,,0.08902339790953273,0.04657159188728192,,,0.03637015078032446
2005-09-30,0.007841266783512824,0.05200877333641641,-0.007666823559407043,0.007668588752237517,-0.01340609369541316,-0.004230653490931546,0.07681647718888396,,0.00554103774490361,0.03950136823073991,,,,,-0.0539682765546442,0.19179871552034392,,,0.0745888334756849
2005-10-31,-0.023755606447896507,-0.03903649706962509,-0.009052218137423717,0.005542588071866685,-0.00917450137394265,-0.004013649025709424,-0.006737623553553063,,-0.026599815120114362,-0.07753269530636209,,,,,0.28523486550071975,-0.05073401184125433,,,-0.05055825091226185
2005-11-30,0.04073161940570099,0.033132959257786435,0.003514651985365136,0.0014677969196283207,0.006351748931408811,0.003444332520832538,0.05782302785093241,,0.04351479683451842,-0.001226891606716074,,,,,-0.21279369061011755,0.11835140025629591,,,0.05783382647284552
2005-12-31,0.003115182293031852,0.0556237562815904,0.009075821933756667,0.00419997085001117,0.010973362055923364,0.00715979887689729,0.05160787576866921,,-0.002799166316736046,0.03987080654716846,,,,,0.0008291272686238305,0.10958551145874429,,,0.05305242190364756
2006-01-31,0.04656736360218581,0.07979853146139859,-0.00020877134015810926,0.0037588435970928404,-0.00021073606566958237,0.00267549178978251,0.09853942389543868,,0.07466038060968494,0.016150565680023377,,,,,0.07290804777884752,0.20176517697236748,,,0.11083180265378645
2006-02-28,-0.0005585617169262083,-0.008021494194435723,0.0008599242144384456,0.002122624953170995,0.00642415129748724,0.005015388126666465,-0.012070786156786417,,0.018279985411655097,-0.0662247834761891,,,,,-0.047104221286614956,-0.07568976039332338,,,-0.026493036177654916
2006-03-31,0.024402043592462133,0.03298352970349807,-0.011635892178926766,0.00470526881168352,-0.011918780550266702,-0.004739675049690288,0.03754927778750061,,0.04948430176747931,0.01147198501909058,,,,,-0.07698539688153139,0.08860996270532946,,,0.05832424410681558
2006-04-30,0.010923661095640238,0.052879647840131036,-0.0015036296223300606,0.004319443384275053,-0.0037095731573616206,0.00018679380855046723,0.11983204610695242,,-0.034835057537913244,0.06823111593174647,,,,,0.017559245235877707,0.09852192145873533,,,0.05836909120862388
2006-05-31,-0.03777318870312575,-0.05512107621500246,0.000659410121711157,0.003191983685992985,-0.001188357113288685,0.0041600219596251336,-0.01412383107886167,-0.08572255949278773,-0.0290030971194008,-0.007899130760930703,,,,,0.418464220674474,-0.09384504926978228,,,-0.04492869530353255
2006-06-30,-0.00016258794489819897,-0.0016394822545657435,0.0012356004536569376,0.004387291929289827,0.00042237976881157974,-0.0026515603007691846,-0.046484437070635654,-0.11791259818246047,0.049355582827216526,0.0006357074143773141,,,,,-0.20437959253047955,0.0016312057190206823,,,-0.005667683048665828
2006-07-31,-0.011681719484804847,0.009554512767211532,0.013908834862248897,0.002940989375573244,0.012620450983427864,0.009649629739039156,0.03233709748645375,0.02477780989321321,0.03636962978325259,0.020469411579834878,,,,,0.14296635294086757,-0.01148890620473575,,,-0.013769431874659843
2006-08-31,0.022252871223889636,0.022726970001626785,0.015624898805431364,0.002157877662850407,0.01818625321724375,0.012094392066272053,-0.014316943959225392,0.13079281958010758,0.03472916829787098,-0.048827865958442795,,,,,-0.17658859018930018,0.035563554067021906,,,0.02227643017331693
2006-09-30,0.017690145510636787,0.004845819589598177,0.0064275594686771685,0.0026078358190293935,0.011475762140237636,0.005973277459089303,-0.045100731730662535,-0.11287571890368242,0.01962144175943259,-0.08389202750440838,,,,,-0.02680754395869034,-0.08183661685704931,,,-0.020355842294194904
2006-10-31,0.03760731838027486,0.04213361114303966,0.004172278344995684,0.0028981157600327747,0.008678205616244019,0.004549034102639848,0.011598173018345204,0.07134742993479604,0.06187734752852336,-0.014942809308124638,,,,,-0.07345569235325122,0.05086634435443823,,,0.059180300346531656
2006-11-30,0.025119430434478618,0.044969227777251146,0.010678865047937447,0.001666543789235836,0.014577780308577593,0.006604439755988345,0.07011823198658251,0.13857196051284482,0.04692619553135635,0.05684495816030111,,,,,-0.017117164642156513,0.10634128066989401,,,0.0420349112010201
2006-12-31,0.007207784451744154,0.04238573689206252,-0.010187812066692937,0.0055152352248573995,-0.004517290458160381,-0.001159525496288542,-0.018243954806127283,-0.07903780491052137,-0.01934732936721581,-0.05569442433362018,,,,,0.059578421750278165,-0.015782588127886205,,,0.005360605722023182
2007-01-31,0.020312460948108055,0.005981141742529703,0.00018513615574660135,0.003512226366097058,0.00042096518585189716,-0.0011267380939658695,0.025462697365917553,0.05068403741688887,0.08872289261120397,-0.029718171280738753,,,,,-0.09861594307455512,-0.016394249380191,,,0.014937984331650278
2007-02-28,-0.00968959570260952,-0.0022980223533880825,0.016976654196036202,0.00013532708954134645,0.018471645416330926,0.009582471410067702,0.02529303600245092,0.04505772530891217,-0.027738416682718564,0.050002587423635225,,,,,0.47984644562290035,0.01664424086045435,,,-0.0020163663105959295
2007-03-31,0.009974662982076096,0.029656638474447605,0.0006611510029287171,0.003136691150356761,-0.00411876735750648,-0.0009395630152229661,-0.010454281609165561,-0.05472564697265625,-0.02390082409352806,0.020779021502578154,,,,,-0.0505836400202313,0.003205887891293798,,,0.0358030139123805
2007-04-30,0.03490050591576827,0.03375139381525353,0.0057467731574684985,0.0034702702018769758,0.008352464482081403,0.002900672954844974,0.020673270078648387,-0.001273232329473073,0.00027875179064318356,-0.0029330357123271145,,,-0.012101675012434532,0.003589834714212925,-0.028688529128724105,0.014987087935572019,,,0.047552338401392946
2007-05-31,0.037337986919276464,0.035757908286190285,-0.008970134739061476,0.005293108159845554,-0.004986385823914396,-0.003064666522083037,-0.023530763850798497,0.0035995752198010322,-0.0011412427806878622,-0.019369157502020173,,,0.017558249578861762,0.006096047978388253,-0.08227848483285649,-0.007738483877083831,,,0.049951096689260344
2007-06-30,-0.01426680226922478,0.016499393976001444,-0.0022520574642256926,0.0038148084437906737,-0.01097825229885393,-0.0020890113427368684,-0.018684048135134135,-0.07718747392324699,-0.09156425241923419,0.024980765116241477,,,-0.0016051701751029768,-0.00960036559722599,0.24367810766464015,-0.009397187244256791,,,0.002362872528204052
2007-07-31,-0.03805645852899234,0.000783614247949433,0.013131271298016984,0.0009158301179332992,-0.007495193383460175,0.005537329737255107,0.02346930872648978,0.03659916197126867,-0.08216261789030241,0.051692266797803255,,,-0.009244264859422646,-0.02680817917736067,0.4491682761022959,0.03277926713770666,,,-0.031916087486852096
2007-08-31,0.01368620216513686,-0.005499136524756976,0.012282876844644353,0.0007798603434471899,0.014628727290772659,-0.0005210345290917462,0.011085774179037555,-0.0628026791081856,0.06245248435307771,-0.03308399328447509,,,0.005679397076018722,-0.008732685237795024,-0.005952435980963511,-0.06554289522699301,,,-0.013140861607989107
2007-09-30,0.03153352942086113,0.06858680405553419,0.008271890965129975,0.003479438619019513,0.013825801222378354,0.01019663322308336,0.10498660248592395,0.1381063150519264,0.04039331997681478,0.10229132823142117,,,-0.02985076719982349,-0.002583812279965736,-0.2301111785236778,0.23863012350472,,,0.09826621607297836
2007-10-31,0.01946922245268849,0.07044249307046348,0.009389807251859228,0.002782681312393472,0.00805543752385105,0.0036712491344389315,0.06850702441835466,0.05162943518803376,0.013203084362838458,0.09026268658353132,,,-0.012474034512716115,0.018077384009138164,0.029444482591417076,0.11585122378105377,,,0.05640087611996136
2007-11-30,-0.0480868188848679,-0.05763372721351766,0.02535070183661384,-0.004201088292356797,0.0027565458790531627,0.007629227248911067,-0.015328707967040167,-0.03203342960618227,-0.0929987899994287,-0.013229071821134114,,,0.002947406222995941,-0.07976356080540681,0.23421478638776905,-0.08766062578217237,,,-0.06331948690498906
2007-12-31,-0.008027201840665294,-0.028626316611845132,0.0019101434197263047,0.0033105344190634822,-0.0003764427744938237,0.00378022450946577,0.06524260278383087,0.05733812613008693,-0.05312361722615158,0.0633426821144053,,,0.003264017635386196,-0.030701966911167444,-0.016178435752335574,0.019626459285239022,,,0.00152242452422241
2008-01-31,-0.059271580183752844,-0.08491249517771926,0.025047314984336252,-0.006443307138162176,0.005113127015414598,0.011911050236029183,0.10908984738425986,0.14431525539583268,-0.0034301410975499658,0.015692094577183013,,0.009471827797796095,-0.010970448830498913,0.09734858623172005,0.1644444783528647,0.07893300214014591,,,-0.03963096539706901
2008-02-29,-0.02741146706089329,0.005057305066144535,0.006704896767489491,-0.006602408582593277,-0.0073235589090900445,-0.03443880176057374,0.052706170876187564,0.1694611927494898,-0.037026623573015005,0.11901665714518483,,-0.004065320715352816,-0.02090440360201906,-0.0010797111343161525,0.012977104682715401,0.08464782981824463,,,0.05248508986115119
2008-03-31,-0.008512216399207155,-0.012497299092676453,0.0012260161848835242,0.005714587448146176,-0.004146203860809094,0.02261617062655755,-0.05952048679496913,-0.1335671648970257,0.05894804720187363,-0.020297317351512106,,0.0009301206286698172,-0.023965110846374427,-0.05696282658241958,-0.03504145716256102,-0.08423932602425792,,,-0.020897557647449494
2008-04-30,0.04834068512419436,0.06559263895713592,-0.008816795448709442,0.012615376783830777,0.01164492768455887,0.009357465575593598,-0.04384480526054563,-0.018836984094720677,0.05998961732515207,0.07431073504768304,,0.011617955536864066,0.009374808565079329,0.06330097518895239,-0.18820771495319588,-0.06673019415901334,,,0.04341956000624092
2008-05-31,0.027365731749063267,0.013029288634917596,-0.006054757480029482,0.006278399267094495,-0.0067328969949893794,0.005416000674044527,0.01028161589848453,-0.002810943755457873,0.0021670905142842367,0.07314151142446662,,0.0010454108218327374,0.0044228629902627326,-0.0036895918715145193,-0.142376183812987,0.06762480070972503,,,0.05275973328388839
2008-06-30,-0.08094995003796435,-0.09164341977922157,0.005042301753453135,0.006207837874530677,-0.010612441267682172,-0.008471919472943743,0.044077467960446204,0.03538656154914266,-0.11036676491331704,0.10141000648864568,,-0.01981175030037674,-0.00968741181990751,-0.09466488599748202,0.3432417759630211,0.03416356016881639,,,-0.05599706441363511
2008-07-31,-0.0020025149751461127,-0.03567066348108965,-0.0006606614104803586,0.00037151576884696645,-0.006194094439991316,0.0047126467996566135,-0.0133045331792091,0.015466615930730399,0.029609908253761086,-0.1193042918539817,,0.00787862335010181,0.01022685265763168,-0.04627026941952528,-0.04217119819239101,-0.11657726434741,,,-0.0730058552130644
2008-08-31,0.017926088489080998,-0.0497767948016565,0.006922964796867886,0.002878571972350299,0.003302566650977612,0.009505203567055658,-0.0916762346789794,-0.23730750930634859,0.021825361573317936,-0.07002536347511426,,0.0071537655381639365,0.05369723448331598,0.001268541746170193,-0.09982566966934103,-0.1250760977740124,,,-0.0314093297145784
2008-09-30,-0.09353657682179152,-0.13209436781005338,-0.022916144221525537,0.0022369485619000685,-0.05920011082834002,-0.031786447993379055,0.041909821439499506,-0.11368732364247103,-0.004686083814342351,-0.12403495744940482,,-0.07145065804835904,0.020885547281546346,-0.246504312758567,0.9075060589493584,-0.11501216812901242,,,-0.14826065897977672
2008-10-31,-0.18175590447099196,-0.22412124586978596,-0.0407327514168685,-0.00996885220478763,-0.08369682451215178,-0.004471947719141088,-0.1619548468599637,-0.1915612138977948,-0.3137426420498758,-0.29019251413793923,,-0.19393695927629018,0.08428815049882843,0.043293249148105506,0.5204366671147329,-0.35439692784798105,,,-0.2728517003292251
2008-11-30,-0.08476372359485147,-0.05839120629183634,0.028240586689926704,0.005351565149389008,-0.011789494572256698,-0.0002877508156149241,0.1240582729724864,0.0678496475685586,-0.227530749548134,-0.1548838556455936,,0.09568533002214497,0.0018865927965825424,-0.07818648797732375,-0.07697446413980713,0.21243585929175027,,,-0.07843553635414102
2008-12-31,0.03246176116442812,0.08471409539565052,0.04549076947490023,0.0004515954045995858,0.08498911753235612,0.01630479465035393,0.07799550918997566,0.09481918968070269,0.16168710894052585,-0.08441605463331306,,0.17703793432478965,-0.06380520614620322,0.10871859064461176,-0.2764109825743962,0.25009217594481004,,,0.09597478560315675
2009-01-31,-0.08181616207746063,-0.11591195103026845,-0.00525183318131968,0.015897437492990295,0.007402150327348167,0.025005205478913353,0.054798897110267863,0.11785720276589395,-0.1703925350311195,-0.07252022517841275,,-0.06963132339400646,0.05103279669191396,-0.11674014395857302,0.12100000381469722,-0.0007379598617175779,,,-0.09451429829532398
2009-02-28,-0.10089771989195467,-0.08728282551086845,-0.009961057471992284,0.008544365024132857,-0.028080231797523593,0.00030708062685458337,0.014342840041443372,0.028753965136958826,-0.20443434169409735,-0.06359231519028302,,-0.056059852157184564,0.020423804456418004,-0.254127727657122,0.033675252372764586,-0.013901103220885705,-0.02790932806814228,,-0.07403175112732945
2009-03-31,0.08389923157771602,0.10202252403408368,0.025355578247984966,-0.0010858869169545397,0.011049286339227549,-0.0003097818604946686,-0.024933963152520944,-0.006987589424551577,0.03483796288041863,0.06297030353622796,,0.0510864420353534,-0.03172213734639684,0.20633068669954802,-0.04768067221634498,0.10066492207015114,0.03297384546698923,,0.11617608574942702
2009-04-30,0.12095143282821023,0.13251762903850273,-0.0020949167832902734,0.011070319178709077,0.043823560703933805,0.016266822785881412,-0.03354167121840762,-0.045347922238932026,0.3070925932186477,-0.0029442960889195235,,0.0772733922072264,-0.01170045509932438,0.18456093548519892,-0.17308562517651838,-0.06478539367006324,0.014474231904217927,,0.11446811903952914
2009-05-31,0.048071469857190845,0.14556223720959885,0.010910499207115499,0.012688405421415899,0.036206763506857385,0.0067902708769354,0.10234236203577118,0.26699428490555377,0.024022299253399493,0.2018423124066812,,0.028998481766324247,-0.06353575952597601,0.19129625446768017,-0.2076712307864672,0.31535365667785853,0.04875833514829053,,0.14204407640006234
2009-06-30,0.006564317886147913,-0.009138131715687243,0.0049406868138190145,0.010061638487929462,0.024731614283041513,-0.006990032794716106,-0.052213200531295856,-0.1351002014552194,-0.03138902607612909,-0.0020665591701699293,,0.00959452101550573,0.00716388948648361,0.029897306446205585,-0.08886582600429782,-0.10433812289740492,0.0015167177328301307,,-0.02766065351048112
2009-07-31,0.08218928641757509,0.09748306498517707,0.011059880610455335,0.0021501726059864204,0.04494353143773762,0.013450511053755181,0.024228317317701697,0.023916269961675507,0.10661622686502542,0.010644701476304919,,0.031119131255870736,-0.024267924242073913,0.11858163317745007,-0.016318796924123524,0.046982395915765064,0.0303258572104812,,0.10895699956127262
2009-08-31,0.03432841487564308,0.03187958404880736,0.010283246956182738,0.0018967906322769133,0.013301140291273727,0.012442152078458684,4.3988185527421564e-07,0.06715329117535895,0.13879865427114252,-0.011501763706576185,,0.024356763431588657,-0.002572856815852953,-0.018858795726272692,0.00347222809888037,0.0031536973292835002,0.01044682881584258,,0.02644002901820956
2009-09-30,0.04616984135021022,0.05381893133852772,0.013236754498082785,0.0036334666002884727,0.028934277576714053,0.026312080508963102,0.058496030390651876,0.12038298830261684,0.06435636855848675,0.003219374278082443,,0.052126368486477226,-0.0202063103996708,0.051761926246230106,-0.015378685698207328,0.13589300489557807,0.025275270753872148,,0.05903382804302678
2009-10-31,-0.03492456058560037,-0.02309935291343366,0.006951643974960231,-0.0025115568384793674,0.00650484660788786,-0.017571897029947055,0.03751634609313592,-0.018925487290920917,-0.04675646143734152,0.06335993048861305,,-0.00532308318878294,-0.003949185938734168,-0.034718592294014416,0.19836000791240593,-0.034609609721119185,-0.0031039990859881295,,-0.023298300601253263
2009-11-30,0.046511122104999955,0.039487918262904306,0.01984256700128556,-0.005054325226455214,0.011528129345847415,0.006654011776722678,0.12758304869607873,0.12943372515283724,0.06835268494444974,0.027723432122495728,,0.007955403334737099,-0.023348021963343957,0.014890938250798236,-0.20136853038883618,0.16736173271764168,0.025987942783514573,,0.08070493010530222
2009-12-31,0.04290704704330923,0.012384522303471734,-0.020629089393437505,0.006680562906304501,-0.0006796168300154393,0.003558474272168599,-0.07217558294038828,-0.08870516456425703,0.07025260870329486,0.004447222612131568,,0.0023716346973243763,0.04104652723117597,0.06023749380125332,-0.11546307210439233,-0.053468935015296225,-0.05315408174155434,,0.00915872563966432
2010-01-31,-0.033479997370754425,-0.04855472755409651,0.015860049527993025,0.0034976198088489644,0.012835443609467609,0.0038981650523835587,-0.012576862982111414,-0.038694151243743424,-0.05404709807094926,-0.07692392791246,,-0.005403244485694625,0.01603114745033074,0.009809334792654001,0.1356088788133336,-0.10606709506852045,-0.010291087229581053,,-0.05467750143126452
2010-02-28,0.035691346710472666,0.005991974428613905,-0.0038418463195648476,-0.0009692148098892481,0.002946370065684517,0.006689038454708188,0.03259745658259927,0.010691828954248805,0.055491189230634175,0.05608644027885534,,0.01328961188845601,0.008102423970221873,0.03688562639374715,-0.20796103430973,0.06218214173182379,-0.00017688577004515427,,0.020894876279254754
2010-03-31,0.06505501140810264,0.06882098781487359,-0.0008665232973752249,0.0022578741518891783,0.009682251015200352,-0.0030135607476796983,-0.004157396108690148,0.06658367860261016,0.10052552345729787,0.007425599546125178,,0.026092879210670716,0.006768046191574895,0.017875718903034743,-0.09794871012369788,0.02657387893840431,-0.012259568184664449,,0.0820582104902301
2010-04-30,0.030116401974110925,-0.01375619355356537,0.016630234507618746,0.006810312651348302,0.015710531387965427,0.006282431455606474,0.05872104031864345,0.06534427532767673,0.06917852878717246,0.0330461146728685,,0.005098368849862922,0.0067227395401054935,0.0004941354633860584,0.2535531009541514,0.13437082219777477,-0.013541465477133419,,-0.002825192732862044
2010-05-31,-0.0766880830686119,-0.10529894299736649,0.006917301572553103,0.0064363904853505195,-0.011931385869585262,0.0055383159479710665,0.030288635804054054,-0.012595812669954798,-0.05454940899018679,-0.1229010338276644,,-0.018194267133718967,0.057596005889700486,-0.04341472111568134,0.45442180519092945,-0.043608420172037254,-0.03302001340052496,,-0.0975938582546924
2010-06-30,-0.05725780558484167,-0.013746012323743045,0.01615184781290428,0.007595647799716028,0.020740535216743055,-0.0008181281984684453,0.023594246934376728,0.009983271823193585,-0.0507811309073076,-0.0011376917198387682,,0.02394305572488231,-0.011049693391438797,0.01880421506383878,0.07701905968841527,0.038088376965409454,0.007733611815384123,,-0.02625935643029309
2010-07-31,0.06755442066544043,0.10245185886964125,0.005601479329767928,-0.004287340000222228,0.022022681658125765,0.010717049385669355,-0.0504971913622021,-0.03459633127075723,0.09605093468905984,0.05848321877272772,,0.040529489534909535,-0.052673632261975634,0.06894347484289187,-0.31962943320491777,-0.03877467461028672,0.05522461682386082,,0.083374627913445
2010-08-31,-0.05105725651832626,-0.0330067647629962,0.018766407325874774,0.010201631039265717,0.0177286127964764,0.01765281430850298,0.05707733158105499,0.07679183090605668,-0.012547958146081006,-0.04983835582120591,,0.02588275103986004,0.016006991415761673,0.023027370628049493,0.10851060583236372,0.09815002416293243,0.007037339486761329,,-0.022377968452889713
2010-09-30,0.09957773818281565,0.10303679099212533,0.004053831001997197,-0.005551372216562585,0.008850296771607083,-0.001614793245007462,0.04760937612135796,0.12572631391431455,0.04457231526614308,0.08585000967067402,,0.016101974570681854,-0.05306809242003263,0.003709534985879337,-0.09021107650467108,0.07911635308173122,0.0475600603291777,,0.11415792577117512
2010-10-31,0.038860942135571966,0.03621361013013534,0.013435859911445674,-0.01002432407517682,0.0040859365847309885,-0.0027774213384721574,0.03716133091367402,0.13420932341750702,0.04561558763055429,0.037742101160528285,,0.01943850938643288,-0.020577877954005785,0.0014662928512767515,-0.10548522867177879,0.031088974405293495,0.013961439378628926,,0.05196286364030497
2010-11-30,0.010681997161343146,-0.03817613337271984,-0.012397481848108276,0.009372689907964441,-0.01012804161047462,-0.016198796955135757,0.021098683786377803,0.1352917024179452,-0.01867031196281385,0.004467075517592595,,-0.04425124105718958,0.050513944438213,-0.0061668001310748455,0.11037736171587964,0.05467493610070817,-0.06736110241437765,,-0.01731778845333228
2010-12-31,0.06779976457476673,0.07986742558532318,-0.014887687573374126,0.013952952773498992,-0.0011894519400642196,-0.014344258068680163,0.024721170125305614,0.09985421712063625,0.0459625117465261,0.09236789156361913,,0.0037328435719148345,-0.033617069523608656,0.002723789072838212,-0.24596434538403822,0.034735636477626786,0.029156131141554686,,0.09092784041814661
2011-01-31,0.016494096923866303,0.00570536477234889,-1.8185455568404357e-06,-0.0065977737663235865,0.005336938767039852,-0.004863094198997664,-0.06391317805875568,-0.09244535743257987,0.033613728198249315,0.014971474876982555,,-0.01036591732493719,-0.015411745970850377,0.007215893437111376,0.100281728825099,-0.12041907567678127,0.010070980378833694,,-0.019002599728799807
2011-02-28,0.03811403980208496,0.023180973592364148,0.004917594722899813,0.008224725011267897,0.010283493017872495,0.012363184848897328,0.05996849404206206,0.2088353905865692,0.0460874220362657,0.030184091452300388,,-0.0006167616860472958,-0.012074988357034355,0.016469166191338536,-0.060419880373207446,0.08222092155913252,0.007692172196084757,,0.050581409395562625
2011-03-31,0.01100327867961595,-0.001758695302881863,0.0038031208448171933,0.0022116061071508707,-0.0006361551299853737,-0.002931602156878218,0.01633008479547804,0.11054061552230365,-0.014010204627048384,0.04472190319333169,,0.015524117824571748,-0.013580789090801182,0.00965068748202258,-0.0332425393825907,0.008587622372366136,0.007753400785237119,,0.005354366158934365
2011-04-30,0.029716088342852377,0.0489398988728778,0.018773394575762516,0.003533567294436242,0.01817628096230539,0.01407982717469501,0.08930244604505289,0.2749524200295983,0.054429755669710034,0.050155055768325574,,0.017065269771668,-0.03854999688803662,0.01584882927736775,-0.1685456487990531,0.040137289963219525,0.04151709904886025,,0.04855650054454216
2011-05-31,-0.011243210878318196,-0.02696049877043513,0.008264735555164795,0.0041765178540392215,0.011206078976619979,0.013859659609414423,-0.01812676872853125,-0.19795226925252363,0.012743394815254938,-0.06807523445794716,,0.01447815184054524,0.018615939580858498,0.0059469167739174544,0.04745761418746697,-0.0691609057176333,-0.0172829435367855,,-0.02413688926307907
2011-06-30,-0.01966429943997172,-0.013840012734809398,0.0010411827540122154,-0.002366038595380403,-0.008931721333269296,0.002527028195658992,-0.023836952124811517,-0.09999995941811257,-0.03274721994213117,-0.05851979162880305,,0.006222481394235091,-0.0056232572759764565,-0.005491186200706877,0.06925570625941835,-0.05349016373093248,0.002606371839531052,,-0.03217544749397453
2011-07-31,-0.02615738467723759,-0.01572433975158444,0.026945845508004718,0.0011062772134468805,0.020200561720318977,0.007353940746528652,0.08409719820536665,0.1480495951224181,0.01226531551581167,0.03339080952580464,,0.01972913697586476,-0.00895379560431453,-0.018861713457258178,0.5284503208432789,0.04260322605590402,0.017555022387581554,,-0.0085395551157883
2011-08-31,-0.06624451852925474,-0.08727527777489653,0.012074138703197781,0.007110439986283368,-0.004407555948320587,0.01367504395382002,0.12281138708918171,0.041184101715838084,-0.054983947058231175,-0.02360663302846172,,0.005153782684827357,0.0019019772246939848,-0.018655928622949958,0.25227726095973857,0.0664073393888236,0.019728518212336343,,-0.04895255307563454
2011-09-30,-0.08523355256406846,-0.12691242105930928,0.0030191646076751827,0.02680250553950327,-0.0014716539905702357,0.005529272015480321,-0.11114786993780618,-0.2852904993292451,-0.10868500872006961,-0.13733688975712466,,-0.047898431282507925,0.058851531024677994,-0.05199258984562016,0.3586337110772255,-0.1433125094705853,-0.044823587270854226,,-0.13772479174042865
2011-10-31,0.12297499898676921,0.1054985270998629,0.01026339732848834,0.0003358144993219333,0.026390966141868904,-0.0030635676430409747,0.05904641553523726,0.15669314435165527,0.14067205502593777,0.10881821357831784,,0.05153952323181632,-0.03316918705685856,0.053687311816228656,-0.3026070827990004,0.07554636433167213,0.0059431407242265255,,0.1282819059660368
2011-11-30,-0.005194391965086869,-0.023489693540156828,-5.1092018178608024e-05,9.206743323048343e-05,-0.01892956505227214,0.004531820150000611,0.01698270953616343,-0.043062161658070086,-0.037359615065747365,0.018367905188259925,,-0.012869607419795037,0.022716808147464906,-0.03139809723571407,-0.07209612528097742,0.005502225496935427,-0.04773279477736769,,-0.013726759348246373
2011-12-31,0.004985640489972501,-0.028632306625837156,0.006978496294528212,-0.00021547210631197986,0.02404454797544331,0.015417315159704062,-0.1069464012851547,-0.15812498331069946,0.045618605830188286,-0.026308221153286432,,0.019121519877296045,0.018585768888033316,0.0011774278354503842,-0.15827337191666446,-0.12257135162290707,0.016389537255545594,,-0.054333889737397244
2012-01-31,0.056713239160614486,0.07737466312341106,0.014975067048554622,-0.0070536791633582716,0.020417609972959366,0.01975723743370415,0.11442980287682047,0.19821819374088046,0.06487427204309226,0.025539798221916127,,0.011389898165893309,-0.015576254665504718,0.07074674803414305,-0.16923073286448964,0.1121750058198534,-0.012712642677224495,,0.08233307652326445
2012-02-29,0.038557317109986625,0.05139524131956044,-0.0021854557333672664,0.010219985211653519,0.009344908221055418,-0.0007887429846379515,-0.02954809444084905,0.03934326226115603,-0.010188056984239025,0.056711558421175146,,0.024708297282526992,-0.0072334290943835144,0.030449252088774026,-0.05195474285673918,-0.0180474570218286,0.02725921344939941,,0.029282835581297628
2012-03-31,0.025800266213446593,-0.009687873074841964,-0.00810418606991519,0.004084671363210937,-0.007650697899179233,-0.005424230447921651,-0.012975501863857763,-0.06467958645724448,0.04995324031114401,-0.033396536622840534,,-0.0012146735264358943,-0.0022769165060955165,0.0017716431653194142,-0.15897993796304688,-0.1079836773740415,-0.011075321479577127,,-0.016374379348445767
2012-04-30,-0.007639433125892783,-0.01832946684714095,0.014938735394196814,-0.0019125822112854706,0.012880868856434838,0.0078510831061365,-0.001969446754617632,-0.04047159287380975,0.02807950821027244,0.00011456903686135611,,0.017868907848346938,-0.004564016960161288,0.002239259653538994,0.10645158829227563,-0.05606009837650128,0.012700062789256839,,-0.024774706338607455
2012-05-31,-0.06461604584008919,-0.11136166875901575,0.013624471948761976,0.0071858350665800165,0.004202718091841677,0.006892528308972848,-0.0631134458643774,-0.104616455065629,-0.044666692452561385,-0.12519462903711215,,-0.02770623493387192,0.05410364307082505,-0.011687051325289577,0.40291545195989253,-0.08856185332031245,-0.033768331600566914,,-0.11684597263370373
2012-06-30,0.0380465036980383,0.0607613681827246,-0.002736220998542005,0.0029380439696087223,0.009768008623176505,-0.0014915181132955885,0.023278478657845714,-0.011498496901690358,0.05537862683494782,0.012655788277321667,,0.040647861859264944,-0.022618522927180806,0.024194615486054616,-0.29010805058897515,-0.004444306136775822,0.0096930432885447,,0.03229123310645451
2012-07-31,0.003831842246413827,0.002242530905291665,0.016034614914068625,-0.003076665871149251,0.024412604910134417,0.012386853518823848,0.009329807101328691,0.017636068571510455,0.02055811803571489,0.05424252275110669,,0.03742818499641509,0.010680834214029433,0.015067715225578038,0.10831384014832657,0.0019422432417603996,0.010527943482390612,,-0.005113193657245792
2012-08-31,0.027837925809050833,0.02221934249159698,-0.0011315771967633336,0.0004805340679724554,0.004548239697473329,0.0010599531399712672,0.04887105378218626,0.13532448240136863,0.00012436569912296913,0.06131976014819063,,0.012335686995752493,-0.018053811269675202,0.01479618550242856,-0.07712630577306967,0.08617382529995339,0.022244353780210613,,0.024460063242598567
2012-09-30,0.02429070481846024,0.03631281470427372,0.003184742814582009,0.0005795888979759882,0.006066382527227086,0.004981986128078463,0.047321288684664564,0.08736598073150503,-0.01662097802492002,-0.01235133141995906,,0.01785434008388287,-0.017040218437509136,0.007328288032915298,-0.09959930392144123,0.1208326748303028,0.016757629671785068,,0.06847793422400006
2012-10-31,-0.015089119016288965,0.008897016037350854,0.003896542207227438,0.00647518479379258,0.010038910669710152,0.002643116287732537,-0.029484203931147535,-0.06600953150207356,-0.007894495799269957,-0.046421269177895824,,0.0062054308422441196,-0.0013687469481556969,0.010162134807198298,0.18245396838869654,-0.035064652803901364,0.014278064049127126,,-0.0009897346301532088
2012-11-30,0.010581586170665442,0.0193842200025138,0.0036888504318797447,-0.004608308444402292,0.0010510128623888078,0.012708461760134895,-0.004724337897157538,0.03485769544711559,-0.003970795683767736,0.016861278891147358,,0.00896357513828372,0.0013706229841823347,-0.0034950075580597595,-0.14677421720003891,-0.0822574376321719,-0.008776430212513175,,-0.009217407292024915
2012-12-31,0.018612435516857487,0.05014878582013233,-0.00364068915165953,0.00867902267315271,0.0024492993711698052,-0.011716293979884431,-0.024125291247579672,-0.09239801343395837,0.03506028242316245,-0.0048594389171196795,,0.007144391296247665,-0.0050182527368689556,0.003914029733900204,0.13547577742334993,-0.03131006182377327,0.006177481650500027,,0.026738023688766877
2013-01-31,0.056579491386742724,0.03202974551943999,-0.005319929118883781,0.00903272866962177,-0.003392711998145198,0.004167042407415008,-0.0049875743300150654,0.0364317216291965,0.037942459517821714,0.03835576088068543,,-0.0285035058534574,-0.008711579592220908,0.013377057177111684,-0.2075472047605389,-0.06146976712422817,0.0015543186393616182,,0.02425157394417769
2013-02-28,0.011178745498958755,-0.01307701509694626,0.002830985824068297,-0.004130001702745683,0.007106893375738443,0.003255520441658349,-0.0510515440157473,-0.09526936818827014,0.01239026236832691,-0.05016871722675731,,0.0026413939215255144,0.034690219133193256,0.0053051246542257235,0.08613449011982044,-0.1090646103367409,-0.026736867251442975,,-0.028769837357028205
2013-03-31,0.03960860850339579,0.005766551962487876,0.0014783375592151951,-0.0007255722497427488,0.002968831938601618,-0.004371136279580935,0.009618206422975062,-0.004357328803345828,0.028867118359700572,0.019571037085194698,,-0.009364798019265597,0.010281542407930555,0.011230196650611424,-0.1811734608735902,0.014048877222701242,-0.004721930489164916,,-0.005993437284976329
2013-04-30,0.012522712420183983,0.0378083026250793,0.006884072556892162,0.0020441386357266753,0.01719534560659915,0.00895294576519994,-0.07550486686286456,-0.14442016706064564,0.06466130318223345,-0.039281626235341705,,0.03566838593616661,-0.01769909358771038,0.010534002740329118,0.06456698116643378,-0.1821049700512938,0.023211937381142578,,-0.009502701999036764
2013-05-31,0.026707410906745197,-0.03298887394329622,-0.026255561529237463,0.024648792088867808,-0.022055585467887873,-0.012193339082585622,-0.062004390830446676,-0.0861039483906888,-0.060957273566165204,-0.024753938108908607,,-0.04925286488351177,0.018468353115528746,-0.006576267188256435,0.20562120452447918,-0.04869736440080422,-0.031397565653547455,,-0.01103323497710155
2013-06-30,-0.01222062947423397,-0.03661034093241788,-0.024081280213023304,0.011127951131908273,-0.026970188148056174,-0.021691778865897824,-0.10990044761448681,-0.11520527794668234,-0.02062569380507731,-0.016227122507621983,,-0.04440752669817927,-0.002211256931636152,-0.022059193101928498,0.0343559140799079,-0.1626919049197735,-0.02239539165980864,,-0.05904292430493511
2013-07-31,0.057036443216873844,0.04420707712783129,0.005368187240893829,-0.0017016451482212308,0.010413309908468097,-0.005191221698256397,0.07343075597309956,0.008961522532806354,0.007015251304698711,0.05167031399070987,,0.0015592267050485997,-0.020833377609928205,-0.005418565520661778,-0.2022538954709635,0.11970677370674816,0.012224745576103091,,0.03858206144347213
2013-08-31,-0.027314762190508202,-0.015873630150089614,-0.01075037465056361,0.004798222492706666,-0.008923390301830555,-0.009724353057745787,0.052073512488621576,0.18077330732270425,-0.06805586457230728,0.027142597147420122,,-0.024310129502431832,0.004526826340014667,-0.021885091106605747,0.2646840498216487,0.06910645022771729,-0.005629124333284589,,-0.0036997962332416443
2013-09-30,0.04320192540728303,0.07556785233483337,0.011413414471594904,-0.0031068678025576854,0.008789331308625803,0.017522707906266626,-0.04757031336283063,-0.07522127142676172,0.033642819984929184,-0.030262685312930027,,0.0315141130648009,-0.025236523600297156,0.006809674074286676,-0.024103459253101978,-0.08991064463777694,0.014611603204461051,,0.03219826414383146
2013-10-31,0.037751550635908834,0.034968249973483106,0.005493397540510838,0.0011535964138664173,0.016800917951487637,0.007301565823766033,-0.0032679051219859367,0.009569414669373,0.04302224035404778,-0.02100672530070352,,0.025350786139697545,0.0,0.009246600110967229,-0.17168676602267607,0.014251644198754429,0.01133851465512777,,0.024059067808362238
2013-11-30,0.027692720071882178,0.0038479594777728232,-0.005761633867352801,-0.00061569799084069,-0.0004834320532651574,-0.0019169564310927978,-0.05557155087556315,-0.08815168610068069,-0.05088134036580727,-0.015466897270041496,,-0.02022314501789524,0.0032361048731044395,0.003233341444497162,-0.003636377507990063,-0.10788136563099789,-0.0036690487372192195,,-0.009330006668779664
2013-12-31,0.02471092911736627,0.011029590615535182,-0.009608974093053125,0.01085819150339939,-0.0006629372830457189,-0.0015314741461124643,-0.037521679846626466,-0.02754681356291444,0.0038397963422984738,0.018738949318714837,,0.0028625835590299076,-0.008294795890700257,-0.012933185216839393,0.0014598874483302549,-0.04371025894390205,-0.004106107431013288,,0.024403086788105544
2014-01-31,-0.027925170191223665,-0.05344788245350298,0.016237305660305606,0.009285691291194468,0.017072845652991813,0.016005873391618852,0.03378953603456314,-0.013896223102916938,0.04035982956114392,-0.01497265153333574,,-0.00813568595826697,0.014405091858772145,0.029595626240066286,0.3418366974564908,0.10869539037808362,0.011504089734322598,,-0.025838147658500937
2014-02-28,0.04862464494843379,0.0520163112269325,0.0034740037628146173,0.0018754041381681013,0.012671362600496042,0.008731039411758948,0.06366305944115702,0.10298100487598916,0.049332901872090384,0.05566788091693253,,0.03444675561986643,-0.020613759672815424,0.022799408200419702,-0.23954371993283974,0.11673946200538536,0.010138762436859775,,0.07027115320154216
2014-03-31,0.0012502285149882033,0.00651296263870934,-0.0029865213902831957,0.009167309489066224,0.0008651883031077964,0.0002835688825239467,-0.03166404977292103,-0.06437343692313835,0.004127339654423745,-0.0012679032702465343,,0.011907588475465802,0.0037418958960564463,0.017466275056136737,-0.008571420397077256,-0.08218252464379765,0.0027218793382459694,,-0.012443787049714272
2014-04-30,-0.007271630022557364,0.009153131588471473,0.009555951434920693,0.004097221034493211,0.009853042326296505,0.009411798679251364,0.004879032875900635,-0.030462279578027163,0.03262756518016807,0.011047291675718413,,0.010585169120560511,-0.008387666413065653,0.018384720748179095,-0.03386169042893705,0.026093468148254306,0.00887211283346745,,-0.0007277220504614176
2014-05-31,0.018124989519776497,0.022080404315801026,0.014220734437448868,0.0022620742936655448,0.012386445184371838,0.009256717712649845,-0.030055191358135336,-0.020585004312715927,0.024718011712116295,-2.7668083711740454e-05,,0.03467396296148806,0.00892833481341393,0.012474642094457256,-0.14988816195025756,-0.05217110364768781,0.005419083047901656,,0.010929055519284803
2014-06-30,0.029475127704319162,0.017083205390428735,0.002040037978083356,0.0038737673747207533,0.002977940188799747,-0.00042592546509575717,0.06251017454456165,0.12002212862007222,0.011115006872958522,0.024640236385650494,,0.0004338507645178513,-0.009780877754447581,0.006126237499496812,0.014912287893204645,0.16614161004548267,0.0075938985145162325,,0.037311370199111384
2014-07-31,-0.02844953182972157,-0.009934607030422453,-0.0011758043844495982,0.005971647423220597,-0.004826506144000625,0.002033384818515925,-0.0360155093008257,-0.03308642352068869,0.0002109690850007062,-0.0580111431257318,,-0.002515384375556984,0.02257734614777851,-0.004958492783948776,0.46499578306142486,-0.014688506866733878,-0.0006806957922014986,,-0.015030299697245083
2014-08-31,0.0412575860885544,0.009451193109167755,0.007311587114572009,0.006587783721578895,0.015209064373754485,0.009286190777032204,0.003514839719397145,-0.04443313802979454,0.031096059440164414,-0.013241952978858385,,0.012698985588528,0.012879661143686327,0.017870697700807847,-0.2867256868198952,0.015156533416152973,0.009253826878047397,,0.017077030823555495
2014-09-30,-0.02815768832040061,-0.05045052203126198,-0.01535165776963644,0.0019384487259499308,-0.013464799445904682,0.0006201804524476369,-0.06137924795607902,-0.1261356931311387,-0.05980280060807455,-0.06157824698909653,,-0.021588680431508078,0.038601382272746454,-0.008255361907904213,0.34904873946185955,-0.19092026093385261,-0.014467106228438276,,-0.061734287874468774
2014-10-31,0.0320712388540207,0.0023899217217665815,0.007809569001694383,0.0021304441032940344,0.01211467248485898,0.004611012484560607,-0.030231293971950124,-0.05198778970262741,0.09546579428942104,-0.05393849282356908,,0.019740564417797257,0.009619596751232251,0.010678246997325447,-0.1397915271384379,-0.1609632187132718,0.0015620715010441117,,-0.04186019401622617
2014-11-30,0.020860309271497703,-0.005749902057485881,0.00377365682186126,0.0032354809089974253,0.0037770852372122077,0.0008124274368914719,-0.00508417650603632,-0.04322581137380288,0.021712879462760404,-0.08822424782551677,,-0.004156562330224434,0.016457201191076853,0.012361454752714662,-0.0498930735985762,0.08260178598098993,0.0048066000800677244,,0.02755219278296302
2014-12-31,0.0036682764784898366,-0.032442489516809586,-0.005068987768864935,0.01030305552481939,9.576091793002857e-05,0.004828103100243175,0.013199096492536477,0.015509136688732106,0.01988149145511653,-0.13275859235881687,,-0.027176199502816023,0.02130376782759935,-0.001202583649800637,0.44036015550114116,-0.04745552006335385,0.002612895819599226,,-0.014475781788526265
2015-01-31,-0.025159008428636206,0.003116728808015501,0.024689860341479526,0.004257852313899769,0.023302693792857154,0.012677159882758955,0.08671879281611727,0.09827360256795492,0.06509446458681972,-0.06808377801431871,,0.01868584099960824,0.04839382883408039,0.01318453487890836,0.09218742083758436,0.15697083719522179,0.002805954083074269,,0.008635667501324606
2015-02-28,0.056316533339750355,0.05757627995560839,-0.011255335296361005,0.007343317489878914,-0.003083051322278966,-0.007856270076087832,-0.05848829575852199,-0.04050791976312895,-0.033574849637396126,0.037699016462326054,,0.009597727015992819,0.0027856666588834678,0.009755200210111115,-0.36385309540318045,-0.035976982387548796,-0.005078038002754341,,0.04881493166489714
2015-03-31,-0.00340873344178096,-0.012025378349889487,-0.00021022305294263497,-0.0008464520293825583,0.0009395498842230121,0.0020204235363422895,-0.021862651226080554,0.003780744804623204,0.015644338374514233,-0.06336864564640725,,0.00023186266325736504,0.027777651942556547,0.0030009426647001902,0.1461768955742364,-0.12371678104763136,-0.0014444657760707136,,-0.03332937529638854
2015-04-30,-0.002301373570597695,0.05353910076729411,0.00216821306105054,-0.0017279647538851648,-0.0022183909144162517,-0.004128928759460312,-0.0012725280860060861,-0.0313873189216165,-0.056234200811957624,0.1058355915352859,,0.01233108638378555,-0.03822388560461365,0.0001502343249430993,-0.04839763067131375,0.08561589122884465,0.002100405872119645,,0.04256081998209186
2015-05-31,0.013392843314974453,-0.009697757659966288,-0.00678703485599958,-0.004054531756852542,-0.005429332812565857,-0.0025485906440441608,0.005835521040511993,0.03629290050982936,-0.00289213574045738,-0.025854339516728088,,-0.0030870779291631845,0.022079322155195147,-0.0001509334961574682,-0.04879725284121206,-0.010700506633841256,-0.01622023439329867,,0.007097411820069732
2015-06-30,-0.01379024894473428,-0.027000430187271857,-0.008552842702760034,0.0010703469599739948,-0.015289173662628544,-0.0009534089916093074,-0.014965936494533594,-0.06003752669721529,-0.045699400254413436,0.0029818979768596156,-0.08727477405762507,-0.018141444140338914,-0.016888978325902304,-0.010083302060810428,0.3171964841942265,-0.07960804740213401,-0.011519888920917007,,-0.037909901532660974
2015-07-31,0.010207017072158278,-0.013461376636348147,0.005168105843324857,0.00919494819210811,0.006253221235563831,0.00634133707884759,-0.06661464111367232,-0.0632069079270261,0.05485498035333369,-0.13754801557924215,0.000996646845033089,0.0014789300636657288,0.015980528516896575,0.01363840746758993,-0.3351618107571117,-0.18530625098279416,0.008442598878905564,,-0.04622453051578993
2015-08-31,-0.0573992784433779,-0.07556536532337177,-0.00578386793403544,-0.002741862037910936,-0.008522814524670916,0.0016681022450830696,0.037439737797036354,-0.006392056326389617,-0.06150574496402833,-0.004306769534526222,-0.1376438864681,-0.011268465965258545,-0.014549612918616117,-0.007501604011670326,1.3457096182855564,0.029928962979623847,-0.0005980309641328008,,-0.051620471984022344
2015-09-30,-0.03323604119726493,-0.03818606825162012,0.0005019297860567749,0.0005408022901722235,-0.0004881750075533542,0.005365491627089864,-0.018113153118722025,-0.00857754735684968,0.02669261241031884,-0.04898511575682531,0.07730777526773802,-0.010683171813751002,0.0015961126970907014,-0.0068697187938208115,-0.13823426883538625,-0.0328016931781554,0.006553292352483957,,-0.04796656698583809
2015-10-31,0.06920296857224034,0.06308137431507425,0.0018373905922579037,0.00601745000174982,0.010686898786963847,0.003039596480157566,0.02254857770606633,0.06705121217369747,0.0588666926972678,0.003913115343832785,0.21028156636719397,0.024261647735825953,0.005976225537839941,0.021623964505705473,-0.38489797163982775,0.05295547130621192,0.002205376413641824,,0.06937214855637097
2015-11-30,0.008351541005057488,-0.01239418498664121,-0.0021268009721446945,0.0021183292334589986,-0.00586683574323954,0.0033205549951719365,-0.06733566326129109,-0.09189193194760592,-0.005209109210870311,-0.08384392072239635,0.32743376860442286,0.0030532128007796366,0.032871183707482876,0.006673668896223672,0.07033838668931347,-0.08603023567858521,-0.006864659722350323,,-0.034966047889060846
2015-12-31,-0.026010372753410914,-0.02000235314825512,-0.0056794295822581685,0.0026814664179604917,-0.009775888029074734,0.006307529315336767,-0.004688583403613555,-0.01860119105694724,0.016358172011272876,-0.07808136780794486,0.3999995863642438,-0.015168503166070435,-0.016487562760488017,-0.0009803006669344416,0.12895226484358968,0.009647637892232996,0.002830165025943724,,-0.01581795130922788
2016-01-31,-0.06002562072836063,-0.06148749437601067,0.012969556351459108,0.0017829858193753746,0.0009557630596668624,0.0088824264738724,0.0539367177151685,0.030326048895368274,-0.035636191340536166,-0.0559955516271041,-0.31746058069140093,0.00037812113925550506,0.008187043825345297,-0.009781281707785805,0.109280712713689,0.019437770679255045,0.014533490680266029,,-0.058440498691334865
2016-02-29,0.001742755428920285,-0.023134597043093678,0.008136661522644077,8.942169471248818e-05,0.006930392972012635,0.0006487617786773108,0.1107741715172198,0.04488591978132428,-0.004866264554531485,-0.02288106925580895,0.30232585092737163,0.017542397669446208,-0.014307944203096556,0.0006529850077081623,0.017326656480292302,0.2889489853610789,0.017247194380795916,,0.0655857176448665
2016-03-31,0.07180314964884155,0.08601748167890101,0.013322325973033733,0.002501986881361215,0.02504193235059284,0.003238299812679979,-0.008801571964540067,0.03380285227873436,0.10381742796475707,0.05294926478742852,-0.028571581744715746,0.03313315827779473,-0.03726943294731089,0.023791515945754238,-0.3211678672908539,0.06597263546603505,0.018224569398151758,,0.07724503604112994
2016-04-30,0.01033808491352099,0.01815761538593049,0.0019537228900025996,0.0018053274534286336,0.016068199934033967,0.005696312873504995,0.0507965427805942,0.1566756940903895,-0.022091503080576863,0.11057500451745331,0.318014218934326,0.015547980640494785,-0.017929926880441482,0.008805879993232235,0.1254480303890546,0.3001542930797443,0.004452312028007073,,0.10491165893955882
2016-05-31,0.015655852533284775,-0.008599059353210273,-0.0033496471974012484,0.0047376649281443955,-0.0003375679544122545,0.0018590889217685116,-0.06114017354387552,-0.10541813958242763,0.022963845968363816,0.014719089644640615,0.08926116702512998,-0.002157989149418338,0.030705397178418803,0.01543663764833414,-0.09617835969594923,-0.11719096992209466,-0.0028863823548841796,,-0.031664695975730184
2016-06-30,0.0012661475286326249,-0.008756821965456458,0.019699724733049387,0.00015807393776854246,0.019968680275312012,0.012876971621030282,0.08921610744066344,0.175773607881883,0.06737843662234633,0.02411530104166828,0.5307305425535096,0.04174200525058214,0.0,0.0118453538251313,0.10147995607049332,0.240188806206015,0.022856975212889763,,0.04356069732942983
2016-07-31,0.04131474264100704,0.04657907209298748,0.005699570044771297,0.004417912903625978,0.014984978645114297,-0.0003315787375905353,0.020111376716074658,0.08342663606934964,0.04071162444804721,-0.08902524374640881,-0.20535339571806288,0.013688384972103673,-0.006843764947584874,0.013950603042683918,-0.24056303271603208,0.09186466564719294,0.010304278261110541,,0.07335389477417809
2016-08-31,0.0049519341638429555,0.008150976595468764,-0.003154339072230795,0.006550688610020307,0.00509213660533762,0.001526478941416157,-0.03241061737542972,-0.08423777963726464,-0.03617065946886863,0.01601107353507991,-0.13684216048359743,0.013233942936714982,0.006080298551830454,0.00022653486113322074,0.13058131471598222,-0.14780933594713044,-0.0038750271948994053,,-0.040628058182430794
2016-09-30,0.0030493802073570044,0.01816851398223791,0.004231325723884393,-0.0006987315153645222,0.0007500384992535173,-0.0039732410796849815,0.007017464228113446,0.02708811897205954,-0.01737461312917632,0.043555084405958365,0.09756125779115576,0.004129141221461907,-0.005640826332625748,-0.010744313222759372,-0.009687042749765618,0.05888038320419368,0.002276044371531801,,0.02496676762427626
2016-10-31,-0.026394812980476284,-0.016799781406238147,-0.00589196166650748,0.0031492907984192963,-0.008268957029528226,-0.006804200414889113,-0.029303002091888963,-0.06758249439690167,-0.05531240766645967,-0.012979613538218592,0.19888828051816287,-0.017290785618777726,0.029983984612202308,-0.009711660945606937,0.28367189728446807,-0.07124475021871372,-0.02232076590931209,,-0.03349390559235399
2016-11-30,0.05300316494342598,-0.01988126963022568,-0.01989660853913599,0.009030889228731222,-0.022726089314237318,-0.028994373448608352,-0.08358479144599223,-0.0771950217411902,-0.01864095668444915,0.020478272206665604,-0.0871173994066613,-0.04312979130103345,0.03265144378082474,-0.03329830089113861,-0.21864007379851846,-0.18142056213773405,-0.025722175951049753,,-0.02505559775505643
2016-12-31,0.017852670402655993,0.014393800267372987,-0.0006992425999456869,0.004348278942168528,0.008576843465807263,0.009546257394935673,-0.018875208783424913,-0.03512134074674045,0.04582348192352803,0.04576523293617427,0.23502497247581045,0.01486989506444436,0.007999912326868364,0.0030776748906518048,0.05326331899554693,0.02654958652339408,0.0001286461360638184,,0.00573329881814133
2017-01-31,0.017912057135496283,0.04245165931336592,0.005538092372706206,0.0026033397446008546,0.005927443852637567,0.003795408464286482,0.053720634668449896,0.10059560149742652,-0.0003366699344371227,-0.010556728906142742,-0.10813850192540375,0.017328656270833687,-0.027588722907168628,0.023918341766354656,-0.14601140999321627,0.13133967178538178,-0.00149354096220633,,0.07063326561207983
2017-02-28,0.031082656373496987,0.01635540214656361,0.004700090377101717,0.002423594302995716,0.011014046015968485,0.004966026562471011,0.031776451924543814,0.04449799854546033,0.036913779771212796,0.002103342043615619,0.05995762306174979,0.016761404448772277,0.014768717252306551,0.020865995662505465,0.07756466413085272,-0.034536271427823416,0.006514635085012932,,0.008047847796348151
2017-03-31,0.0013699931026586224,0.028296084758828364,-9.524783626626195e-05,0.0012911399413660636,-0.001838108176305216,0.002317131950041018,-0.003384568464653459,-0.006908510848333105,-0.021537176426405208,-0.04017909801598252,0.009651509357555321,0.005135980607935187,-0.006127790896273244,0.004960360220448434,-0.04256967395410638,-0.0018482377966795676,0.0008725031654718644,,0.01565991279448283
2017-04-30,0.010663486745209868,0.022631512980044753,0.005149612854151695,0.0011015390238976405,0.01008878203436353,0.005832523020193563,0.01696012731167007,-0.055072507996489994,0.0027554420270698987,-0.02637157350038215,0.18594478377354173,0.01710160443414277,-0.014643596984124874,0.01300910900474328,-0.12530316936739472,-0.028995782257903446,0.00976256877094032,,0.004798811685219007
2017-05-31,0.005443406026022263,0.02960288695087521,0.002637780338392342,0.0026099899898066018,0.010499408999955329,0.011839151696106689,-0.0010304996818011336,0.005521482012297296,-0.005352790514326494,-0.017315144418206342,2.5152504585925426,0.007616498877373479,-0.019163138655955203,0.005530798504143286,-0.037892778093906454,0.0065877763520866646,0.010606964369683483,,0.022982218193142057
2017-06-30,0.012633567715543994,0.005826070612920292,-0.004761592503266872,0.007413645594030431,0.0032708609340459938,-0.0022983180599844993,-0.02143342112155372,-0.04148867460794037,0.021330343649391126,-0.018258422116579288,-0.1942982423932207,-0.007170593039522832,-0.013157997749982164,0.008002722950813723,0.07396738415467818,-0.0012951520290422163,-0.0008533995188668708,,0.008438907492138492
2017-07-31,0.015103961386848464,0.037032090920593674,0.004163097962760733,-0.0011943879153794607,0.007449421766776931,0.0058495571242946276,0.02329117314819318,0.012094180771606844,0.012117802507998987,0.046763500808963965,0.0769229916535854,0.011788822223818052,-0.027474699878157982,0.006629724071532728,-0.0822898077979507,0.01723323678544908,0.012338512330039833,,0.03155617259718017
2017-08-31,-0.003103195038933301,0.008470350682994765,0.00851338056779268,0.003782244622304242,0.00625912260490713,0.006852601505479823,0.04145205224827453,0.04716981245244378,-0.00021167913143105288,-0.012098807891029217,1.3928573103266308,0.019893862147646768,-0.0016616660806222372,-0.0005884577353492126,0.032163734536487354,0.06321814574874685,0.009816884529287787,,0.019250874806182445
2017-09-30,0.03170057469565934,0.01778096248414961,-0.005292213423398097,0.0036525063162339043,0.00021884997685411856,-0.0031990833481681602,-0.032965804909858565,-0.0546546467424146,-0.0029047389624892173,0.03091497045539333,-0.3014925308930523,-0.0018772032141718409,0.006242046846373084,-0.0016211705208206695,-0.10198299415908263,-0.060456321074533394,-0.007568348535955893,,-0.00534827025619844
2017-10-31,0.018286237527634815,0.02119295170048142,0.0016704918900285841,0.002917327579937749,0.0026359952940133344,0.0013203065022504568,-0.007804160624786394,0.0031766322402755343,-0.007594573150243644,0.03771035706487087,0.18000008074283969,0.0024317812046033005,0.016542578756086668,-0.0037523288210343786,0.07045216195254733,-0.040096701933932666,0.0014842725375167436,,0.007893049388825327
2017-11-30,0.029930917878578867,0.0069275292672338435,-0.00043292355312770893,0.0046004370182820145,-0.0009982391765619807,-0.004487165281713128,0.003419720099357093,-0.017732725373504787,0.026268018560236917,0.015099327876507317,0.8361581534315647,-0.0027205732899959756,-0.015866531497966796,0.006814570301250322,0.10805495037521173,-0.01757619303386319,0.00785838809484063,,0.01029950036890163
2017-12-31,0.009233725149839514,0.021867553075581886,0.006295618591985291,0.005960977963003813,0.006995196518453354,0.007931983605794914,0.021140755825080126,0.030947745657830428,-0.0018905819204846908,0.03519304803942647,0.32544382136661354,0.012450879807195614,-0.005678155430066445,-0.005193360958228754,-0.02127657595741339,0.05111734194182952,0.002683629104827926,,0.03333255193848239
2018-01-31,0.044416416410726134,0.060734706220202585,-0.008702771760748265,0.002276324424904745,-0.00757991230107441,-0.007894659085805302,0.03256157050500641,0.02251410978765689,-0.03918208912008539,0.03969127536660451,-0.2962847675794805,-0.006373442899254456,-0.03245947015756301,-0.011819994927186994,0.2264492761447785,0.012798753055882258,0.005459468927079787,,0.03932422642924597
2018-02-28,-0.036743668029106946,-0.05195749152667712,-0.008550846492908196,-0.0028801156800028864,-0.014091799095556643,-0.002863402554185395,-0.020441879318166656,-0.05443427049282734,-0.07401116618271814,-0.03360312975327395,0.14368186592888788,-0.021816351994782268,0.01892488625633093,0.0026441252588182973,0.46602662019159546,-0.10029672043904041,-0.00019921275659059065,,-0.059208769280789476
2018-03-31,-0.008736406045353673,-0.005385859979946744,0.007331193846188682,0.0055884398565717005,0.0023922548152185328,0.0027061930131300044,0.0059246045968608385,-0.0032341649813382167,0.03816371942879471,0.02514342928777391,-0.411665755224647,0.0055253771961167875,-0.0033770232242681386,0.005407213863287685,0.006045286124870097,0.014318216912632206,0.01206461250034474,,-0.011122853158554954
2018-04-30,0.002224551133445537,0.004693533629037611,-0.003433801946132563,0.000655448596032136,-0.006261861068338055,-0.0031676435697451932,-0.009090362100255156,-0.0019467704911255712,0.006860342077866621,0.039394096931003195,0.5109629572972827,-0.02050754687365508,0.022024498630575762,-0.007059705336586286,-0.20230341247318184,0.012248055285777252,-0.008919888917743831,,0.011979913168913633
2018-05-31,0.030182732277059122,-0.01929466871638186,0.0041084043762473705,0.0029335435544788754,0.003337775273319493,0.009101483306466904,-0.012318742961325235,0.005201555468841601,0.03566047096027908,0.012169191927729339,-0.22523661558437424,-0.008101576034751923,0.026108480555684155,0.008118736168045704,-0.0313873189216165,-0.003057932538244786,-0.006141508875582809,,0.004595644197385525
2018-06-30,0.004381355556546563,-0.025794477144453612,0.0034597540396723086,0.004568765858983722,-0.0011843799688518546,0.0014706445232798451,-0.03573120772556526,-0.02005177353504428,0.0413289625369872,0.010224373702894751,-0.3053746163567431,-0.014927647547544165,0.00726992132466342,0.017649654337014598,0.04277380650412055,-0.01196973634328713,0.002068151014315789,,-0.0054652013889410584
2018-07-31,0.02903223335293056,0.023238694638616216,-0.0022835248263078614,0.00036171683280350475,0.008313171904882224,0.0019437360445599325,-0.022856737511032843,-0.03564356273597147,0.007273912522716086,-0.032269795014488456,0.22157084576091046,0.02573183816076008,0.0016038373564779551,0.0019449780570675035,-0.2026103292707242,-0.03547478810680763,-0.001912092874572761,,0.0088029927053385
2018-08-31,0.031225047344532127,-0.024260810182028004,0.005874767891606014,0.0018861226082092653,0.0051234864789642676,0.0014806177737840226,-0.02091201408137283,-0.06570842304628133,0.02474283180911452,0.008008572778151613,-0.0882917273890017,-0.023190518553240058,0.008406754514276082,0.014059043180190578,0.002338248881495364,-0.1172611872777245,-0.0023503534535080917,,-0.03457598121547889
2018-09-30,-0.00325947631782693,0.0028798654893296043,-0.006975466970771467,-0.0010417508235575606,-0.0020368511416540744,-0.0048409548387452804,-0.00634713861532088,0.0058608004352946885,-0.026971510032136548,0.035841573151817706,-0.164210530526962,0.020309448342094694,0.0027788598742159998,-0.017179134937818197,-0.057542752011967346,-0.00613723802052657,-0.004577743310197187,,-0.007984856765016405
2018-10-31,-0.08001820085678503,-0.08610515013675873,-0.01005725872466224,-0.00397198054401174,-0.014376943324870115,-0.004151196024943563,0.02109640415559122,-0.023306606372406113,-0.02812970131561665,-0.06375365254009466,-0.15113334736524675,-0.025148958971709878,0.02216954459184195,-0.022476907478671926,0.751650143786863,-0.007556815893552615,-0.003159132437983797,,-0.07949315861450468
2018-11-30,0.019671634235987782,0.015645095044199663,0.004270607097641525,0.0032660178779633582,-0.0013375158492509771,0.008720457281273289,0.0034072350747565983,-0.006711420851004624,0.047056582746402675,-0.11221162978088435,-0.2596440525167699,-0.004884709204948767,0.003872760924815699,-0.022343500779495873,-0.1488459687022321,-0.00881373419891951,0.004838165257211813,,0.0013298602053349133
2018-12-31,-0.09432169466948136,-0.051489462681404516,0.010337173690190098,0.010286971959966897,0.007265719022061541,0.010091169693155568,0.049475207611636374,0.09009014943189086,-0.07930088937981022,-0.06353929316958425,-0.20541084867209136,0.01907353459585459,-0.007573166191031877,-0.015276259061117847,0.40675154983953776,0.10748430227250005,0.014466759454547229,,-0.06842312951359512
2019-01-31,0.08992716019607465,0.07713824457920927,0.011627620839865287,0.0007564781425478673,0.027904586244827684,0.005911516670358242,0.028672224131571666,0.0365013578692972,0.11705480597778067,0.09385276463734402,0.006305283307407539,0.047829434541932114,-0.0023577339152428545,0.05638351696100674,-0.3481510761175416,0.07915353670240581,0.011327777000785189,,0.087269628216131
2019-02-28,0.038970642437437794,0.01600069111453917,-0.0007608121039467582,-0.0006421216477471759,0.004272837407429962,0.004286239202530144,-0.005419535002229248,-0.02790698145987447,0.007210404869068099,0.03275678381324765,0.11779445537976363,0.003984644147267291,0.009846352670240588,0.0058067539586126315,-0.10802655370067082,-0.007591518176034058,-0.0016437209998733104,,0.02697053837998335
2019-03-31,0.006100329392826338,0.006575905440993883,0.017911278007197287,0.009510801668171052,0.021568811513555847,0.011960189459736916,-0.01593361585225961,-0.030758701691393164,0.04185883520788103,0.012314349491715748,0.07174902328377852,0.015060335089893018,0.01521069671516484,0.014657357557334327,-0.07239510921216497,-0.0035067446743796507,0.015994021309874484,,0.012056919021753876
2019-04-30,0.036813293207356,0.026203786278003377,0.0017348041694922323,-0.0014002336278212972,0.005335048660744866,0.003393644222032937,-0.006954322372560773,-0.011283486880723781,-0.0010007556182829447,0.023618647654604974,0.3828450787779387,0.0017698139798145718,0.0053784513940564604,0.00687434973992751,-0.04303429255625546,-0.06578897101100505,-0.0014506970642794992,,0.029338676054776136
2019-05-31,-0.0642735474336798,-0.05993627465487236,0.016234380823018275,0.00855282162464696,0.010458988998298354,0.011597195870075318,0.017737526120528924,-0.026390929183494283,0.0004964851742145227,-0.08168006706314235,0.6732223898344472,0.004929420593910772,0.0057317798164568945,0.0025139165475587255,0.4260670158287405,0.04204496567243976,0.013439480666890047,,-0.06421944982098834
2019-06-30,0.06851054251796841,0.057219484407230174,0.008499187878073034,-0.0022681568585259993,0.022053752948703192,0.0033829258833997866,0.07958291005109219,0.04981687356625719,0.015491765730018425,0.04703303111106627,0.3679927470493365,0.035264439469665954,-0.013297932086332787,0.013113863834728123,-0.19401386095091377,0.164935625060868,0.019129500308839364,,0.07510234584959047
2019-07-31,0.012663816091352526,-0.020797218108680102,0.0024589486814441397,0.0035939152863455615,0.004921600958496863,0.006683186076466991,0.0007783318911007697,0.061409638459602345,0.018162882951079817,-0.006247327508749878,-0.09847980872325457,0.0073362996879928755,0.029264478082381418,0.018013893470435915,0.06896557830165784,0.0362588840565868,0.005586017923340986,,-0.0036754824247272333
2019-08-31,-0.024472619269724185,-0.02655344703187545,0.022658008883733014,0.008004436903892765,0.027143939647966242,0.011920846413073402,0.07802310302918625,0.12754763810110092,0.03674788643009713,-0.044178263261012284,-0.14076242611913015,0.015521486727607448,0.005237686249271123,0.006051190445254262,0.17741926514309903,0.11035857828919227,0.021399316538980584,,-0.020610212834630964
2019-09-30,0.018824957289472127,0.0280402867606686,-0.0073995627693643085,0.0047361920463529,-0.004496237307378702,-0.005513080970407956,-0.03277063417861109,-0.07172009152159597,0.018963965839419172,0.007734055851009924,-0.0964164520401648,-0.010967100812685704,0.008559720040538954,0.007517004927746651,-0.14436247825089898,-0.09904878693884918,-0.007261765325805802,,0.01237542494696331
2019-10-31,0.01673118023306043,0.03634941456873917,0.0010356040983019949,-0.001633106477539617,0.003914763769051578,0.0014466406936206283,0.02558367980036913,0.06281407005073292,0.010087580654694728,0.01292437760586813,0.050047188277488885,0.005754819866197636,-0.01881917288906576,0.004254531628172131,-0.1859605632175093,0.04083940037432702,-0.0012271688653877344,,0.03186702757641485
2019-11-30,0.03486880682634531,0.010628763385198239,0.0012392372566094724,0.00431063255904487,0.0029123706796637117,0.001295836219080217,-0.032640468923771815,-0.05910165457984051,-0.012390494635719423,0.001106358426802978,-0.1393885060277955,-0.009497071334953033,0.012034704326107759,-0.004389679775692379,-0.045385807061301686,-0.043933369194853876,-0.00634164228052847,,0.024468170473018913
2019-12-31,0.027520416549204285,0.046435376163797115,0.0017303587777901838,-6.482502295331696e-05,0.00392081032294216,0.002958235819842146,0.03687740358675751,0.04773870761555665,0.008073059889716239,0.06934480601724809,-0.14420058632586585,0.029459371572234216,-0.015610970096627041,0.019169082593641473,0.09191757986776872,0.1161270188681806,-0.001166728625813851,,0.03640049233005632
2020-01-31,-0.009420747204719044,-0.039950605348567925,0.019353377974345665,0.002237925291606765,0.018955110511865454,0.013771769762212869,0.045601730155139464,0.008393248626320293,0.012916587297617965,-0.10150329551120271,0.33089130460703364,0.012395097085543316,0.0119368824254098,0.015163341163440203,0.36719887646367044,0.0102563459905091,0.017224322935886327,,-0.021317735301471075
2020-02-29,-0.08102270770758024,-0.06551953413730652,0.012072486587486324,-0.008778695632326396,0.008746314396738536,0.009664362002579077,-0.00647685577824314,-0.07669441053854364,-0.07191390992003802,-0.07801022576472005,-0.09633034542688368,-0.012537886264368692,0.009512998268940365,-0.04473662971556147,1.1289809068734002,-0.07359503850744294,0.006368796123700948,,-0.07594904435778094
2020-03-31,-0.15926180381639443,-0.16181387945812042,-0.011678536353757707,-0.030854967810875038,-0.061679911545251265,-0.026601462650589762,-0.001112015838371616,-0.15969089406815185,-0.1941196133226512,-0.2753928940406797,-0.27715726236682015,-0.14971449207776955,0.011307891272919202,-0.11898194714619625,0.33482922215936783,-0.1642794195387033,-0.02340130676924862,,-0.14736273527097427
2020-04-30,0.12935672128611375,0.07834250288292899,0.021786807981356696,-0.006665831104831666,0.03959792837091745,-0.010969542665563523,0.0708109729340266,0.07126431708113978,0.08989278209533702,-0.11372849315448037,0.3862358469737608,0.043928253541272166,-0.0014907394060856838,0.09419912972436695,-0.3621591157654439,0.3851683243753507,0.014843178203124363,,0.1167570194961075
2020-05-31,0.0570793113502192,0.04934601844187032,0.006412093280801982,-0.003082801925800887,0.019491732033537934,0.02709410534992924,0.025976191342917287,0.19170246015237513,0.017545727701814784,0.14640742362346174,0.10334340489964156,0.06271401955480349,-0.007092203267213271,0.019141755558270246,-0.1944363396869916,0.08531146127169742,0.00475842466191545,,0.05842312181390813
2020-06-30,0.021237526503477513,0.039866604250177205,0.008342936321859649,-0.00026129458766652034,0.013544879613293639,0.007314137921391176,0.02760258046378583,0.021008426451101903,0.024301761905002772,0.05412161043725692,-0.11799810358615326,0.0297653052493132,-0.010526401590563061,-0.009465255121283933,0.10614322253724784,0.1071755245604582,0.006917969033434057,,0.0334752832505803
2020-07-31,0.04873696934154504,0.03825950825969435,0.016976018008739033,-0.014525899694625418,0.03181975200201324,0.0121932224612261,0.10898471290782397,0.3315696245595634,0.037255648849949086,0.04827003332930309,0.3342009158417856,0.03857082463958683,-0.03951361904664241,0.04951719780025465,-0.19618801054325652,0.22100589798899595,0.01995788987501418,,0.06157379131444818
2020-08-31,0.053357341302997206,0.047126186297210874,0.001786825403817163,0.021452338356106656,-0.00897934744039112,-0.001987380017603156,-0.004003842653762191,0.15805739443709332,0.004008130966287993,0.05511967077020996,0.055794031369514885,0.007254568479525103,-0.015031743472901038,0.018963610275399168,0.07972202926930305,-0.009860247861120794,-0.005470211451200524,,0.05777079012862396
2020-09-30,-0.0290878813684465,-0.01871058353700703,-0.0013707573529698326,0.0034553421001313027,-0.00323938326192739,0.00016523481979023393,-0.04163487644701225,-0.17499047779993038,-0.025693399644243775,-0.045667925304661995,-0.1892091474601646,-0.020813263426243456,0.018072368910329262,-0.002463371216611332,-0.001514540265422637,-0.06828552596407678,0.002857920519852092,,-0.028274383783558232
2020-10-31,-0.008275870541908488,-0.019478966161138107,-0.005505598564552257,0.02904009335430423,-0.0023184174446006602,-0.001858016623410817,-0.005376436690158248,0.01617377039470491,-0.030218199523311756,-0.03919402850728835,0.40200545893490136,-0.004560136544329629,0.0007889735706945178,-0.002011759452380635,0.44178988425352483,-0.05069853094447337,0.0019333753950569466,,-0.02485087281196094
2020-11-30,0.13308723921448687,0.13103593939853722,0.010300759625544676,0.00041258423377887876,0.025761796734185476,0.01133410715762311,-0.053314752468157756,-0.04274672777815214,0.09402721372897194,0.11876953606048271,0.508062441362378,0.042198991681523745,-0.021679232473457488,0.04607989655479794,-0.45896897824408545,-0.04181625703511468,0.00957674664880015,,0.12616975837363692
2020-12-31,0.04896808034228532,0.059033515800733904,0.006442185894658368,0.0031763132312699134,0.005793463917432018,0.005482567447662496,0.06987751708190126,0.16722093042010067,0.02691862916374904,0.0591845325376696,0.37966710262689474,0.021555195598468968,-0.023368189852893018,0.02633221379905959,0.10597959832368442,0.07284868304332044,0.008778492523691006,,0.05883379187863591
2021-01-31,0.00448262095231409,0.0009895587677712276,-0.0009078283156441522,0.015708226405128665,-0.008816366038461318,0.004348745088207944,-0.03211467100198678,0.017094020411502875,-0.0009502414330441189,0.04275078341831264,0.08406249319557091,-0.017772419630005087,0.007425647009364544,-0.017138094132632342,0.45450550121265443,-0.053017955968924446,-0.008159441626547609,,-0.0056864250335469935
2021-02-28,0.04552236225864013,0.0253592633436525,-0.013632547654229214,0.04306039869450067,-0.013115474036190233,-0.011353905002921041,-0.06290830313130064,-0.01320527918081249,0.03147439277782116,0.10982712816675866,0.24531569117540086,-0.03047049549523917,0.004095012182930846,-0.00875340300190608,-0.15533391858405443,-0.11204356991157831,-0.020432454340124195,,0.03624562245990992
2021-03-31,0.032807967251870594,0.015112472360530699,-0.005618853862556444,0.007495243683219036,-0.010965172805169796,0.004523616675685365,-0.01119101462991512,-0.07948090416060338,0.05288667496600774,-0.014040669631767377,0.1583332763115579,-0.007284801943769792,0.024469778457070213,0.031703505402534526,-0.3059034315214091,0.038306192983978894,-0.007390489137322542,,0.017409936504281603
2021-04-30,0.04295864853608942,0.027065530434737247,0.010304991243242098,-0.0007225032444413357,0.010800359994071104,0.006489853250780823,0.035959629815171645,0.0577092256349665,0.0791908460237753,0.07991963725973542,-0.0637489650635148,0.024029834832753005,-0.021496805609599323,0.011791138911245502,-0.04072159916045193,0.0815555668239838,0.00388710410691534,,0.046908076575752466
2021-05-31,0.00831910228494332,0.028560737769127233,0.007281109633532161,-0.005246227153404264,0.0034378699255177836,0.003090326042168285,0.07637404859629848,0.07871717499506481,0.008394905736048452,0.037380489239824136,-0.35496267424746164,0.009639499114903138,-0.014645956954397077,0.00793873667288092,-0.09940893717331145,0.13459454646288016,0.003338017087688272,,0.020788025379866293
2021-06-30,0.015116987105369475,-0.006785788960458578,0.006510991490691342,0.01003444164609318,0.013500486438091578,0.0020866052602791507,-0.07090101533304255,-0.0648648776030799,0.02532983954986695,0.04528205991419369,-0.013567122707281665,0.008591892581544913,0.02518576250297233,0.01669511242237176,-0.05548927759399125,-0.12161898875973869,-0.001673540747290203,,0.0026582121308856566
2021-07-31,0.0065447823094291245,-0.012355200043983307,0.01722203063600742,-0.005840910612034219,0.010036616223906539,0.005298825006921185,0.025256250901352195,-0.02436004002124703,0.04502564452897434,0.017382985023117435,0.16521301587344306,0.005575026700001873,-0.0024164007666473974,0.005971460799312656,0.1522425684792985,0.025048429066686955,0.015213981625132933,,0.013135174973796293
2021-08-31,0.023749479877571523,0.015884172508633335,-0.0012692093828992057,0.00710364350195613,-0.0005601942538772849,-0.00242300077864729,-0.0008168378638867546,-0.06305543055591989,0.02099070350218213,-0.022707519205673,0.08737577729799306,0.00898741589995189,0.004844507805670473,0.0033360163288709277,-0.09649124182932722,-0.056333361154893145,-0.005062325206613316,,0.01985023920758483
2021-09-30,-0.03946535144287282,-0.034420621256036336,-0.006976596437495566,0.016139202553806357,-0.008485359174224142,-0.005663860009767945,-0.03233539637062299,-0.07317068548078631,-0.056573753428959817,0.06036899706600822,-0.10378605958707776,-0.02637943814997068,0.016874297611672917,-0.011159618669610127,0.40412621555864137,-0.09610501460170313,-0.014296994423432324,,-0.0393469713064524
2021-10-31,0.0562315394331139,0.024773372360430816,0.004552440175839679,0.011830348061665052,4.7240726530802433e-05,-0.0009288032676195554,0.015180697317099257,0.0765107046686353,0.07125857197215835,0.05701326313683217,0.467946826269944,0.00159468364601012,-0.0023704866630622767,0.018338628418022918,-0.29732062844583884,0.0827318950339424,-0.00456340038614364,,0.0472165559437846
2021-11-30,-0.02442183209548293,-0.04652691145825554,0.006237405082226021,0.0006836504538150095,-0.0017562222787937214,0.006012834333372265,-0.007134382223550673,-0.0466274639896207,-0.022210729279717262,-0.10242944580156588,-0.08195771286526188,-0.018825345158661633,0.017821770379682356,-0.020977293087460325,0.6722017313235555,-0.003409200765346491,0.005988643617866912,,-0.024590151512822567
2021-12-31,0.03905640559655226,0.037075411382705,0.0001735984683513794,0.0030466381477403863,0.0030999027480464367,0.0006222021414145074,0.03327103870815118,0.02136755813632285,0.09648085230568643,0.07701327046329136,-0.23457268462256503,0.021628530054722317,-0.0027238005936921494,0.033215910961918116,-0.36667896376886466,0.019881836587822315,-0.006978093224767112,,0.035075136316161104
2022-01-31,-0.060962595790871335,-0.027882075369210738,-0.018507866564275204,0.010726149789181119,-0.02702756976200955,-0.01993347967185209,-0.016868384467100372,-0.03300794905933846,-0.08250042802956012,0.09991964008096788,-0.19894141836029433,-0.03374285744444283,0.009363992278636157,-0.045143279516477786,0.4419280437746498,-0.057983755353590426,-0.017814372408222506,,-0.04011952680077227
2022-02-28,-0.013653887293530901,-0.03053220121366551,0.0008071163130636334,-8.265503539721897e-05,-0.014577349940690201,-0.003979103658247956,0.061146327012147395,0.08750008023702471,-0.03866715127175668,0.07383716316827385,0.10596673547655966,-0.0553011299627898,0.0003864718930426392,-0.03031614977527064,0.21425693560897008,0.10331387675758141,-0.013642731131619401,,-0.018460333864113554
2022-03-31,0.02100337860427413,-0.008982954454552208,-0.020747733036383706,0.012081203416343982,-0.022362527852907144,-0.02289821994394676,0.013523357836575656,0.011494178244337183,0.0643690585717504,0.09005209071620653,0.06088379395342636,-0.010966717189924036,0.01622879735272842,0.0039143255583271586,-0.3180762943258497,0.07537516616069902,-0.02703059960585688,,0.018642969726564818
2022-04-30,-0.08044871902636236,-0.061931179538211194,-0.02444748270519211,-0.005371604756870532,-0.046899560995860345,-0.02177067103424365,-0.02107644614262566,-0.08041950667526199,-0.04149030021437655,0.04811700030408313,-0.15074049711335702,-0.0667200073112798,0.04828904157827418,-0.06432597696255671,0.6245137350906051,-0.08756823882185565,-0.04053812085564479,,-0.08576549225377061
2022-05-31,0.0029864358332158227,0.01532320883033617,-0.001614389117581272,-0.004691010655625167,0.009309600818890798,0.011965545341451398,-0.0325397304221115,-0.05703425431193121,-0.045962441117732095,0.05510190045998673,-0.19898692157894587,0.008109048246722983,-0.013057824194041445,0.02728601138968756,-0.2158682833063601,-0.09837956545801556,-0.004793603271609326,,0.011317879686943755
2022-06-30,-0.08251602526805327,-0.08112199230169014,-0.02195696921708198,-0.0011293147827355326,-0.035513199989011056,-0.013417667252062218,-0.01585961584179202,-0.06048390895717448,-0.07329090600030774,-0.08294237586486133,-0.41070564097683443,-0.06154094850908942,0.0275634922706387,-0.049820848969331144,0.09621987396059883,-0.1576575045521834,-0.024319478110699705,,-0.08838256489227192
2022-07-31,0.08750617208299354,0.035058567222137176,0.03019704460751897,0.0012718727981702797,0.040454690510522175,0.020505796153059665,-0.0254735564129428,0.003218957899984609,0.08699546925731277,-0.0033918933619527135,0.2522721440267628,0.03602873117512595,0.011802621633700605,0.06177698422279976,-0.25705327050177285,-0.008682290334796875,0.03015254438818238,,0.06421072290917601
2022-08-31,-0.03392509343701929,-0.04247194377307513,-0.024462747074638445,0.001376723852585839,-0.03271415210077786,-0.018354273599996956,-0.029514872258846914,-0.11336902421067896,-0.05990040428972837,-0.028618913686408433,-0.1596284888413929,-0.02707719653132401,0.028985499312453644,-0.0380284771085454,0.21284580083292037,-0.07902317644877917,-0.04323763379788248,,-0.042647032686075836
2022-09-30,-0.09123993012342224,-0.10276327371190036,-0.04936564588152385,-0.007635620014786039,-0.048694299238727555,-0.02699332932867247,-0.02876620451828843,0.05548854526703173,-0.12827213745024046,-0.0883383455915546,-0.060023501650251554,-0.06575067338172724,0.035726424452726446,-0.044328687346566364,0.22226516480354275,-0.03841059028929287,-0.03948482468261705,,-0.09301185433272857
2022-10-31,0.08614848558082902,0.029071561930950007,0.003046936141800929,-0.009601772585253777,-0.0019312863183009084,-0.005393485802103494,-0.01764407401403173,0.006857190813337022,0.0341165275337984,0.058724400398747226,0.050041353817735335,-0.0016319632786584437,-0.003980048829309579,-0.03145899157690735,-0.18153072505123813,-0.014302423981750486,0.0033584065009340525,,0.05579252994791434
2022-11-30,0.05443054850287569,0.14026225442092055,0.023199046161832843,0.01791487498676718,0.04544130418426068,0.03800496052908908,0.08474465858879654,0.15947782815569034,0.061697811416017045,0.005137362542022306,-0.1973000468665046,0.10076659930333065,-0.047286007688809306,0.04976924186337195,-0.20479132182875825,0.1829038861907545,0.040223999612664096,,0.10451338849074931
2022-12-31,-0.052288307392735496,-0.014758605286678729,-0.008509884560189794,-0.002961094766796951,-0.007564529004132209,0.00041333161407169125,0.029385411336330658,0.07782673171008603,-0.04975395232554647,-0.019585915242173724,-0.05460590537349802,-0.013585336835530315,-0.019406856592348087,-0.028982242227585053,0.05296405037068652,0.009100352139588708,-0.023099925707180613,,-0.036810699671985914
2023-01-31,0.07380480476397669,0.08780908425141963,0.02257352667035491,0.019805834325487905,0.03956807870251772,0.02283358403169568,0.05770637665365108,-0.008628543601625016,0.102998625098843,0.001643416102467099,0.4341528606330116,0.03924804920158542,-0.010787313479623029,0.10055680188251959,-0.10475313566089717,0.1204107509851761,0.02888894488800714,,0.08306303305810592
2023-02-28,-0.02601954487535029,-0.04089870939155471,-0.016630512835823428,-0.008074865828789315,-0.027664754459876855,-0.017955421990631066,-0.05375792200313867,-0.11956026658146068,-0.058935794880194126,-0.04335777852139797,-0.026173189230663862,-0.026918701570837422,0.03307877451745944,-0.021368334923526633,0.06701036958616524,-0.12493784003498794,-0.025087554478958662,,-0.03977378783392352
2023-03-31,0.00296096925265817,0.02281407778598758,0.025770537632980612,0.012298599832571528,0.025031726318268648,0.01784354046700181,0.07929756909320373,0.15088458009797745,-0.02064796278858505,-0.002377473263162999,0.3193343976235179,0.01672183996998511,-0.019000675382016774,-0.03968007096090276,-0.09661835392686213,0.13563503797708973,0.030037463909283024,,0.04152333348834386
2023-04-30,0.0026936862205075756,0.015390496833235456,0.0030262328057107132,0.0021060562578412447,0.0068663071396427204,-0.0007215060423762917,0.00886086705723399,0.039782962358924534,0.004504094539709291,-0.0030357456206171916,0.012241209356781857,0.0027002224287724363,-0.0046628598758532425,0.010794309052475137,-0.15614978132809798,0.03436422096470556,0.003136752630577555,,0.012617543724148306
2023-05-31,-0.012087499170709101,-0.037329578518842936,-0.010011682298648319,-0.005392832279682242,-0.013171558875447695,-0.005387152812457306,-0.013472055009163986,-0.06043475607167115,-0.03995723695579753,-0.07244723953958077,-0.1203815955502302,-0.01188844909243969,0.030991076174728516,-0.023686863620553167,0.13688218235981697,-0.07288812632184287,-0.008685883452351245,0.0,-0.018051882391163038
2023-06-30,0.0690353160292017,0.04364864648932642,-0.0034881310396649495,0.003947009206216268,0.005195846983711912,0.006999433104625379,-0.021993968039670964,-0.03331796392260311,0.056198513836600184,0.03675511819911916,0.2533345323993659,0.025028047750306648,-0.008039262176120054,0.020960726632646143,-0.24247493043334134,-0.03526758340360373,0.0019075395734819978,0.0,0.0551166465815181
2023-07-31,0.038658223112715114,0.04433493597206588,0.0004177328698593737,-0.002931569635276293,0.003884666012853838,0.00176232061635687,0.022572771397460945,0.08616568678796277,0.01984527195455177,0.10052108465598394,-0.027182351810452032,0.017240108513749686,-0.005637790561045741,0.01455862401925101,0.0029433378516490194,0.0377781901129585,1.7703297272297913e-06,0.0,0.037827168115680376
2023-08-31,-0.02742583369337751,-0.04435810772316984,-0.005466326912446899,-0.004671868283251326,-0.005219262432265291,-0.007398079619707779,-0.012437214756947146,-0.013221733686558435,-0.03264474205549256,0.0029238768043667205,-0.06579701403856808,-0.018458633291382198,0.02374209610987399,-0.010076185109860969,-0.00440208504130013,-0.046399789331229235,-0.004675290632834617,0.0,-0.03131407668433622
2023-09-30,-0.048575816271091046,-0.03384732624992674,-0.018242680708180012,-0.014589730340751528,-0.025740725911598667,-0.020069416807188496,-0.047748485960570575,-0.09155869999747845,-0.07341864000657228,0.02613544396626739,0.026783490218445616,-0.0332820846667784,0.029075836545294553,-0.014577151868628624,0.29108333469204406,-0.09838296669730195,-0.024475180545578845,0.0,-0.04161493017664766
2023-10-31,-0.03654734763094018,-0.035679695407000014,-0.008677620321804845,-0.010315650302801823,-0.01656449098137026,-0.008253917863278781,0.07401550661941125,0.031465063168498064,-0.035941207689174026,-0.02963050289049256,0.33752639550029606,-0.011890238638095463,0.010090801724118803,-0.04698397360156159,0.03538806596377819,0.02425810729075913,-0.0051862543558031104,0.0,-0.025584114660355567
2023-11-30,0.08871161435499235,0.07930753089110823,0.03118001282725036,0.027114260652932164,0.055989195311136185,0.048638910518818114,0.025293212373593277,0.10247853505439575,0.12093764576782001,-0.033711916130148054,0.1058035441620715,0.062379378922949424,-0.024641962505568715,0.07931156235513459,-0.28776182408987716,0.11626617399304277,0.04200018544666756,0.0,0.08893364645434387
2023-12-31,0.07178784005790775,0.050100276249744925,0.026874556262484757,0.022895712887658265,0.04051762908173984,0.020369538893565093,0.012767594965966134,-0.058365694902876575,0.09621198075580867,-0.033173448511929694,0.1228074322057553,0.04548338419508835,-0.01605394418763806,0.029542158511951078,-0.03637772943137829,-0.0017352463066192165,0.03892875109032373,0.0,0.04886125761864957
2024-01-31,-0.004143561951556226,-0.02257125142525643,0.001654804516534843,-0.0017294169983641235,-0.0010159324503063911,-0.0006475042590686288,-0.014031808847902616,-0.03994494085424172,-0.0529876077994311,0.02891668778922498,0.04940345099576782,-0.01212714352164923,0.027316283232173166,0.027893410646393058,0.1526104900652796,-0.06810535198260918,-0.011529033710512032,0.0,-0.004116241049769709
2024-02-29,0.04783091197636081,0.029597452443086664,-0.010304871344419023,-0.0019242603746235595,-0.010569297511242184,0.000768606448740962,0.004360233875112418,-0.008608336034878539,0.020166356913030703,-0.002278897240599398,0.4547294716926822,0.007841974640374616,0.009342481096072275,0.009283707739983882,-0.06620214199897845,-0.0667794779857372,-0.007646931051701361,0.0,0.04341137258703759
2024-03-31,0.03638334111707071,0.03340367697024453,0.006756478657130632,0.004311731028361611,0.01156232133206351,0.0006097153544531521,0.08680858770583999,0.09744334309549907,0.019111059992943047,0.04905646370242463,0.13901065165388235,0.019974017346895412,0.009967956757842122,0.006873045847050063,-0.029104432891858045,0.17211574340953573,0.008114254545746213,0.0,0.03825656489607848
2024-04-30,-0.048510000362641394,-0.019029093480088872,-0.016477826102406074,-0.010168997702888658,-0.022833452205046168,-0.008199031669184596,0.030300985309986594,0.057142823607057025,-0.08024291108993628,0.010592425733413346,-0.17240950187015083,-0.024119987243835017,0.021501571198794256,-0.03473237135063967,0.2029207796466992,0.0680011821225505,-0.020101668898840158,0.0,-0.026328676261185097
2024-05-31,0.039648377204841066,0.042678331049134835,0.01594178090899913,0.010100699527719957,0.017496231755450804,-0.0007968376799885205,0.01606230098320094,0.15426200039558657,0.046590537428038814,-0.007278788431317173,0.1442463201733657,0.02605188130344116,-0.010696995984758484,0.030844167964953595,-0.17444086957062233,0.06712048524572183,0.007710186289703991,0.0,0.04148721621042445
2024-06-30,0.008439275135118274,-0.012788180035929972,0.007732191046078005,0.004097786430258447,0.008137265903974919,0.012237341735312959,-0.0013554874602001998,-0.04286745404344505,0.019257120128008287,0.010063176588510147,-0.11535423165258785,-0.002334176230305407,0.016044583747683694,-0.0011713855311782373,-0.0371517409501696,-0.04652659049213074,0.00298787794736452,0.0,0.009264319977647484
2024-07-31,0.039207423471793464,0.029455495418579312,0.018675805168610657,0.012851954605635152,0.023145957374906545,0.008843059661601435,0.05381070185931125,-0.006774569335461611,0.0775954077270366,-0.029021287287499354,0.08394461960761827,0.026685814291670162,-0.01270165055641903,0.01032299075440446,0.3151126336169441,0.10081797241122281,0.02479368064779064,0.0,0.016961841341690126
2024-08-31,0.014193208162444643,0.02151224438673029,0.010074780415593041,0.004266548046764985,0.015761999647447178,0.006381377501458729,0.021044393713353426,-0.0015156881054874116,0.05301344896103549,-0.021103662898744057,-0.10341065497607001,0.022662900150157705,-0.017037528653031764,0.025706160539269884,-0.08312961855826828,0.028351964729233847,0.012288239919235278,,0.02186595591289403
2024-09-30,0.016705172333339263,0.031630322174440284,0.013456120374184064,0.00758242633501874,0.015688855595759017,0.009215905231120512,0.05103649567669388,0.07817834672181068,0.03222434922900452,0.0010921755114135622,0.08051931567467856,0.020145567736558512,-0.0031836299959521197,0.03208386948050079,0.11533330281575527,0.04218718992147955,0.014928553968126812,,0.02070356196417128
2024-10-31,-0.010694572252263945,-0.047404852314821756,-0.018286286055046303,-0.006818805471908314,-0.021519799574099958,-0.010640990831915007,0.0430259122913067,0.04927840992782695,-0.03416620271830148,0.012700435580088976,0.10020516843466876,-0.024411363070596104,0.036195888122412256,-0.0068049458441059585,0.3843395386199917,0.04740313160103349,-0.01782373795979228,,-0.023412005215278114
2024-11-30,0.07203796049551506,-0.0052523387458827935,0.006745776107737572,0.005220150934736396,0.013732678350703556,0.012903024751437358,-0.030956331876332177,-0.06340152376747754,0.04168821614402762,-0.013485761961521247,0.3860795269162391,0.01825464895593698,0.022260309876808826,0.008416374036109397,-0.4166666529407841,-0.06454697760198887,0.010828368100773422,,0.021850548471703868
2024-12-31,-0.048951852537453634,-0.024507157667411125,-0.01362618448439491,-0.00835999637172373,-0.01752195412894994,-0.009201167177518859,-0.014407444248885182,-0.05694842937833344,-0.08281067276040052,0.025083477351470984,-0.04341700900498539,-0.02228170165496768,0.030073536708995485,-0.035709516515455064,0.2842339072932578,-0.05332235226346097,-0.015613625510080137,0.0,-0.026461995495278695
2025-01-31,0.03362955518732845,0.03290507557712264,0.009266485883496446,0.003906714442017313,0.007700172363135323,0.003216434002824009,0.0678605855635398,0.08279530237343558,0.017145866879905658,0.03239209405367878,0.08454182544132698,0.016958780856717093,0.0030591687130741008,0.011768381925137517,-0.05302593983090231,0.14125333679026633,0.0029523451601927153,0.0,0.0378304617841661
2025-02-28,-0.022264235821265375,0.02217109347915458,0.019514169459206636,0.014712388877433133,0.018268095678058205,0.009268723994617327,0.018565280198654888,-0.0070151091313160885,0.036797986449609243,-0.005874646289417518,-0.1718324612047171,0.021318572157629223,-0.004066429375291669,0.006796141035587233,0.19476559927894566,0.03852361771864995,0.009570937109685929,0.0,-0.0011746061165693045
2025-03-31,-0.05326658258751139,0.007087296093489049,0.004204046238418197,-0.000660869158598736,-0.003400302021448809,-0.011865595201799814,0.09447629545621594,0.09466620825619887,-0.025110669406600034,0.02849068832599322,-0.023647276677222034,-0.011500931977914908,-0.02892136445521909,-0.029895369425293472,0.1349975363817293,0.17401215456316077,-0.0034346619374386322,0.0,-0.029435246740772025
2025-04-30,-0.011968848892124436,0.028911039423054542,0.003597790644382432,-0.002293983257488711,0.0013573175130070503,-0.004349968452220402,0.05434402436378882,-0.044853159080816773,-0.02322167453692689,-0.09777995373478723,0.14011929856554253,-0.002550234947733543,-0.039593609162523524,-0.012369965672680117,0.10861759433178464,0.058014804223873874,0.026671555348353193,0.0,0.008958915750831742
2025-05-31,0.05678675243494713,0.04991993704445162,-0.006046380874001913,-0.004439227784998688,0.002186090001621501,-0.0007151189152040858,-0.0003601999927946853,0.01351350045186761,0.010359823589069006,0.017642542885693068,0.10948879655516246,0.011634832379587179,0.0014593974473209315,0.00746521202780559,-0.24817817322956737,0.04260188757011537,-0.001965864696837877,0.0,0.06188972049010977
2025-06-30,0.04674097107900685,0.041826362132392374,0.011033303522782237,0.007476215803261837,0.01855321288511717,0.007242641942864677,0.0036344172423921073,0.09366671244303393,0.00667787911727491,0.04866283044089479,0.027233447394593286,0.026886331100633765,-0.020765101614451886,0.02079513970230562,-0.09908455481023681,0.02062783679356998,0.012369920309244775,0.0,0.051977293368984157
2025-07-31,0.01639421110820295,-0.0069372044335200235,-0.0005415272379116579,0.00027722013766409264,0.0005197745814321161,-0.0006253094716853282,-0.005873579934911721,0.015543989642998524,0.0010256434418706162,0.03555344953863302,0.08193826254736702,0.006829884098250805,0.03794642431269235,0.024388539588932723,-0.0005977423284794225,-0.0186509563030743,-0.009911668539174828,0.0,0.0003200742191652173
2025-08-31,0.030637687954267245,0.04474133488262854,0.012819655553527067,0.0018062556954949328,0.010732201155162713,0.007567065555917621,0.049852650484574546,0.08613442251413272,0.033096699754369185,-0.008654482234329186,-0.07515808877134848,0.017964702355285578,-0.018996345097405998,0.011965979439282126,-0.08133969572540567,0.21072030278468445,0.007210986268768899,0.0,0.032490970071669345
2025-09-30,0.023647985270569924,0.033756576513779064,0.0062969121858896865,0.010802083525254936,0.013014006060623565,0.018614874470884342,0.1177014363602048,0.1707654197205415,0.0010834491796533063,0.008460202910292657,0.0559246940956466,0.01570660220284603,0.005115067396144202,0.010256121704195431,0.05989590172733639,0.19283625825764564,0.0061355517887871636,0.0,0.053829842648515314
2025-10-31,0.010719710323256516,0.010376473751818976,0.004344206654376255,0.0054974443303613205,0.0038434091260921197,0.009130299549442762,0.035795278949001585,0.03870661862146729,-0.025152479898059688,0.009893210215163251,-0.04263712801002092,0.019758124424613888,0.0254452548547901,-0.007599667509821106,0.07125305887509326,-0.0332449576560685,0.004636589210542441,0.0,0.025815348035994945
2025-11-30,0.009154189731012403,0.006781775864371116,0.003549684625861508,0.0016245155682891427,0.007316306516264896,0.0024945080051838203,0.053500477309890604,0.16359920557907937,0.02403655323718179,0.00574307652367354,-0.17449201819495655,0.004966153724557998,0.0,-0.0028672868931854945,-0.0625000068353948,0.15755900886519228,-0.0008750792530153317,0.0,0.013821031422831531
2025-12-31,0.0012615148463537237,0.0249605916770802,-0.003224839742249593,-0.0024256370689418384,-0.001586585849837896,0.0021548457757731526,0.021948445981916143,0.2579574169232519,-0.02223413627977147,-0.007077962089429924,-0.03768811887825004,0.003163738542165895,-0.009105195352308915,0.008180013655958884,-0.08562694431440387,0.07922088850231919,-0.0015430957190008254,0.0,0.015984346780303832
2026-01-31,0.028288048041891587,0.06035542250331789,0.0030709161481713865,0.002181677490196055,0.0027112580499933925,0.006966195230375354,0.12315002533873631,0.17106495786541798,0.025848397361159015,0.10626409867087308,-0.04443209060619968,0.0031158627120619897,-0.006659278601672813,0.023578795560739385,0.16655523455253318,0.09318453708674708,0.007289810597858992,0.0,0.0406886850571595
2026-02-28,0.011464373896391999,0.05101730528387934,0.012806349360710048,0.011341425776106598,0.011934978634872343,0.011007295834326549,0.08674733595274053,0.12659060330466843,0.05346075728920191,0.024418318211302116,-0.21767209949243616,0.01627420684189107,0.008566090836820361,-0.003268427119887285,0.1387614680153284,0.24689955763737084,0.014975887941819921,0.0,0.016590357454520893
2026-03-31,-0.05253093598716939,-0.0857323312584155,-0.013300191906992158,-0.006111475083842413,-0.017915134457648547,-0.017494482817714485,-0.11031786258757226,-0.19825860569063614,-0.06336385361074662,0.24114187742469576,0.03137896451823282,-0.03490294778071823,0.025849363549173,-0.033748685067529705,0.27139975951657447,-0.21093145945474254,-0.02775926891514846,0.0,-0.06849060056865544
2026-04-30,0.09156657056490966,0.07574814275746546,0.006185444334436895,0.0009081392426784717,0.006301997287268972,0.009117318162861685,-0.015133814489991182,-0.021719925752800906,0.08561303156917671,0.08485070875609524,0.12623777677624823,0.02487285748589918,-0.015118792869427411,0.04214997445805535,-0.3310891330832302,-0.008842162051991767,0.006587521669601859,0.0,0.09502653892429075
2026-05-31,0.03819424242168631,0.033467491906002435,0.0022153535974954977,0.004160555288861355,0.00590917646046818,0.003871253202746822,-0.015548058395437436,0.025052476405646562,-0.007792754117109779,-0.06524643736880083,-0.04019818893660939,0.010902647632609952,0.010964884150881371,0.00798460101245646,-0.09295439618467016,0.01518531541927833,0.006803258669479284,0.0,0.04458527304127852
2026-06-30,0.016112646679696987,-0.011009361938695322,-0.0011691414334569217,0.0036624124651581584,0.002279717322176763,0.0062704654645768165,-0.11679379959375707,-0.21747402622778766,0.01575746306450021,-0.11200916538581174,-0.2014994783973677,0.0043426834400785985,0.027114967611620244,-0.02966076499807624,0.07375986231233411,-0.16108110490565042,-0.0021006865047903944,0.0,-0.009245461669874028
2026-07-31,-0.010578323814336122,-0.011097265339175395,-0.0032973025567434987,-0.003131421143880004,-0.0065721774172564085,-0.0062494802502233,-2.5513373092089786e-05,-0.050308628763687135,0.03759287025264252,0.09942265979795199,0.0914351737539784,-0.005310309572769012,-0.0028159072205465874,6.59288501378974e-05,0.14103340955770616,-0.06530028432110284,-0.007671869251977159,0.0,-0.012256736112136929
