Date,Technology,Communication Srv,Consumer Discretionary,Consumer Staples,Healthcare,Financials,Industrials,Energy,Materials,Utilities,Real Estate
1962-02-28,-0.009090955005702894,,,,,,-0.01251536521305785,,,,
1962-03-31,-0.007914529896503542,,,,,,-0.028832622381567308,,,,
1962-04-30,-0.14781763413764337,,,,,,-0.08522052132350849,,,,
1962-05-31,-0.13532603780880637,,,,,,-0.03800308528265206,,,,
1962-06-30,-0.1356691497954976,,,,,,-0.07983576381064278,,,,
1962-07-31,0.14075184562949805,,,,,,0.03365775340757654,,,,
1962-08-31,0.024105112437936116,,,,,,0.03755337537979542,,,,
1962-09-30,-0.10788729708168587,,,,,,-0.04178711840951116,,,,
1962-10-31,-0.021216194630001017,,,,,,0.04207734928576767,,,,
1962-11-30,0.15197591886168138,,,,,,0.12381528288712229,,,,
1962-12-31,-0.021329686444058082,,,,,,0.029776634304024885,,,,
1963-01-31,0.08653824874159377,,,,,,0.022483970210369075,,,,
1963-02-28,-0.0564135754891022,,,,,,-0.052354260945581044,,,,
1963-03-31,0.053158495506399506,,,,,,0.036502039977197365,,,,
1963-04-30,0.10154444487503111,,,,,,0.08303987994035145,,,,
1963-05-31,0.029335799623671166,,,,,,0.03404334945150733,,,,
1963-06-30,-0.08590845566547323,,,,,,-0.039353810891235186,,,,
1963-07-31,-0.004012066348708432,,,,,,0.006060145367667913,,,,
1963-08-31,0.023823799126542866,,,,,,0.029885495721778343,,,,
1963-09-30,0.016301754345062758,,,,,,-0.008803790934005296,,,,
1963-10-31,0.09292038581818596,,,,,,0.06371835198082043,,,,
1963-11-30,-0.017461404816037862,,,,,,0.00026743024835951257,,,,
1963-12-31,0.04482321350315832,,,,,,0.03733697158007132,,,,
1964-01-31,0.06903206115497196,,,,,,-0.002545308439854621,,,,
1964-02-29,0.05005901282703085,,,,,,-0.009768202415109173,,,,
1964-03-31,0.04437494659885188,,,,,,0.035913689955964,,,,
1964-04-30,-0.04038647986383781,,,,,,-0.046783911938433176,,,,
1964-05-31,0.052438677826867064,,,,,,-0.011133726738278837,,,,
1964-06-30,-0.006250389530793821,,,,,,0.0061895854585719,,,,
1964-07-31,-0.031446380419426156,,,,,,0.005564307892211129,,,,
1964-08-31,-0.04627748697290679,,,,,,0.0020456498065551942,,,,
1964-09-30,-0.009080940918088531,,,,,,0.048529261083937625,,,,
1964-10-31,-0.037800294365970655,,,,,,0.005865062120979758,,,,
1964-11-30,-0.017565517559912314,,,,,,0.006010883589651461,,,,
1964-12-31,-0.007271693233629084,,,,,,0.0003958162946212651,,,,
1965-01-31,0.0952376048048238,,,,,,0.08489993228977621,,,,
1965-02-28,0.0165073076336002,,,,,,0.014537480734295727,,,,
1965-03-31,-0.0032910628543034726,,,,,,-0.009013106161714413,,,,
1965-04-30,0.06769382687894265,,,,,,0.008139257509143294,,,,
1965-05-31,-0.014127611948407615,,,,,,-0.019656325789280837,,,,
1965-06-30,-0.041841235096192086,,,,,,-0.06499339395510229,,,,
1965-07-31,0.04585290582117363,,,,,,0.005441257195913096,,,,
1965-08-31,0.042081604094581726,,,,,,0.038522303187791374,,,,
1965-09-30,0.027053511513301043,,,,,,0.07150580579018229,,,,
1965-10-31,0.03999996476575984,,,,,,-0.006196240181317647,,,,
1965-11-30,-0.01473196426096035,,,,,,-0.017980831491185123,,,,
1965-12-31,-0.0495240704180786,,,,,,0.04150073949694666,,,,
1966-01-31,-0.006011761690221218,,,,,,-0.017588523345641482,,,,
1966-02-28,0.03861709386712864,,,,,,-0.04035087275459209,,,,
1966-03-31,0.0019413006064310512,,,,,,-0.012332648012140734,,,,
1966-04-30,0.08042584039517608,,,,,,0.011831130409853563,,,,
1966-05-31,-0.02369852956747298,,,,,,-0.08658915760993713,,,,
1966-06-30,-0.03376994260277166,,,,,,0.006402088398978878,,,,
1966-07-31,-0.027817755609909955,,,,,,-0.056511252185854066,,,,
1966-08-31,-0.059125746800623546,,,,,,-0.07346491650689435,,,,
1966-09-30,-0.009360281502494017,,,,,,-0.016707533781177897,,,,
1966-10-31,0.045668912632200964,,,,,,0.07178227503653045,,,,
1966-11-30,0.1328934216054123,,,,,,-0.018665493048709902,,,,
1966-12-31,-0.011968993425188867,,,,,,-0.04361059885069252,,,,
1967-01-31,0.0753697615941904,,,,,,0.1423025526112507,,,,
1967-02-28,0.07664237282717234,,,,,,-0.026614734712910537,,,,
1967-03-31,0.048837365279947864,,,,,,0.00042399305595486325,,,,
1967-04-30,0.10088639252419873,,,,,,0.08220227040493766,,,,
1967-05-31,-0.060717916881720235,,,,,,-0.09063573969128241,,,,
1967-06-30,0.06702403369877774,,,,,,0.005730933549067008,,,,
1967-07-31,0.020603197001663798,,,,,,0.13416863652198674,,,,
1967-08-31,-0.015544105814874865,,,,,,0.06081992301568029,,,,
1967-09-30,0.09704931435951347,,,,,,0.030856929821205692,,,,
1967-10-31,0.08253514428108666,,,,,,-0.07147274746004845,,,,
1967-11-30,0.03312233342595228,,,,,,-0.021810774094921326,,,,
1967-12-31,0.024509525441990254,,,,,,-0.016625258330043913,,,,
1968-01-31,-0.05183451198071076,,,,,,-0.05665722391749628,,,,
1968-02-29,-0.022256913792428334,,,,,,-0.03291372261503661,,,,
1968-03-31,0.05603425865092393,,,,,,-0.018502549915619115,,,,
1968-04-30,0.10612237258315083,,,,,,0.0764977238537734,,,,
1968-05-31,0.05584654624130314,,,,,,-0.03594051851009378,,,,
1968-06-30,-0.009103746025198367,,,,,,-0.021054598652558376,,,,
1968-07-31,-0.042402360953691876,,,,,,-0.009096928505578972,,,,
1968-08-31,-0.00916439431819005,,,,,,4.9528741608628746e-05,,,,
1968-09-30,0.0,,,,,,0.01025774000552615,,,,
1968-10-31,-0.08358111170278004,,,,,,0.05363870706766344,,,,
1968-11-30,0.08713284825509238,,,,,,0.045025079931129364,,,,
1968-12-31,-0.05617983295448692,,,,,,-0.027466978177682788,,,,
1969-01-31,-0.059523480174721866,,,,,,-0.01640843419874588,,,,
1969-02-28,-0.007027725978022259,,,,,,-0.07770267269512549,,,,
1969-03-31,0.07030259418409934,,,,,,0.01940367238485008,,,,
1969-04-30,0.044585648228830044,,,,,,0.054199652650504526,,,,
1969-05-31,-0.025042801287356475,,,,,,0.006206350787724524,,,,
1969-06-30,0.058777167262087815,,,,,,-0.09195153969104625,,,,
1969-07-31,-0.03923007161520753,,,,,,-0.02371150592726423,,,,
1969-08-31,0.06646121591153098,,,,,,-0.0372805731496304,,,,
1969-09-30,0.0007240150230263254,,,,,,0.009106258179785054,,,,
1969-10-31,0.044171334756399006,,,,,,0.05793745377102966,,,,
1969-11-30,-0.006954606230436977,,,,,,-0.052274532662121065,,,,
1969-12-31,0.02100876519629935,,,,,,-0.0789889571436641,,,,
1970-01-31,-0.08041833104933349,,,,,,-0.05101390248753079,,,,
1970-02-28,0.015103158395985306,,,,,,-0.006623676497272413,,,,
1970-03-31,-0.0051432977886930464,,,,,,0.03315060965504346,,,,
1970-04-30,-0.11964496528042257,,,,,,-0.08537056032489349,,,,
1970-05-31,-0.06334248264007625,,,,,,-0.04516750602051195,,,,
1970-06-30,-0.10071994344332069,,,,,,-0.05612666802991367,,,,
1970-07-31,0.013798703204423335,,,,,,0.12091564857910864,,,,
1970-08-31,0.05550105701227381,,,,,,0.10704003276585672,,,,
1970-09-30,0.09577459612469497,,,,,,-0.012202366055186098,,,,
1970-10-31,0.011779621380158867,,,,,,-0.02540176602473887,,,,
1970-11-30,0.04506741240971501,,,,,,0.022106911782704186,,,,
1970-12-31,0.03417428067279249,,,,,,0.1960505642589866,,,,
1971-01-31,0.024389940578159575,,,,,,0.03899159622722381,,,,
1971-02-28,0.03787741395337618,,,,,,0.12714938823480626,,,,
1971-03-31,0.06240703734351216,,,,,,-0.011988382010473642,,,,
1971-04-30,0.0006984955765660938,,,,,,0.10986988258049846,,,,
1971-05-31,-0.08256258380011194,,,,,,0.003610022315553185,,,,
1971-06-30,-0.030581120303711407,,,,,,0.038545297788249666,,,,
1971-07-31,-0.08123034903245219,,,,,,-0.087936700091311,,,,
1971-08-31,0.048525969468248054,,,,,,0.1337208504220253,,,,
1971-09-30,-0.0008219271540765849,,,,,,-0.014403033924612396,,,,
1971-10-31,-0.010699519494980048,,,,,,-0.10171253723764412,,,,
1971-11-30,0.021059431164151654,,,,,,0.018290901811139015,,,,
1971-12-31,0.10147296455777588,,,,,,0.05662226134791415,,,,
1972-01-31,0.09361116998762076,,,,,,0.04651150237992918,,,,
1972-02-29,0.004990977775591876,,,,,,-0.03976092871764508,,,,
1972-03-31,0.037313654173869226,,,,,,0.05066845821098431,,,,
1972-04-30,0.009809434687629404,,,,,,0.06572003650108293,,,,
1972-05-31,0.03412378221569723,,,,,,-0.03033347098766459,,,,
1972-06-30,-0.014455152670392657,,,,,,-0.037701862388305585,,,,
1972-07-31,0.02232157416773184,,,,,,-0.050573640987403745,,,,
1972-08-31,0.02271420869499674,,,,,,0.0650650196746635,,,,
1972-09-30,-0.004895676887173961,,,-0.08980998086810976,,,-0.015191848451996559,,,,
1972-10-31,-0.05166110480570796,,,0.10726673583166613,,,-0.027604331330307208,,,,
1972-11-30,0.01787396499578553,,,0.0,,,0.08009857500572015,,,,
1972-12-31,0.028132897585798622,,,0.06977500369932765,,,0.016171145240967022,,,,
1973-01-31,0.08333332358487144,,,-0.14131086775731094,,,0.006137389259463777,,,,
1973-02-28,-0.006005688542575549,,,0.04640477945530952,,,0.014145659230796637,,,,
1973-03-31,0.0,,,-0.2661285490422928,,,0.01712727189294938,,,,
1973-04-30,-0.05446098756309403,,,-0.01647332056777706,,,-0.050432035335866765,,,,
1973-05-31,-0.03249816401693795,,,-0.01675091075784274,,,-0.0034877135645691726,,,,
1973-06-30,0.007148975403776792,,,-0.3125043415994142,,,-0.003683257302717624,,,0.0,
1973-07-31,-0.007886568862066512,,,0.5867770832575743,,,0.08743146942017699,,,-0.06976826206577347,
1973-08-31,-0.03943261192542502,,,-0.11980795362605878,,,-0.040099167519147216,,,0.008167535129212089,
1973-09-30,-0.1428568865697888,,,0.06507603885047009,,,0.10014557478180797,,,0.025316308191994263,
1973-10-31,0.08624049799269251,,,0.04444313591838611,,,0.11361693989280863,,,0.0,
1973-11-30,-0.05057373020677458,,,-0.34041377164404785,,,-0.05251984947163468,,,-0.10463068817289845,
1973-12-31,-0.06886765338087819,,,-0.13705301601143116,,,0.060614018372501244,,,0.014085134795388976,
1974-01-31,-0.0060790798976919636,,,0.4205324006493676,,,-0.06434175256850411,,,0.02777757627454469,
1974-02-28,-0.024799879677133596,,,-0.118431787902598,,,-0.012937849001230906,,,0.03528033855440671,
1974-03-31,-0.008932299612567918,,,-0.06429295778428767,,,-0.05649029651059728,,,-0.03333286991914808,
1974-04-30,-0.03605481775662178,,,0.007961382220202928,,,-0.012306925623434162,,,-0.24137978004262128,
1974-05-31,-0.05963020458532553,,,0.07938371663766519,,,-0.06564288124102496,,,-0.11706238911819089,
1974-06-30,0.001176098529194869,,,0.14700088076783047,,,-0.022638260897961504,,,-0.053190811793258685,
1974-07-31,-0.05229128428305285,,,0.0,,,-0.06341718341570379,,,0.011235542224238948,
1974-08-31,-0.041039065144476305,,,-0.15383999596590425,,,-0.1121352157629481,,,-0.055580275246420285,
1974-09-30,-0.17187520009804869,,,-0.14126258603250286,,,-0.17318730903376223,,,0.0,
1974-10-31,0.18946582008463153,,,-0.12385886202728424,,,0.19533411441547965,,,0.06097622789366719,
1974-11-30,-0.0555571980623385,,,-0.1920069522519534,,,0.012638355862251427,,,-0.034151982827976046,
1974-12-31,-0.052185697931438235,,,-0.04992304531713698,,,-0.11231820714235541,,,0.0740736573398324,
1975-01-31,0.12053553370049142,,,0.5789811089909309,,,0.14693373677200605,,,0.20689629778604002,
1975-02-28,0.15340967733418465,,,-0.058365015269218334,,,0.13096135822609078,,,-0.048060900143572116,
1975-03-31,-0.041182427159615176,,,0.41829564638990746,,,0.04074960562955088,,,0.030927536292070235,
1975-04-30,0.015728968320423364,,,-0.14376701227376687,,,0.008532326577275318,,,0.05999996322018486,
1975-05-31,0.031705934942811265,,,0.2262972900233522,,,-0.004075718683883345,,,0.011006682244940169,
1975-06-30,-0.027906234997388313,,,0.1621292587755283,,,0.11017888813623378,,,0.1538469458505054,
1975-07-31,-0.08971392787637666,,,0.005166850803238532,,,-0.06553871618073553,,,-0.050000329310154745,
1975-08-31,-0.011726608386423143,,,-0.040875397671095604,,,-0.044551592585323485,,,0.011560635469298974,
1975-09-30,0.010738717634666717,,,0.0438630491247729,,,-0.07198987074008895,,,-0.07142845562247047,
1975-10-31,0.12749003760016886,,,0.15303070687389142,,,0.07699547226879433,,,0.14423074557430793,
1975-11-30,0.0753624911208639,,,0.061929163741585525,,,0.0217631437158603,,,0.02717086799762569,
1975-12-31,-0.009387156307121725,,,-0.12370767857907672,,,-0.027270710276277088,,,0.008403428869619312,
1976-01-31,0.14938744034999663,,,0.038091510363092995,,,0.2273460923004358,,,0.11666565441887,
1976-02-29,-0.001619852923953724,,,0.11008456917193277,,,0.009668417692772768,,,0.0,
1976-03-31,0.02493856618341095,,,0.08404952505548735,,,-0.03456583565346055,,,-0.013158057277222857,
1976-04-30,-0.032920350764703565,,,-0.12217419826578102,,,0.022608654425526842,,,0.023256695765843105,
1976-05-31,0.019967605228635943,,,-0.04343627950968054,,,-0.07727509310984071,,,-0.013362119135452044,
1976-06-30,0.07842049692695552,,,0.001427997336531428,,,0.08928442552146076,,,0.0,
1976-07-31,-0.01671070265748431,,,-0.12728976163982453,,,-0.021368299434311233,,,0.031495919391421046,
1976-08-31,0.01375405880480196,,,0.22918406709554073,,,-0.03729676968475898,,,0.03234969856328718,
1976-09-30,0.028323704883437717,,,0.052218834302087735,,,0.040344767076157195,,,0.06060550565538425,
1976-10-31,-0.03420756235894584,,,-0.08061702614104105,,,-0.031200196208341635,,,-0.014285377779052033,
1976-11-30,0.00568355328619452,,,0.07895469345445583,,,-0.05225646159027819,,,-0.005519413534738615,
1976-12-31,0.02998109986873465,,,0.009769999865482548,,,0.13583950427580405,,,0.06716421805276473,
1977-01-31,-0.013882337642163067,,,-0.1048459233778829,,,0.05028052476352235,,,0.013987515935196315,
1977-02-28,0.011949123934250627,,,-0.017989099617980453,,,-0.029958700435310015,,,-0.011817481367631721,
1977-03-31,0.0018129532535513526,,,0.020101367362867384,,,-0.03708503108081901,,,0.05714374033751635,
1977-04-30,-0.06419646140416069,,,-0.13511546110398653,,,0.06457056588930521,,,0.033783123472308274,
1977-05-31,-0.04209737440058281,,,0.10419249332486524,,,0.043193185012059265,,,0.030004111605287376,
1977-06-30,0.07535658232635267,,,0.09770315157265541,,,0.06079311928829367,,,0.051948220883280216,
1977-07-31,0.015624774161721477,,,0.008633780955369152,,,-0.04255590950196825,,,0.006172257481469545,
1977-08-31,0.010295436591092999,,,0.05981201758349464,,,-0.06132598983426485,,,0.00322214236707552,
1977-09-30,-0.027479842339633853,,,0.09988505157986305,,,0.004322672702270713,,,0.0,
1977-10-31,-0.014367594352821644,,,-0.00731950253086,,,-0.03234247091422188,,,0.0,
1977-11-30,0.036370095585101625,,,0.09890349552611855,,,0.03440379949208405,,,0.010230456435552426,
1977-12-31,0.035984268569926536,,,0.09456588444604597,,,0.0017797861188083575,,,-0.0063294838089239525,
1978-01-31,-0.029251074728161353,,,-0.06170573075567398,,,-0.10686058563718848,,,-0.031847735620065154,
1978-02-28,-0.04320399695201993,,,0.01972443178703398,,,-0.03088660214805844,,,-0.003009078091686379,
1978-03-31,-0.0626871194266363,,,-0.02921961827599706,,,0.034839404521380124,,,0.013513763857780248,
1978-04-30,0.12951185059446058,,,0.23998547709440832,,,0.1481583197383728,,,-0.020000538824888725,
1978-05-31,-0.018396065829414887,,,0.032272633130892014,,,-0.02024445934087754,,,-0.02354146998610418,
1978-06-30,-0.003872317069304465,,,-0.023774992415274143,,,-0.07019577011280859,,,0.0,
1978-07-31,0.09232193412705247,,,0.04813377116252604,,,0.015476861674350972,,,0.04285724243672684,
1978-08-31,0.04901313146235742,,,0.11225330160033864,,,0.06493080845528121,,,0.0037016939700922347,
1978-09-30,-0.05096397227339444,,,0.02041821982295966,,,-0.0582914131803976,,,-0.006992170554059873,
1978-10-31,-0.0460297357249988,,,-0.1801952413927027,,,-0.1117595867625944,,,-0.04225357019461562,
1978-11-30,0.03110643942909741,,,0.011005184490494813,,,0.012885647607490669,,,-0.017929133190912494,
1978-12-31,0.10760688518001493,,,-0.00842165233841452,,,-0.04064988935259595,,,-0.04615403989755684,
1979-01-31,0.034337761106746356,,,-0.005469088205762862,0.06896759735040425,,0.04290965901094179,,,0.11290356088444109,
1979-02-28,-0.017200361732705338,,,0.022097954848972368,0.096781777967478,,-0.0037726663344040956,,,-0.032924907547015936,
1979-03-31,0.05166690787201356,,,0.05193510809427493,0.1764731237795074,,0.11058203411368905,,,0.007692608821226132,
1979-04-30,-0.003962218610776502,,,0.04636465696029424,-0.025005157837156955,,-0.02336897093601692,,,-0.06106919494404195,
1979-05-31,-0.022096331629549937,,,0.0049332846355434334,0.02564645140243793,,-0.017876811556787386,,,0.028708847374221858,
1979-06-30,-0.03453992069441614,,,-0.006940543820227019,0.02499488192085253,,0.07543780777068865,,,0.008129993148705106,
1979-07-31,-0.04940393297562562,,,0.029684414322486363,-0.024385372416701134,,0.023367834675647847,,,0.05645100575094353,
1979-08-31,0.015934337603198623,,,0.3202068077333491,0.19999141226994555,,0.060010340767507886,,,0.011712349417902113,
1979-09-30,-0.032143224613809696,,,-0.0693343670216785,-0.08333450569328571,,0.03699807881343087,,,-0.06201543653789865,
1979-10-31,-0.07933597981648077,,,-0.07452254377624656,-0.29545499283070853,,-0.01749938200776252,,,-0.024793348266967885,
1979-11-30,0.060628488582731954,,,0.18645626742299215,0.2903342844298409,,0.017782428688379814,,,0.022726338902442356,
1979-12-31,-0.013410138043318809,,,-0.048016336622921485,-0.07500611508769361,,0.09159763492781614,,,-0.059828586799973715,
1980-01-31,0.06601948612319353,,,0.07144069700906441,0.05405544627495251,,0.11827369613684158,,,0.0181820564205033,
1980-02-29,-0.0631087628358179,,,-0.10175237110740787,-0.10256673421120321,,-0.04325912614471539,,,-0.04114869177506353,
1980-03-31,-0.12204723541293439,,,-0.10631442019620574,-0.342851077120617,,-0.11842947324257491,,,-0.05769274878067954,
1980-04-30,-0.015695069191144606,0.08234725420657618,,0.14037019406434958,0.2608544043479635,,0.024405302772761317,,,0.1530619880574462,
1980-05-31,0.0251038694784389,0.2880516531885007,,0.0538305682582394,0.06896759735040425,,0.05930855731425411,,,0.057760421664684314,
1980-06-30,0.06094863739689904,-0.02532216104784979,,0.12337828429518916,0.096781777967478,,0.0037880368477117288,,,0.0,
1980-07-31,0.11063727136966639,0.1428619465501162,,0.14333448356745926,-0.0882415991144847,,0.0813637755400165,,,0.0,
1980-08-31,0.017161361336876402,0.27272449161841283,,0.10197318448413606,0.032264459971233395,,0.0015178729770820576,,,-0.04777797366871406,
1980-09-30,-0.02099185971483042,0.08928772660850237,,0.036259411441072587,0.06250076457930409,,-0.020966826694987895,,,-0.018690412692043967,
1980-10-31,0.03898560672984086,-0.08196890906546772,,0.00999899768049084,-0.058824206685678115,,0.04678167558810142,,,0.0,
1980-11-30,0.03570986824140654,0.053571193758355395,,0.11386236622820456,0.031244533257976492,,0.101758204624391,,,-0.03417185956034152,
1980-12-31,-0.0036694791800686577,0.01695290682514128,,0.07956775388159798,0.030309233468206465,,-0.03760534731507048,,,0.020408104144271855,
1981-01-31,-0.05156587118748279,-0.09999895086892796,,-0.008263350856045348,0.35293451802142717,,-0.032709978164671305,,,0.05000004731653718,
1981-02-28,0.011546495622437813,-0.009261301881432149,,0.05416915264306987,-0.08694997263459447,,0.0833517082780193,,,-0.03320034532959215,
1981-03-31,-0.029183469000304996,0.20560774842913254,,0.15629012285137667,0.14284885421796623,,-0.0006408017357861229,,,-0.0102043299068445,
1981-04-30,-0.060119702712212675,0.17441931622694584,,0.05822071243468918,-0.14583148559210402,,-0.009067708553398168,,,0.020618121712431714,
1981-05-31,0.017247628975940454,0.07920678133700298,,0.00323058814038224,-0.04878077016766058,,0.023465241176455653,,,0.0365852983315933,
1981-06-30,-0.01489413456984312,-0.03669700067915438,,-0.01771897485676921,0.1282015796638667,,-0.027172411348481806,,,0.09090988402500666,
1981-07-31,-0.030237104341841903,0.0,,-0.02631373429942141,-0.1363572770504935,,-0.008230746297791025,,,0.01851860314546383,
1981-08-31,-0.0031316999649646515,-0.10476212787769457,,-0.035414420814908976,-0.07895395438093489,,-0.08930367213599771,,,-0.010101153347340075,
1981-09-30,-0.01814018107024995,-0.14893522273163096,,0.05965064633919481,-0.22856342347692893,,-0.06919925185478959,,,-0.028571983577598714,
1981-10-31,-0.0484987804203133,0.08749634371223092,,0.06504416873027052,0.03702991861926774,,0.06487586859169875,,,0.07843141339166104,
1981-11-30,0.07570756432882453,0.03448515211746361,,0.10377021719939727,-0.07142913940281093,,0.057551421379048895,,,0.0743960341193064,
1981-12-31,0.043577566587546634,-0.1000013724496337,,-0.03134059687137769,0.07692373563916588,,-0.051709427237856986,,,-0.04386005724150488,
1982-01-31,0.11868138790623961,-0.024691358024691357,,-0.00293711632546767,-0.07142913940281093,,0.043238239425058056,,,0.01834901300426206,
1982-02-28,-0.013991430387573112,-0.037972211260278166,,-0.020650985787205922,0.0,,-0.05352199694526827,,,0.01801758088728045,
1982-03-31,-0.034343748729474766,-0.026315235654426172,,0.10477560769436556,-0.1153790162978594,,-0.06465215554055798,,,0.009174751861730668,
1982-04-30,0.07531438569306004,0.09459115904183202,,0.1366109850057935,0.04346974155245542,,0.028993707386806067,,,0.05454517092056199,
1982-05-31,-0.029991902396945713,-0.07407387856813008,,-0.0600958001399845,-0.08333450569328571,,-0.0029479384316314916,,,-0.0008991391509521884,
1982-06-30,-0.01422770589624589,-0.06666320386611824,,0.08380829035219128,-0.18182113905044617,,-0.03872662255338538,,,-0.008929138587062013,
1982-07-31,0.08247379144278066,-0.0857197561087436,,0.03073455354056298,0.05556714328599077,,0.08694749276811409,,,0.018018140201168542,
1982-08-31,0.08855115333902885,0.03125006443690648,,0.15307166253250193,0.1052644489936383,,0.08643024177500169,,,0.1620899652004284,
1982-09-30,0.04077983393588158,0.181823744054197,,0.1314782540337638,-0.09523915212280953,,-0.051550510047376596,,,-0.03149641215178012,
1982-10-31,0.08858631283703522,0.10256321584871553,,0.10563248666805802,0.05262234132110688,,0.12461465777771352,,,0.10569205638592072,
1982-11-30,0.09397769900171005,0.11627780506103491,,0.20700842490725102,0.15001248413792712,,0.06292044938855257,,,-0.014264398161537462,
1982-12-31,0.11271725511519648,0.09375102755095743,,0.05368612278714813,-0.13044422230805575,,-0.024662046642604962,,,0.046154102289788224,
1983-01-31,0.02727246232860958,0.05714265892410819,,-0.05764454790093476,0.2000032296055001,,0.0802032039134638,,,0.04411798648589249,
1983-02-28,0.010315071743447035,0.09459468842016783,,0.04786941150131363,0.1250104747813141,,0.0748819961869287,,,-0.005517360000775184,
1983-03-31,0.027777487253650035,-0.024692708595817736,,0.17665071370043028,-0.1481491247910387,,0.08093792284708484,,,0.007299549382212334,
1983-04-30,0.14987771600447886,0.02531787551825526,,0.06479773177703851,0.39129894578353297,,0.043973909047829274,,,0.03623124515513587,
1983-05-31,-0.041328183780840466,0.11111262688315371,,0.16632659239186776,0.06250076457930409,,0.006139517841440456,,,0.008511208088423983,
1983-06-30,0.08089873483866938,0.09999841249645258,,0.08963126905878238,-0.029417608309866505,,0.04941326129128931,,,-0.049999802338404176,
1983-07-31,0.0010402743202035936,-0.11111119010329096,,0.04792205143546879,-0.15151221057229902,,-0.025393416370871114,,,0.01503750241050672,
1983-08-31,0.0005702171075265827,0.05681702029642044,,-0.03875240778881783,-0.03570766662987945,,0.03395657906967331,,,-0.006049179770539759,
1983-09-30,0.061715267869462354,-0.06451413938867756,,0.03809493207082526,0.2592538323467024,,0.046090903199154765,,,0.03846177448449306,
1983-10-31,-0.0009852382668450455,-0.06896631786065355,,-0.039755760276707686,-0.029417608309866505,,-0.020515945434447624,,,0.04444501707743331,
1983-11-30,-0.06697136113046687,0.061726427668999495,,0.07324919163897547,0.06060601117844966,,0.05414874142425108,,,-0.12215921396313068,
1983-12-31,0.03940387412265789,0.04545370000469706,,-0.07337470721815931,0.028578327173325313,,0.0245967123476859,,,-0.041666675471571324,
1984-01-31,-0.0645490336273391,-0.04581786247364433,,-0.0897428909676693,0.2499976552933214,,-0.06427422953329182,,,0.04347827045675823,
1984-02-29,-0.02586309214046123,-0.0155383071443283,,-0.09507199968581248,0.1555533251727419,,-0.055559287270193436,,,-0.012877278718129825,
1984-03-31,0.03287966795279873,-0.04586447561618301,,0.03655560975401029,-0.019228016738540465,,0.06369519147389746,,,0.00877148477513523,
1984-04-30,-0.0010973034560202155,0.06694830528496765,,0.06767042605287732,0.07843268758967459,,0.023898285726871693,,,-0.10434745886622665,
1984-05-31,-0.04490046733915909,-0.06552773540941226,,0.04577518100981903,-0.12727784218645444,,-0.04842962535916656,,,-0.00813421565412542,
1984-06-30,-0.01856153112994552,0.11974336624711879,,0.11264451045455748,0.10417233732078435,,-0.02621720457494159,,,0.02040804138784158,
1984-07-31,0.04609996351696455,0.06010826263075464,,-0.012123355378314882,-0.0754721876177451,,-0.04664259109866142,,,-0.06000023410226174,
1984-08-31,0.12888532482841364,0.07050509230225066,,0.08414184550516235,0.0816332257471779,,0.13882849189495428,,,0.05971981314401087,
1984-09-30,0.004040105246633896,0.0406392052139527,,-0.028326337760040343,-0.03773632462506904,,0.015100870527305965,,,0.1368427101053351,
1984-10-31,0.011799141422581538,0.010290805490327903,,-0.01749434507559744,-0.11764783204485874,,-0.017992989827208594,,,0.09259196668470304,
1984-11-30,-0.02306954343013512,0.06453282250844805,,-0.053411272649024455,0.0,,0.021814763855890318,,,0.03588947772071105,
1984-12-31,0.011294703642069859,0.03724515392518368,,-0.048881181439441646,0.24444280367528903,,0.007689557791741963,,,0.008474046901458365,
1985-01-31,0.10761298030215283,0.11186888992469723,,0.20132031581199294,0.16071329175936655,,0.12923494659349388,,,0.07563045756547715,
1985-02-28,-0.08775152737829069,0.012819503211689417,0.02529234887022023,0.029458368312809735,0.06545603831798982,-0.00227634234602353,0.015575221758974203,0.02807456433764549,-0.004038472687670769,0.007016285515025001,0.0633808225890955
1985-03-31,-0.032002012658460234,0.03299834674048544,-0.051008488258067516,0.05315898590837215,0.024497311591247586,-0.00362638776473459,-0.02696995203788939,-0.05988471169079962,0.011991731086170632,0.07085116981625017,0.1324505134802716
1985-04-30,-0.07514236689449665,0.046993620973629836,0.029609471615980532,-0.00567281893637515,0.014265845616398161,0.027558228705526433,-0.011479150359670717,0.036212014278550364,0.0038758598653548804,0.0035924989501959327,-0.03508782689229051
1985-05-31,-0.06057298645664318,0.06002324932355433,0.062229723060215056,0.0662476513130431,0.0845320901563788,0.05526606591779676,0.0675054032026972,0.004811329545104132,0.050912266782703997,0.03420800619000526,0.012121549741633597
1985-06-30,0.01051225663877362,0.04554914493335197,-0.047273829184356256,0.02811639303527676,0.04674235954313858,0.03953520475400507,-0.006803496706327433,0.012123060180788514,-0.00722621780551469,0.05192987176360107,0.017964307651207934
1985-07-31,0.053952281011531156,-0.027687406231349538,-0.008124568941985788,-0.015346155718850877,0.01897197956132784,-0.023134977818833308,0.0463763916624545,-0.011504406853738686,0.04042277544382655,-0.03161879562522598,-0.04705923678391288
1985-08-31,-0.07204112004625791,0.006158147762584017,-0.015730577614012576,0.008487502055900967,0.009724659980414323,-0.06875578006612404,-0.02849458153179399,0.0018532229693770663,-0.021139610805303688,-0.003152720001619702,0.0
1985-09-30,-0.006528465980097042,-0.041787855444208676,-0.01963897719936487,-0.020079352990238053,-0.06588296863516903,-0.0598615871447222,-0.04994013270651958,-0.027631389432960562,-0.03688884436299644,-0.05115238013718084,-0.06172850695067733
1985-10-31,0.020972753653630716,0.03916381053632434,0.029905152361296962,0.08317238891251093,0.04654083884834189,0.10174556624929981,0.015428382563374962,0.04016031500682418,0.051101773016733354,0.09664134554106281,0.013157611709096573
1985-11-30,0.12196993832943885,0.062208838098493535,0.059264995080007196,0.09502285357042595,0.07982359472066135,0.08414628260919083,0.08603511930118629,0.021037424263770005,0.10402531805243032,0.029557106798814247,-0.025973474525648688
1985-12-31,0.06135093891054688,0.07944096474716744,0.09668238620466822,0.054205798244995274,0.037285330693881874,0.10346386526540557,0.04745815084628541,-0.004232165568856028,0.011041741203548172,0.06821873120868563,-0.026667072445505702
1986-01-31,-0.004903566387567881,0.029532124197742277,0.07660741042079786,-0.011201476598418433,0.03017185867546548,-0.006917143573398399,-0.011539802993310935,-0.06804287181774943,0.09401666705600309,0.05906265908553578,-0.01369850627203495
1986-02-28,0.07301710373636061,0.05264562177125217,0.12373964388256575,0.06639367516601984,0.07442301242652784,0.12963629395003323,0.10706237328497234,-0.015352552600707364,0.04274505959438901,0.05546897736758525,0.0
1986-03-31,-0.016965044753661097,0.060403884558761556,0.11061429277799162,0.1109224632371462,0.13875103885926537,0.075540695938983,0.05491621881585104,0.011975458106817771,0.005651061831026594,0.042262626131380585,0.1250001392294775
1986-04-30,0.10725916679744633,0.013881268187354209,-0.018863290411206202,0.02094908360908611,0.045082972705044654,-0.01236963106110936,-0.026863081810445333,0.0006784802765543441,-0.06265262791597426,-0.05030932632183203,-0.0246916617232672
1986-05-31,0.017376597753057017,0.05772826698957164,0.09084546706466541,0.10259150047212566,0.06112561021358798,0.023802710407319627,-0.010089025836622093,0.07864837435616917,0.07662691187216597,0.01620170721006935,-0.28480963828627215
1986-06-30,-0.09943498901081957,0.06328102578590422,0.02911132150839446,0.04181325806032371,0.06730284189147438,-0.011459261793599018,0.0050605885735777595,-0.011602875104762406,-0.0895938049454042,0.07099704345242763,0.04424719627418239
1986-07-31,-0.16536330690305667,-0.02230637872738502,-0.16353323912515616,-0.08588004094283828,-0.07604960637113904,-0.07050589160496915,-0.12072575312484954,-0.08150557820691123,-0.032976160552458667,0.09144476906322688,0.02542354982399697
1986-08-31,0.12886219706397273,0.06525458597219498,0.05672914700187559,-0.003455471597269127,0.0026127842656466565,0.08237024337849025,0.08230819807043893,0.1959226750301879,0.07788918458499255,0.058953957194878545,0.0909099622542544
1986-09-30,-0.05004346398730117,-0.08941063817887791,-0.15110640367035594,-0.1055118543051097,-0.09439001757247517,-0.10678454079575625,-0.0924877518842941,-0.00998913604966531,0.058718741610273906,-0.10984595885517283,0.015150620118013602
1986-10-31,0.10776473508104106,0.039888825267259266,0.15693596120414885,0.07533840793245952,0.06143015010697542,0.008769063059189869,0.034003129239797286,0.005658021825788145,0.040779170592346314,0.11193184568920542,-0.022387631627431404
1986-11-30,0.1339289907947755,0.024024330015039046,0.005676857476454878,0.027262999044897613,-0.002563088857416481,0.013185727768709604,0.04598697686215836,0.04962380917887782,0.018569933433143837,-0.009169545479351938,-0.02290078636512527
1986-12-31,-0.03525678755128604,-0.012796909545320903,-0.0709334446448725,-0.03871099686305225,0.017949988330685618,-0.028103065141731554,-0.007948737610055864,0.0005457713101461592,-0.006792946369854058,-0.04330730420296462,-0.05468781326629757
1987-01-31,0.3194053893865373,0.09852297649504016,0.16517838576748284,0.11789471605841535,0.13618496537490762,0.14359842340851076,0.10822637104976601,0.14256048927614073,0.17129244318152825,0.10998504126058162,0.0
1987-02-28,0.2227738263527139,0.03455256233609805,0.118210535432633,0.05856067797596939,0.12480395194100218,0.02433083157334101,0.050295196091647856,-0.0034506005009911356,0.135896377801472,-0.034082938286763384,0.024793422137495247
1987-03-31,0.12479927580465362,-0.01760668714062874,0.1041144962956924,0.04767510585656457,0.029356644181222486,-0.009083823596947566,-0.014935728194475154,0.1297447445590062,0.06008497217395997,-0.036627560638157995,-0.0322572781530438
1987-04-30,0.1489920887658739,-0.053430251593013955,-0.025190819786372498,-0.06398665885973599,-0.06980203820229414,-0.05689870722565957,-0.0489522799790503,-0.015528937468408749,-0.055517938665854416,-0.04300292167408852,0.008332480821043875
1987-05-31,0.010687398330196274,0.07508782607392428,0.038227941730910334,0.05071273924927614,0.02096248402068463,0.012526752779462802,0.015528741760247697,0.0497544805717301,0.0778455948315735,-0.018072595767534637,-0.05785128433218134
1987-06-30,-0.0761494595637526,0.022536523573183736,0.02127922380195444,0.06814955023697654,0.06403757796201662,0.053077251808709924,0.06028692349663589,0.07048708200313508,0.012198308857776563,0.0432063924173566,0.008772771906523369
1987-07-31,-0.0038954512729351826,0.04111366069641276,0.09311845270442069,0.052949616447905634,0.031842128192827474,-0.006100014504022311,0.11118082822322004,0.03801508440964377,0.2706524185923239,-0.006903282123703347,0.026086327733658266
1987-08-31,0.1595891489639576,0.04018170789311152,0.03279451742637587,0.04927541593055117,0.01082766113723378,0.054538286987489026,0.012754746156734692,0.002286709772743367,0.16175839165252875,0.03015974843977387,-0.05084741332277154
1987-09-30,0.07233282675415899,0.031865780025082446,-0.05592789099890831,-0.004432306704406482,0.0112597586991514,-0.03598155485879678,0.024356546317082395,-0.051750249926954234,0.030246878041764458,-0.02151273286231763,-0.06249992426528239
1987-10-31,-0.31882781778052727,-0.13518986860862967,-0.24143576071162717,-0.2394212028060023,-0.25212980014789094,-0.31876586509086563,-0.28188578980308987,-0.2048866476549889,-0.3809368711330933,-0.011143747516089975,-0.18095235689212974
1987-11-30,-0.1111332902009642,-0.04150629906107639,-0.058260743217930885,-0.1060129440341072,-0.08508941183999078,-0.0588075277620248,-0.04792098660871642,-0.13844336125044351,0.030184277564637763,-0.02912038302837485,0.08139574336220656
1987-12-31,0.21369014773769499,0.07167183038523135,0.09665071708916713,0.07500517254049287,0.05081772911180847,-0.04051836211857747,0.05292367210187497,0.10924344514832601,0.06971387906112786,0.005340739454871457,-0.0752691545734554
1988-01-31,-0.04509502390509465,0.08658256618161819,0.05893413713946827,0.07116415690550672,0.06561895614901625,0.11697126998646983,0.07809953635451768,0.09963401153182483,-0.03109922367894541,0.1256885724622438,0.20930218211776008
1988-02-29,0.09796877905113832,0.009998849653722256,0.11424611314008701,0.05616237333834611,0.07680436174222242,0.13855229249266707,0.08494857783413412,0.037188128665893494,0.1109993036624638,-0.04254519185229089,-0.031360266042528395
1988-03-31,-0.025057814303887108,-0.047637905049046414,-0.016236537461292676,-0.030138649778468744,-0.003828195284361044,-0.10546241036911075,-0.00324827789092047,0.04301652319260427,-0.02825428370297961,-0.03824704475653029,-0.05102025319587311
1988-04-30,0.07162613994504556,-0.01621726398818642,0.07166700492360975,-0.004503095779724298,0.019257301665382826,0.041561325483215075,0.0111176370290587,0.061718798607063974,0.04986657036808495,-0.014742270825239889,0.010752344015125148
1988-05-31,0.009722517054740476,0.02492659219115434,-0.007477414247812808,-0.0039891171451205765,-0.019345501281667035,0.04392312221307535,0.01874333140518787,0.005737739470412118,0.013273157057276386,0.0637916804782535,-0.024122105024990015
1988-06-30,0.13564197380948903,0.06777180393684727,0.11560931488233236,0.03547751844443571,0.047921778631012595,0.09337229373289394,0.04097332127584424,-0.06524554349837472,0.09736492760960735,0.014690227177950876,-0.01123672026199296
1988-07-31,-0.06312665672362876,-0.012892065519019743,-0.03062756129393618,-0.008197421075392406,0.009354611830031216,0.014230398679986322,-0.015119388421870286,0.06850032757395447,-0.037112189480075775,-0.0012933732422133026,0.07954623573798814
1988-08-31,-0.1073032515033814,-0.061781446141303986,-0.06807611093121942,0.0014825495653618364,-0.0036189609705178003,0.03066451840961204,-0.059610923017536815,-0.0340993386845235,-0.10541431473325502,-0.02283309194383154,-0.0030957788411045684
1988-09-30,0.02285564319061159,0.08646183579792692,0.09192999571035827,0.08000193227660708,0.04106233994487877,0.009449342638376535,0.05267526890332397,0.017692381033675486,-0.011985537851906258,0.02660025122874956,0.0
1988-10-31,-0.06719918706187972,0.019702888341482334,0.06690214381214003,0.02543853779323532,-0.012774539894010081,0.011532339581115946,0.044707072772623674,0.036601670471278325,-0.010052073037275622,0.033569717593712765,-0.02173989892888517
1988-11-30,-0.0484399221085217,-0.0320253934420065,-0.03567362697249987,-0.019232112685588283,-0.018844723496110327,-0.01956963492593946,-0.0058672505824815535,-0.013176208845960241,-0.020380224498824373,-0.008584122680017358,0.009538796748233214
1988-12-31,0.119817877614106,0.042760798866881146,-0.00010527506735564795,0.009847260614567008,0.050187137947451346,-0.010346078756691046,0.0016691635280898093,-0.005299676286026123,-0.0007307334872895255,0.019448143726367384,0.022726766222523676
1989-01-31,0.06345614137594086,0.10719287755505695,0.07983258764667249,0.04809329544862465,0.050154275141463235,0.19104438369280974,0.05114031758373569,0.08642194325339259,0.1251577545973176,0.02062365172027496,0.033333672168724515
1989-02-28,-0.05835645062041585,-0.023290695856566252,0.010879819163631477,-0.017566273269712922,0.029682290919908667,-0.02843713791832725,-0.009336880074857112,-0.014049577609543257,0.06577814307499952,-0.02385657261632319,0.04017187097236308
1989-03-31,-0.012730920484415723,0.06853894055457621,0.02585453275229479,0.04683717822868892,0.06124899503510664,0.07866000802697815,0.015534287605698735,0.058002286539749315,-0.059304037374230956,0.0070288676007439045,0.09574485435626445
1989-04-30,0.10778794782989987,0.09321083117408609,0.07006108500614246,0.07104755068585078,0.07575351797299729,0.04611701235126427,0.06332519930833785,0.01871229016577125,-0.031446586940628074,0.03382594581884968,-0.009709064011953816
1989-05-31,0.09930152369995186,0.0643325727719853,0.03147941498191666,0.08246559668922113,0.04327605882143499,0.09361346858491024,0.06494478683458367,0.015515043362838432,-0.035922555305612225,0.052139348125074925,0.11805018810335888
1989-06-30,-0.07638527367421981,-0.01184147267153172,0.001649703500797428,-0.018171405696387928,-0.025804734525020287,0.011039083346617207,-0.05400499681130444,-0.01682012998879645,0.044165389343144124,0.02786884365989044,-0.08108110126625889
1989-07-31,-0.017572687415245467,0.11106475905684639,0.10172725868170689,0.14678381252370204,0.11560391989583879,0.18142807706674663,0.0798264932693554,0.045498812218221774,0.05911592043866826,0.0759835817207859,0.03921530181176247
1989-08-31,0.06918712954009927,0.022318077424909804,0.09074162479742025,0.009775797838579863,0.021381322855076473,-0.008239684715029737,0.05144408588620622,0.07184133379061078,0.0464596561114059,-0.02622453325036762,-0.002190608129357674
1989-09-30,0.016566091758857954,0.01119724094880544,0.04257508331764097,-0.010430009232768156,0.02749839134044389,-0.0010561600128668135,-0.026942781330950988,-0.0025089832202459805,-0.019683289673046556,0.006928698183476722,0.0679611412682728
1989-10-31,-0.01930705180616192,0.003718155047963023,-0.028074044199902316,0.04198805946327355,-0.035394855388311025,-0.07587168170618039,-0.04749136734111051,0.020628073528721202,-0.022230846013334082,0.029591902522919922,-0.08181773562836137
1989-11-30,0.03808733572960454,-0.007866184194140572,0.010814603528962597,0.028889906110134533,0.07223891030813895,-0.025117955066207974,0.0195323441896834,0.059259586297036114,0.07683472547402426,0.016079005654765076,-0.052953525347526065
1989-12-31,-0.02197231898333578,0.06530789892814448,-0.017442675869952518,0.023187803735933463,-0.0136595312923822,0.01745400231900156,0.01915282485879015,0.054414480400587405,0.06330392835303844,0.056332314947109906,-0.0645167654441442
1990-01-31,0.01928445651428569,-0.13101117506223203,-0.04269258642992135,-0.09886602915331436,-0.07892761445842995,-0.09409454490457794,-0.01684359553598344,-0.04145314584075881,0.0304138273685306,-0.05935084096387695,-0.011493716208344606
1990-02-28,0.08477104495154295,-0.040457683351951844,0.0499243249460883,0.017601473033325283,-0.011757845155455724,0.022309287862747308,0.036177825453881346,0.00782843656350236,-0.010886694920242967,-0.009405733963195172,-0.2674419493482336
1990-03-31,0.06845999841041123,0.02194357661433059,0.12843726342066528,0.06556954172200381,0.03175623640309063,-0.03643926955893613,0.04234135609233401,0.03242158617645685,0.0377307079708919,-0.024630030054529305,-0.025656026622239203
1990-04-30,-0.02733600969620405,-0.04540973813877691,-0.0015585607449385864,-0.00028068034551920196,0.04837563371310037,-0.028610222263116693,-0.028608818513633505,-0.038382163159323725,-0.0638756782384472,-0.07558486768295972,0.08196701789893135
1990-05-31,0.1440878202660062,0.1321292371135331,0.20018707736024485,0.1421357912781169,0.16156444949683904,0.1126175467489507,0.0759156377196059,0.09839764913118279,0.09611751845403471,0.06135609155170476,0.00970296340774568
1990-06-30,0.02277672771514088,-0.058560712439331364,-0.012858663323591934,0.043780898394220356,0.030050796102057718,-0.015670827554890222,-0.02785380665224342,-0.010819408495847505,-0.022184854644450858,0.005084470057072288,0.015384156188996911
1990-07-31,-0.12188381666574516,-0.010499787999300514,-0.10468785859741729,-0.003237513524218543,0.05506544763920566,-0.07703847080497435,-0.026170604792956312,0.10077529322614631,0.048529873051666284,0.014198641016046665,-0.030302715912758793
1990-08-31,-0.16792095413436303,-0.12639572730150503,-0.14184824296601775,-0.1020125629509666,-0.09635183407933777,-0.09654085588024197,-0.12035872898194189,-0.025848021646575202,-0.1394715258812939,-0.072712722528222,-0.140625427220626
1990-09-30,-0.10548725360619576,0.015410797017649025,-0.10192484565023903,-0.07404689562663289,-0.05375051270415051,-0.19828761175492554,-0.08795942459218702,-0.008332804465328225,-0.029955782039993162,-0.0012808003629440235,0.010174126811129947
1990-10-31,0.009129986846247218,0.07681597569446308,-0.05605867322790135,0.050388293838623976,0.012011865122193655,-0.1012745031209262,-0.029332270033276306,-0.03120717839909821,-0.015548122022030209,0.09519894627307006,-0.01851845195118551
1990-11-30,0.20488274550830443,0.06063631894493097,0.12681813892369576,0.10132515915097629,0.13100253325046485,0.15467347342514653,0.06692837061644678,0.0029043261686851228,0.037576937359563745,0.011482478744183889,0.029411813436079903
1990-12-31,0.09375430872844442,0.06061876322709758,0.09208179507489603,0.02823815909391095,0.02569757151950658,0.007173645976333143,0.06156415588245022,-0.0028443302568127438,0.09149437185184894,0.03252717647206751,0.0
1991-01-31,0.23630892941919704,0.0021330427855362024,0.08245215819816332,0.050083407582018825,0.08063562915167538,0.20958291967513415,0.08687939871511348,-0.04513744986102852,-0.022349307586054634,-0.026235543597036125,0.07547121382811728
1991-02-28,0.06834118185494442,-0.006438721888980721,0.10987715565950076,0.05617150319146756,0.07533270018177689,0.12438557341220742,0.03513894072289493,0.10647325737915407,0.05349576266501044,0.052352195021757184,0.09806404069084196
1991-03-31,0.03623053812554178,0.07298081319825071,0.04560167302770459,0.06072109547325101,0.07414695203035203,0.1208041328704775,-0.02683134462608594,-0.00018383209038013159,0.01349177472503682,0.02282522551994326,0.04917946003935736
1991-04-30,0.00915056055352306,0.0025511632966596087,0.029577221935165543,0.021024984748772395,0.009085797856622162,0.007759630751480584,0.015217094534413805,0.0027975882062322823,-0.037208645466107915,-0.0016349879436960534,0.031249884627612134
1991-05-31,0.009399017651434681,-0.03607958910909478,0.04123803741893532,0.0489652360964834,0.07995534426671287,0.11200577819390278,0.06304599532723831,0.02139818317246369,0.08980635409737492,0.005933861549401076,0.039250702814999094
1991-06-30,-0.08403784680771338,-0.028556228288889856,-0.04765820587746603,-0.06446580081663036,-0.046809645687548786,-0.03964061124004781,-0.02012875452996872,-0.06939579135317735,0.018842071347329847,-0.002798630167760563,0.0
1991-07-31,0.08316773469187586,0.012177641090170646,0.06347174485681542,0.06262786291607034,0.0755582807177327,0.10781969905375406,0.04586978647977129,0.08346487381931489,-0.01943444212056228,0.04267511962576052,-0.014925932038252099
1991-08-31,0.08391983191326047,0.012091840835787182,0.03729737045446666,0.07673846029636179,0.03606098836867972,0.05368478946927273,0.002875407467149954,0.041408035861488134,-0.023096812526232358,0.02963732956273264,0.04166724680584011
1991-09-30,-0.03789725393736086,0.03060887451371434,0.022409795119589626,-0.0342720009401396,-0.017500328485210707,0.0026434297572189625,-0.023532581038646166,-0.005635941211100071,0.02628387265207527,0.05752902019164226,0.0
1991-10-31,0.09833971432160687,0.05773146967406747,-0.0500115972554737,-0.024354422022492637,0.05521040818344255,-0.002331342554324345,0.06468546463204365,0.006303974546243052,0.04077877947163755,0.018140919881597318,0.04477507458761543
1991-11-30,-0.025194251930314784,-0.044191022723153305,0.004335883580076883,-0.0054323502378946,-0.02663847103967951,-0.09273674603940818,-0.07710114405376756,-0.08839210435808138,-0.020677531447578112,0.025551885090763136,-0.003963149292825263
1991-12-31,0.16858162468334012,0.08768462509542567,0.1827671074474128,0.11513044994204512,0.17093661281759498,0.18314226991134652,0.09799861480942443,0.014446231640286933,0.06940994397460287,0.08774422710937721,-0.02941108997581654
1992-01-31,0.10214878225391241,-0.04777443682171926,0.07621091682577255,-0.01128778210038812,-0.032898068279246746,0.07992440066757775,0.003485167659559224,-0.05193181005532308,0.10828854728741366,-0.05656601194996012,0.1818174543850164
1992-02-29,0.0073378752174811605,-0.013679109971354944,0.02263506286504633,0.03205840208498288,-0.009545970903986666,0.08867476958061209,0.016310863563793007,-0.0070387227272275645,0.024295219637401277,-0.013885631554971712,-0.003315365209435761
1992-03-31,-0.08310440575538972,-0.06439602321311473,-0.012327549269216486,-0.015040972529318939,-0.04653832811806887,0.011496667302952823,0.004249504108462782,0.02517340120782967,-0.07629993877987784,0.0035921682970646795,-0.013157480816122336
1992-04-30,-0.0185647190112219,0.08350395040330483,0.041256412885842364,-0.03880309788165713,0.010720028863070627,-0.0008551744094658753,0.05830081609401995,0.10388258789309357,0.051452513440847336,0.051084075266562536,-0.04000031347876065
1992-05-31,0.02354860295328006,0.014773441598106007,0.05085016475230464,0.05017521056635436,0.026573411880316058,0.0016277369647063277,-0.005762045286032663,0.03579865348622713,0.06899929108828184,0.009486965921652124,0.0
1992-06-30,-0.04992707013213987,0.027841627281029346,-0.013317014213724065,-0.039600126058633625,-0.05340499174567077,-0.015715731263242837,-0.047475288210317004,-0.021551810100057734,0.020445348533729812,0.018073041936576485,-0.0051925452572973985
1992-07-31,0.03383918076955311,0.03378532828326567,0.10679439044011983,0.04213566853342543,0.06580717339310477,-0.004397387235724315,0.029757190810676945,0.08796766517122215,-0.014657902223514633,0.06455880408828293,0.014285307147965387
1992-08-31,-0.048963678593604995,-0.002026510255854171,-0.0626496435117258,-0.005356922255390402,-0.041160057791961385,-0.07335898763205814,-0.047574431186543906,0.03560562517222028,0.012731652005832669,-0.01660114908226016,0.05141061416324555
1992-09-30,0.06753147821060282,0.022495895269042016,0.0667818329473827,0.02436224761601732,-0.009286340990899386,-0.005382163482976976,0.02831606576672263,0.00961802196949244,0.014584510762223446,0.012662128477880175,0.054794974951394515
1992-10-31,0.1596500008236465,-0.05394406307426928,-0.0003052939059033366,0.058146301744637564,0.03968401707741033,0.055673021750783216,-0.017664784168732767,-0.06328539863186917,0.004237771294365385,-0.006714598784152148,0.0
1992-11-30,0.06919218250728656,0.10350010758364621,0.14225643908978294,0.030856942517265815,0.018022020953276294,0.10066129981057972,0.04383752724895064,-0.03504045606380801,-0.03758951124712551,-0.012867860810986786,-0.004534068111577194
1992-12-31,-0.00179922468895084,0.08546110435366794,0.021886953875580633,-0.015311901844036477,0.008610966614717584,0.04265428739604271,0.06189836447966206,0.012746147050854506,0.027972813515685258,0.037651783965755345,-0.05333276290403177
1993-01-31,0.1259721171612342,0.007095606433640896,0.03664325952501354,0.007654639196749437,-0.0333245136226967,0.04915094301490834,-0.01198623778909963,0.04608506905276939,-0.0473027414148646,0.030290472737719343,0.12676070040742227
1993-02-28,0.03636150186632579,0.0876034334736276,-0.021400228229340235,-0.0018314700078140924,-0.08429143151919885,0.03126343117419841,0.0381032173770262,0.06152812776123433,0.018811188677052854,0.06481068655167718,0.13750010096702736
1993-03-31,0.07589628178523333,0.030049411352729205,0.07869507117574455,0.02111239297698245,0.04226847542136583,0.08491055159361742,0.04053768725551746,0.05100777998034798,0.05748831317355744,0.012602003244842374,0.030004321801591294
1993-04-30,0.004255738775579731,-0.09813193561849216,-0.05419628873012727,-0.1030465888162677,0.037161178568383746,-0.02651274734719849,0.05219544999777474,0.025641343436370322,-0.004672784346214727,0.0020097940292566506,0.0
1993-05-31,0.11723380824549151,0.07690021144016046,0.10281635515610395,0.010045598198789394,0.04876403989093376,-0.010600391143489032,0.03273465511860216,0.04225736350452247,0.018236605302235292,-0.01069288476757293,0.03260841227302991
1993-06-30,0.0030631385893748727,0.04449390507386464,-0.040192062194077983,0.020352672697487622,-0.025290149731688083,0.0997773911998936,0.02158757073856704,-0.0315489830193469,-0.02605731172509725,0.03992844951473758,-0.002843692893139016
1993-07-31,-0.07146975030145303,0.06762805385061887,0.0046092347153637485,-0.031204041529254458,-0.060031668274064795,-0.005563729236303756,0.024434797213139625,0.029849781853869727,0.04610128814472381,0.027140393129302876,0.1182797726346243
1993-08-31,0.07106781316798215,0.1563154743964014,0.004007988006914413,0.03524931206842996,0.05241903197187639,0.06331169290849739,0.04295111839066805,0.07780532547354593,-0.020663577854260984,0.035149744892645975,0.03846154110843569
1993-09-30,0.0035737774782333472,-0.02423285370955149,0.0069467092162651305,-0.005229140367728797,0.015149525621965068,0.05798867653273183,-0.023082969585588115,0.025141175614145927,-0.05115922184261701,0.006443000750871208,0.09073295003379123
1993-10-31,-0.0031295960709415527,0.12678370031782982,0.05912571294634559,0.04582927845472159,0.03623890917023531,-0.06350503015130818,0.05165922432153827,-0.05980402956965321,0.07442767007474393,-0.004814499789147231,0.0
1993-11-30,0.016241002662059956,-0.07181377461848577,-0.0050268891709635555,0.03463706282913136,0.03749750052172112,-0.058649982792727595,-0.008479254984234796,-0.08390253984444396,0.01667063677594649,-0.048853149615176464,-0.008620550855168219
1993-12-31,0.003966629564691606,-0.015057865205695112,0.018892103900267576,-0.006769287904684419,0.030314985766778244,0.02010614619343701,0.04588008406717198,0.01392718190891431,0.05118442467211012,0.03725357806356859,0.005745567868945978
1994-01-31,0.10265670173060992,-0.049086023281682024,0.04741933313915566,-0.016583198776724966,0.010374239848578548,0.01610598822322573,0.04544292069178084,0.05792063313646958,0.062464009904592,-0.0305823757926601,0.08968236213502234
1994-02-28,0.014489064716454543,-0.04220290085752291,0.013670728865321854,0.051781022076175,-0.05868552057518585,-0.06488367915312977,0.00943496043505275,-0.04401495166266574,-0.010780767954057949,-0.05979391412729427,0.0015095100662935734
1994-03-31,-0.0006545096988408237,-0.04442505225194363,-0.01467090915821521,-0.0632430041515614,-0.044313039825334535,-0.041909979514833884,-0.03065185990139223,-0.031141576977821984,-0.0228624730340401,-0.040398679685154114,-0.0037975445680841213
1994-04-30,-0.03998150726717453,-0.02533357989742076,0.0695804941445531,0.0007782838063069246,0.03413405076052313,0.08165998714354136,-0.022846858547873633,0.07721883033203332,-0.010466723395058719,0.042358515797002116,0.030647434904970794
1994-05-31,0.010209694170759464,0.052894697938272804,0.0070287585518688895,-0.03922841421217522,0.06399870623335374,0.04827212206500479,0.010739192942367692,-0.0012694741564828415,0.01506366791016045,-0.05350819783235328,0.06723765972176077
1994-06-30,-0.038393778491966235,0.03797461139605337,-0.020001328535034463,-0.011462162448537023,-0.011302339734537302,-0.06611327699748538,-0.025311930241540645,-0.013837267701500133,-0.018359498365079996,-0.024323105253513933,-0.021580859490399285
1994-07-31,0.06077999390283281,-0.03203131130671821,0.03803056657610047,0.03178988138766307,0.0007989520887870096,0.03185795722476389,0.02713153593654387,0.003871245143554747,0.0893188011790201,0.05145121630024889,-0.012096970289088183
1994-08-31,0.11377732959140707,-0.02069791784670298,0.015476096441594978,0.050316115315064525,0.10851953961924636,0.04433963334031562,0.052556167780488786,-0.01252890174644623,0.045464984212072235,0.02314122445668041,-0.008827008827443694
1994-09-30,0.003156164391715076,-0.01721627883181376,-0.06371939333318995,-0.009242967586059645,0.021703161012418832,-0.04405403973299295,-0.06074434861583887,-0.0009920805198495586,0.022973474389834807,-0.009539547376262258,0.0019212751307237652
1994-10-31,0.13905211044816654,0.029756528029248847,0.08077150409107481,0.029499468153695547,0.03529833152528716,0.04133530869482217,0.01835449563231513,0.08594494247695836,-0.03681574106146993,0.02623040651048907,-0.06331298570072258
1994-11-30,-0.026124930717206715,-0.03792201442142299,-0.01688190864198441,0.005063857730790322,-0.007484618195930949,-0.07240800784477586,-0.053758432699217734,-0.08636633252514152,-0.1023759507805901,0.03899068515776092,-0.02735904755670293
1994-12-31,-0.013812118029461968,-0.01588380237648553,0.029701566058350337,-0.04212998283734299,0.025700594503903964,0.031154327874834076,0.047745270225840034,0.0019718453306633243,0.0033106426613989473,-0.019174658058849835,0.06460158341583255
1995-01-31,0.014614610148418573,0.042104031396582996,-0.011718143486213806,0.029499031190720806,0.03935788929008356,0.07574184480494603,0.017543882453424406,0.001183858367990065,-0.021143859962759064,0.06348460978139654,-0.031084271123870078
1995-02-28,0.07928421446080362,0.020180656014110305,-0.010256566708327383,0.03113451680548897,0.025180996742512902,0.06312084492607803,0.05195176360765158,0.08387025529666019,0.09413845543734405,-0.007303953168228095,0.056291619888172884
1995-03-31,0.11160709094007971,-0.010773535914833024,0.019377903771792732,0.03301417018152112,0.03801146147688371,0.017487389972999416,0.06884730457396404,0.0752592144796107,0.09275806981157857,-0.02942826591240997,0.08630842827847418
1995-04-30,0.06571750896865029,0.03708074186219442,-0.028685617105137118,0.011870896774183673,0.01807676086810761,0.0416761491654006,0.03427778345324094,-0.005915068571927274,-0.010844741060620944,0.025328176839832527,-0.03855552812412344
1995-05-31,0.023082997227999183,0.05129604127487175,0.06083050356904853,0.06253589972810146,0.02602680436675104,0.06463961166681885,0.04046003697775574,0.045874290160955455,0.033934600811188965,0.07957344473407031,0.015931821275384728
1995-06-30,0.14040393995769085,0.03803493231539279,0.07047663897129373,0.022974542535270776,0.04876319206010132,0.05270829059860411,0.03831226236423166,-0.05862424362225236,0.02019457432766732,-0.0005686039808845633,0.027742751746554162
1995-07-31,0.07425707620607581,0.05700580446830624,0.06886456413085139,0.020090761355905866,0.047705155386572606,0.054552689232659955,0.07055954809447526,0.04506702043761679,0.051269186130275125,-0.0016122678187332929,0.020007947953786076
1995-08-31,-0.0030911682632179097,0.04724744763324377,-0.014497761137347798,-0.034472532509651356,-0.010197915458871363,0.060283615581285935,-0.025664973103724578,-0.014113705100404172,-0.05763871656214217,-0.011261410334392586,0.039047153250876154
1995-09-30,-0.0248422126266528,0.017742186980740555,0.01791259516707418,0.051697261493752276,0.08540461746043224,0.11181444948446052,0.016960549475495815,-0.0007390349988409372,0.02052555202268666,0.0745230497006705,0.028172471500752416
1995-10-31,0.06106295439772891,-0.011424889299211816,-0.01704692176484333,-0.007186104403933461,0.03287879482909792,-0.08409164889016889,0.002755877177486765,-0.02371881051498046,-0.054045478823539994,0.028413440415666937,-0.03952467018416245
1995-11-30,0.005663899709847103,0.01393108438948576,0.08856004167957417,0.05537689124085511,0.05796480783020533,0.06855637516471044,0.08376503400289179,0.04102634090095179,0.12296770780001465,0.008808417363157739,-0.01289233016625746
1995-12-31,-0.07960635487143558,0.012956186541548583,0.06156095283930422,-0.030226082655596946,0.05426159891148002,-0.03165310081146349,0.03230534312716565,0.0742024103566374,0.05048307158021384,0.06260357367672693,0.06735413506232801
1996-01-31,-0.017999782364399253,0.04836670494480377,-0.02650332012052155,0.012796952657362646,0.041755366451217926,0.11899214898634572,0.03959591955336318,-0.004406395600178059,0.0786671831148632,0.03878582900603953,0.004663238578401341
1996-02-29,0.04510674666404437,-0.0278841821055605,-0.00399641836909805,0.045733646246957686,0.00045012982766405124,0.03761497122163832,0.03665855024696735,0.04412701604630311,0.03283043586101042,-0.033925155372979576,0.04688644417441845
1996-03-31,-0.06354807042907337,-0.06722776478415371,0.1486311801811373,0.053221738739143265,0.014698469802210025,0.027310608662510498,0.04286483651517174,0.06069637929419915,0.03862955546803268,-0.007301635737329959,-0.023840813399297667
1996-04-30,0.09588554802979422,0.011187570189031085,0.03181268938466297,0.02244343176819062,-0.008316990330244196,-0.023695816334136945,-0.019678467886345904,0.04962715362362964,0.020736033509630297,-0.05843400548517508,0.0111749875816467
1996-05-31,0.043250440976046974,-0.0208303680802903,0.051400417931138066,0.06471989850203579,0.041832360177960694,0.020153944108833057,0.028007217131339274,-0.009061177882584249,0.036997619861209696,0.024060678573751514,0.03936877133215777
1996-06-30,-0.04991900424554281,0.026134213356850438,0.006012348830993108,0.04597483303992987,0.005983860350444663,-0.007511194367490323,0.02091384069575189,0.02720246336740948,-0.05153369114136411,0.06424120990000884,0.0013638706710480952
1996-07-31,-0.07186063511642622,-0.10081804866545874,-0.039510910864272296,-0.06478355300890366,-0.08095921565555432,-0.021509400752647716,-0.022892778279079873,-0.05481202958919611,-0.06306599187748452,-0.05664110210873578,0.0046744661769480556
1996-08-31,0.046820245253340276,0.016494625806759682,0.08460570158960645,0.0313350116837814,0.04278377245914992,0.030105050903033836,0.04213499909741675,0.028445594684372688,0.04692127190459369,0.0026901301677158874,0.04604041898943012
1996-09-30,0.08287242677596497,0.022158082501514187,0.04883198992463148,0.022964287361669205,0.07230913397962849,0.057641679091829885,0.06469207406252983,0.02158840722429791,0.018611572444514418,-0.007143918672602801,0.04407149654714748
1996-10-31,0.004984350626310197,-0.008285749160467279,-0.024077130769904014,0.021548076025371295,0.009652674580470897,0.0650594625777452,0.022833407287300753,0.05691020312542454,0.004277998423485446,0.0388198092946086,0.025444208267855095
1996-11-30,0.18661645819124467,0.0941175829259775,0.014986426326891992,0.05709332298430329,0.08752924812348192,0.11677581203587468,0.07597993422528887,0.05898062358357716,0.08234398865395759,0.00374636297843034,0.08021982962559426
1996-12-31,-0.04255100365616748,0.025697767529240467,-0.05373231237764805,-0.004291308977815013,-0.013353225306244745,-0.002797489866694417,-0.025097650256126633,-0.02015869424772565,-0.041361506369978374,-0.0014782665191352073,0.18216126481592887
1997-01-31,0.11585952299880876,0.05018341186309372,0.044240267267029565,0.06956087723699793,0.0927298955750562,0.09260010501557389,0.03146290935293304,0.023488437764372837,-0.025307456930381556,-0.025259222743811337,-0.056452080330503696
1997-02-28,-0.06600390501007031,0.011801440923024561,0.03562755728235258,0.04325190089955787,-0.0033295757850860313,0.05865091107013222,0.0038770645634845363,-0.06563332123303,0.11680088859740623,0.0019757907281354294,-0.016981534706590695
1997-03-31,0.010257469252425301,-0.08605258164422225,-0.03435980864878672,-0.007166092167419147,-0.06444064226713052,-0.07728132526270456,-0.014444753554645084,0.046543250446726935,-0.11221226731777481,-0.0336400314078118,0.04568118943570276
1997-04-30,0.05502080402154179,0.0518150570256215,0.045506813175171024,0.08146768977843845,0.09672313944151122,0.06214116602552079,0.061421232347359134,-0.012336247391858767,0.016926797806442045,-0.015738944797461074,-0.06349749894795353
1997-05-31,0.08145106300570587,0.06189666978562373,0.036846491001647365,0.0925752689025109,0.05648593116404142,0.0569732877317635,0.07673919532322454,0.07803307835093665,0.058239434416946956,0.029066357239314566,0.0329356250187921
1997-06-30,-0.050184710697393255,0.11460916313240326,0.04170243726541489,0.044361554028931036,0.0756274837509749,0.06429932728977876,0.06639813168914385,0.0033376652536562857,0.04590860442609554,0.04573271825094209,0.08265124770280874
1997-07-31,0.13663093564790854,-0.0010780140933181286,0.13935059433304625,0.10812555070003195,0.016722852663261036,0.14581897073124722,0.05553521615767673,0.10522144500536439,0.019529203324743893,0.060126949411801967,0.007478740509813786
1997-08-31,0.026319838008707217,-0.016853370366865145,-0.052925287440795436,-0.10638672456443383,-0.05069989979371151,-0.07084523169980426,-0.05584907363239218,0.03209477954903321,-0.03067814564871324,-0.014685789420595063,-0.024264612064097302
1997-09-30,0.08178401986286496,0.1148220862326786,0.16507192182134442,0.06879212471079597,0.06814181265251668,0.10476355243602982,0.006221116299220106,0.0469976077318802,0.017881836496505377,0.045112693169629625,0.052655772728390615
1997-10-31,-0.0916956569364251,0.03742930467233382,-0.012864265859635975,-0.019831577477805618,0.0012080567129339778,-0.02798510616012893,-0.08139901363784562,-0.0222981976168952,-0.15407671167341824,0.005701279126238945,-0.06711524666234087
1997-11-30,0.010941186836996115,0.09333843271031823,0.011286440912106923,0.0873509983601162,0.04923240359208371,0.06265591659366831,0.043186359528479976,-0.03595772928677639,-0.06263238333322332,0.07492222177831445,0.03932258353028495
1997-12-31,-0.09368841258632918,0.057532768655641865,0.046287040034560224,0.030036829171075276,0.06056618594816184,0.049438759609449656,0.009559628799026193,0.01183548371417611,-0.041087913735360804,0.04803445837628195,0.05687497549228082
1998-01-31,0.09434637469659721,0.023538549365660133,0.013260686607097163,5.1481854846634e-05,0.02752673794225276,-0.04677456449321958,0.007961253079446368,-0.05744395859169251,-0.04956906123021798,-0.0727373874591386,0.036523109038665104
1998-02-28,0.11798689511548775,0.021002849376032622,0.13750830200651937,0.08984143079128905,0.07936776407475771,0.11449059182474078,0.06498916049086412,0.07675437055863395,0.061191966372091344,0.02323422100940724,-0.05298040817723718
1998-03-31,0.0624186632160779,0.09433554980475552,0.11030806528982619,0.09938445343213183,0.01901764581064411,0.05531494840327914,0.03550476933282745,0.029542713135122023,0.11177999409806283,0.09273401763848366,0.07961742180532028
1998-04-30,0.04046867601084378,-0.036109206996942866,0.04961548097316648,-0.006039238625334953,0.02589880379787488,0.022941514924151307,0.00033943700979591207,0.04512954930821369,0.007335531982003429,-0.013298348321222253,0.01346385076105433
1998-05-31,-0.10170283487472961,-0.038845916303484586,0.0536072520172158,0.03462471360650911,-0.047008079380193885,-0.02323392305225112,-0.04742769689974222,-0.04771626977106021,-0.08924577060114763,0.03316500042119426,0.004489545015656099
1998-06-30,0.0969401213750401,0.06779906843631227,0.24404061413345524,0.06306162482015076,0.0552242019730015,0.06540180340349021,-0.013996986680539975,-0.020177270287542036,-0.06740612057653678,0.02583418924326657,0.016600142688922792
1998-07-31,0.03161205558109555,0.057275413932683795,-0.04093006940293953,-0.03749591470098549,-0.036048543643991016,0.002860426633212113,-0.06827373784892564,-0.08645260510178618,-0.07357759778375661,-0.033124965022361307,-0.03974597872706667
1998-08-31,-0.19713497265415272,-0.08945929138023252,-0.1803426948880809,-0.17077151025183526,-0.14649322385770638,-0.25583747628693543,-0.15454960372397888,-0.13844501299890166,-0.2220956477748459,0.10601010056686828,-0.13199773232429007
1998-09-30,0.24145843842059528,0.16921392518469514,0.08550918414657756,-0.03759937098775723,0.05576906556770744,0.008785600560291476,0.05019578273585164,0.16546325264272807,0.17293881674048184,0.06129186202822523,0.22385248048266412
1998-10-31,0.08222173749266327,0.07011938433448428,0.1375400867306619,0.21532168742240035,0.12977131012996054,0.20609851439402566,0.11965824761576788,-0.012548283844401565,0.10182228115739236,-0.019839128778431726,0.017637398810541806
1998-11-30,0.13163978530979847,0.01636975026637703,0.13700509717943915,0.05753273293538947,0.05165358638974582,0.07840189410360067,0.05232793868774091,-0.03839125537628933,-0.009922165470227368,0.0020437650900715144,0.010835279143439647
1998-12-31,0.13986294667979562,0.0992032686149024,0.21569267934333716,0.08306919625189724,0.04005415213695534,0.1103023516300594,-0.052155515344813885,0.03519668901517672,-0.07529754456026322,0.014118029589432424,0.2042006389523709
1999-01-31,0.13001139787931854,0.08783836156745022,0.050101629507787626,0.025115380396743454,0.0012330912209312065,0.05311634591646525,-0.002340629687686252,-0.041240386055571385,-0.0848493821178003,-0.07215614558650467,-0.06797428181749332
1999-02-28,-0.0630759875159869,-0.005395551238460102,0.04762399327016752,-0.009340689885437745,-0.0033876652859942003,0.02868858205173657,0.016119008686912906,-0.0033471643975607535,-0.005039634529999892,-0.058314684996106904,-0.04716560058955381
1999-03-31,0.09800949122069187,-0.10140927022704826,0.08180298954766829,0.06640799272158851,0.02184334039161384,0.09901295592292492,0.08655895620784439,0.13656983488876331,0.06909237648700373,0.0361693967697986,0.008932102174131451
1999-04-30,0.0827845420499747,0.11147642788938494,0.15702254790676634,0.0030054548759903543,0.01868467464112806,0.06858621302059358,0.1484610525986339,0.11721823859094327,0.3975794935451155,0.06513320563918423,0.029619136183530827
1999-05-31,0.0025891782056173263,0.004755399343859601,-0.1140012157942253,-0.0432021909009385,-0.002918025249567536,-0.05990010771558585,-0.06294639247747055,-0.023795530161052337,-0.12740975190605563,0.055296632225983175,0.04434491005276255
1999-06-30,0.18067241439162143,0.10720212938053053,0.05473018019688755,0.02865642006326996,0.03214109550492931,0.07152101856016099,0.05928588543696085,0.015299543964896412,0.09139674894523508,-0.10060688131779645,-0.004111539878155513
1999-07-31,0.02740137939357387,-0.009269463825050894,-0.16313947682897928,-0.025035617358815987,-0.06623713285963403,-0.10894982568785243,-0.02835454158489202,0.004766840393505478,-0.08878549639761338,-0.015718415299266274,-0.01714213104375193
1999-08-31,0.14174499263775112,-0.12525559468127154,-0.010243200710489814,-0.0017890427928751729,0.04394692378789869,-0.028888397755080522,-0.008803864474294237,0.04578107187174298,0.023512512419819998,0.02837948757864752,-0.07092362464476423
1999-09-30,-0.024803152213035428,0.13081842421041526,0.09200263659193574,-0.059607744172635556,-0.1077791101252979,-0.06177520210737707,-0.03556818364772524,-0.05839284553410651,0.02052189557008746,-0.058819270547505485,-0.01148309308425457
1999-10-31,0.08889631918269432,0.019062993684137625,0.024475791548182815,0.16911761069002493,0.0859296869190281,0.17213919074148554,-0.010312189649050327,-0.016634321568557466,-0.03085247363905,0.019796353294661694,-0.012160235015082699
1999-11-30,0.27198255317320463,0.029557940629427997,0.0010260060432898954,0.04999108981045132,-0.0019399367900536399,-0.0022144336865068176,-0.03614712294271391,-0.005327838950790187,0.04011412936738415,-0.10829267851147002,0.0949619768406886
1999-12-31,0.23457368682095656,0.009267582158931162,0.011200514680489243,0.04368868098555042,-0.06631907230439057,0.02180023268803201,0.04799557441957388,-0.00557896021273876,0.1358878703721118,0.010350678760260478,0.139879073749178
2000-01-31,-0.02508138399825352,-0.0669220223840878,-0.031157472021454538,-0.06362184789842655,0.021947959239385948,-0.011714667242036562,-0.09583156987035002,-0.02854013118643639,-0.162575648028855,0.09496950728626019,0.051926714417298125
2000-02-29,0.24838468440988995,-0.13396202047440686,-0.059130869916795545,-0.0943178303455501,-0.10042052569246411,0.01216232774965758,-0.08468857242630229,-0.014152816173291827,-0.10704035672394377,-0.11882421226149915,0.06386209584481335
2000-03-31,0.15556792661839644,0.13206187048112428,0.21236837890992988,0.03884940910875344,0.10737792288439799,0.16381395968675852,0.12223425424407036,0.18231059665541144,0.06085462123905758,0.060717401237846594,0.04024342250688699
2000-04-30,-0.048028998104846114,-0.006421951837582873,-0.08365217617819472,0.004515166994551012,0.098380289185891,-0.032705551458544826,0.05859244705068042,0.025203731008432272,0.0005928525115458938,0.11946216969584308,0.03139989106697945
2000-05-31,-0.09207822184469912,-0.05282058697187497,-0.09680289579554018,-0.02180832286651784,0.027088911604933145,0.010289704620480646,-0.016148922905840753,0.1291954773496301,-0.00040442176663155194,0.044209608041069284,-0.10432952421319994
2000-06-30,0.09290439098377723,0.0010288503069676065,-0.05695122395447319,0.018034819708435297,0.11331244262051464,0.04612976513425439,-0.07592997217356261,-0.041962282037861384,-0.06614325096791679,-0.07732621927304087,0.1028654998987828
2000-07-31,-0.05689980874084081,-0.07648797604244557,-0.04352018809772659,-0.0018461258979584696,-0.04584615416317989,0.11262704293660329,0.05507015551968575,-0.03227469734283408,-0.01729541768130477,0.0567501606582661,0.05518433645222467
2000-08-31,0.17181670284975384,-0.000290277899560043,0.031845000282847494,-0.07007042172602927,0.014193822711983736,0.12213938119440362,0.030272547202339937,0.153610664949629,0.08721126820980835,0.1612603764336768,-0.05590110257630376
2000-09-30,-0.15956030326293247,0.13876641821174673,-0.045334039396713266,0.03919983329760979,0.051695019263219476,-0.060882460656348426,0.026642777819705574,0.019539542184588133,-0.08552764429549548,0.16646614587996686,-0.0765981104260282
2000-10-31,-0.051768520713365435,0.11776611836957573,-0.06947463803861681,0.07681270944981852,0.10254755307717615,-0.001622311790381106,0.12637439420372915,-0.021563234412705932,-0.06709561708601328,-0.00560197598637,0.004000915821437005
2000-11-30,-0.16179822493384796,-0.04706635005505766,-0.13866925002628794,0.022307211949494903,0.053836311113903204,-0.10794211725369554,0.0029296136689467784,-0.03931795981685619,0.013883799906991928,0.07452060256869464,-0.16495362997479338
2000-12-31,-0.07963554368278426,-0.04568712068421932,-0.02359722425371978,0.07589379844197139,0.018201992126459184,0.13030006786538104,0.04460874393081783,0.12111727541408941,0.1479361307415703,0.031001604086078705,0.10992583800243134
2001-01-31,0.20398739908371458,0.04921678441312127,0.19829800429316807,0.014222513339235568,-0.08647573228659909,0.007912406985660536,-0.02271964235753375,-0.05056848743610176,0.0480306802815153,-0.13282931326158226,0.07778465132525636
2001-02-28,-0.2055593193700828,-0.03557210891214361,-0.10264476389056666,-0.03755817711897637,0.014110615561582156,-0.10680517640060463,0.003906287903974823,-0.05025340357070287,0.09279108402553071,0.10601101045727575,-0.11426395585924766
2001-03-31,0.008746084470205648,-0.03356901775097384,-0.019009066801598973,-0.06999508545040223,-0.0787625842723238,-0.06792909440955251,-0.048159705899229195,-0.01873334063032861,-0.03904112000349083,0.02342197188176831,-0.23563237582226482
2001-04-30,0.17477207036700793,0.03493752467160353,0.20911585110969438,-0.0030502905088937,0.056535026230425625,0.05828127595248335,0.08983327459535445,0.11189576368719689,0.09887585481234412,0.052945582305991515,0.2096689805636596
2001-05-31,-0.0419216365402251,-0.007566393495548107,0.030012081835539994,0.0329203427467354,0.013028157037528255,0.031554238143369835,0.02442013425802736,0.0025516553627447313,0.09526916404686697,0.0011008200573022985,-0.0603865234967525
2001-06-30,0.0782655720580686,-0.010841284315272278,0.07870141462102469,-0.015164696341708837,-0.07181374447526595,-0.05465061056231291,-0.07490698673099903,-0.1126263458060714,-0.11625742057003521,-0.052053505862292515,-0.020625756487259877
2001-07-31,-0.08387306379501297,0.0070777782575070685,0.00165599689911744,0.049688043220437544,0.07142758777457983,-0.001485792703815905,0.028245216725229602,-0.0018887471551064516,-0.041066768070374904,-0.04936443413614662,-0.0583127461935106
2001-08-31,-0.08845057098484788,-0.06328263873351518,-0.12099202754588602,-0.02380372070889726,-0.02665536011643257,-0.06932229445262492,-0.0354578242036054,-0.04326023659612901,0.08406382457034689,0.00939001656516567,-0.06324053431149342
2001-09-30,-0.19734224761249308,0.0694113637725865,-0.1699857035333996,0.003740296299241455,-0.016369972920684414,-0.07674448690567624,-0.14987631956695646,-0.05982574579054436,-0.04060934228838223,-0.05110924771220744,-0.10558458902524104
2001-10-31,0.1879262665744201,-0.08492291419178714,0.07593216576048464,0.012645328384913751,0.03667725460288895,0.048515056841176,0.047135190481239854,0.06893892308288088,0.03855884310804508,-0.016887298458650647,0.051370797515184086
2001-11-30,0.18910697146035207,-0.004818018114573904,0.1717014357439378,0.048639993807697526,0.05787800172308614,0.07579897310386646,0.0722579855361399,-0.01518945910739491,0.0785169397185368,0.007155086220175822,0.32291832587277003
2001-12-31,0.0008407868277649777,0.0029322112288151883,0.05163056421322919,0.034344590501905414,-0.01798602368085854,0.03997641447642977,0.05078043622937957,0.09098380857302701,0.013460294247302024,0.06938812809229393,0.14334495543841766
2002-01-31,0.03541000835837053,-0.01904463367678329,0.0861105733449534,0.029524544391009502,-0.006366222678357946,-0.01325309115423496,0.032756784548005756,-0.04092047768931599,0.08519496005978283,-0.03762589731849362,-0.14515267930558534
2002-02-28,-0.11998036605637163,-0.003161764981092811,-0.0634628385388683,0.0049468570785207305,0.007732541872664835,-0.02136381603331346,0.07128846970220924,0.033696662486386586,0.023145566818898955,0.025588227652227548,-0.10112914747096174
2002-03-31,0.04545897628705451,-0.020887198798781797,0.056646906797891056,0.023675673374230946,-0.01013862728569992,0.07786036740205651,0.0112730062317739,0.07116147261317707,0.11434578366552284,0.07219088364468922,0.0506231866501519
2002-04-30,-0.11815885029020928,-0.14736538983696426,-0.009180901193173871,0.00019532821694344393,-0.05291897859771839,-0.0273862459353168,-0.04271881968870363,-0.03678999074947844,-0.019322687902094265,0.0338433561280197,-0.07032615614179917
2002-05-31,-0.02435407745297723,0.07606334851713419,0.017780564770794344,-0.004833830110092627,-0.011855190773936621,-0.017763318375436925,0.00977322103770046,-0.02342391455296431,0.05779794547555678,-0.05291240715576151,-0.1270807827519559
2002-06-30,-0.1285589813445907,-0.12029782857643305,-0.08649220623082937,-0.03175808466403303,-0.09928437368960746,-0.05742419508353891,0.002046608642886897,-0.013144721965016194,-0.05503212210253927,-0.027522396467328392,-0.04845683612288728
2002-07-31,-0.08998396492053946,-0.11837156768086461,-0.16823648847868203,-0.07625876234574663,-0.011434743922826507,-0.07032419016209898,-0.035688220441704374,-0.11751528927364277,-0.1057633315344074,-0.08510001516366543,-0.07225551432767491
2002-08-31,-0.02631907371931913,-0.01180599257569607,0.024700666012179823,0.01855616858388834,0.015171097809496313,0.0409037980760874,-0.03404109209111131,0.0104977140480083,0.0934129287652688,0.023720963972536712,-0.06660987911389109
2002-09-30,-0.1477161313837415,-0.1446348366335893,-0.11412878928304422,-0.0558073403010719,-0.05098614456821223,-0.12304918185409787,-0.08616083683881087,-0.07896150315845578,-0.09945358361577572,-0.0968844599222712,-0.05397990103317698
2002-10-31,0.21136362182615612,0.26341889226456844,0.12374745554294253,0.05231457703058054,0.07328471042310297,0.06905658711790262,0.010731625327914817,0.02687790089123394,-0.01914268477530892,0.029686816061241926,0.023655515948575512
2002-11-30,0.21088188154673068,0.07326266630529991,0.018542407213504364,-0.011730076543913559,0.05242509337665288,0.1066259011658614,0.0671331461075949,0.04165851082264491,0.07513000631036165,0.0005414531976764891,0.37214305719875185
2002-12-31,-0.17021760316822573,-0.039320809347779484,-0.10533059951340044,-0.03686643631381849,-0.03377929583502483,-0.0647115052875721,-0.028394873377085485,-0.0014446411211603393,0.0695392950115564,0.022156709067921443,-0.09470686848571423
2003-01-31,-0.010128559876174706,0.012925382366959393,-0.03209327479799687,-0.05121304024377439,-0.023182920653751812,-0.01209590972311942,-0.0404823808215869,-0.03807800473095328,0.007379448251418064,-0.0647763413303872,0.005792887867792769
2003-02-28,0.04578237516907093,-0.04944456456695131,0.029596110656323726,-0.013045898286402777,-0.02735814262788472,-0.0395188034946214,-0.03717697157626638,0.04914180147187528,-0.061269251350977355,-0.06004272022625319,0.00806356512687236
2003-03-31,-0.015027438490552972,-0.01162364760866826,0.0850916287076304,0.034698414308926576,0.03483800927656487,0.003767029490375847,-0.00874521620042654,-0.007326301598684215,0.026240665727471357,0.04225799831467873,0.07063784571938227
2003-04-30,0.08513394876020142,0.12441855979993921,0.15072100448392367,0.07772013118067567,0.05652353269569305,0.13893803937505175,0.09338223541901157,-0.005271059903936015,0.030936775451835763,0.09443976249045707,0.08820026842293423
2003-05-31,0.14656028790800293,0.014407713358384274,0.17821216696986336,0.04628256054515133,0.01668910200625864,0.061325870194498075,0.0309634984128409,0.11364249078949432,0.10267932498123444,0.1025062769644165,0.38741255320693097
2003-06-30,-0.03734290013881616,0.017157197673803193,0.01662969606784588,0.002944058153568116,0.04514486304257521,0.011163901534120316,0.034031855049433055,-0.005470849931998667,0.044275923637957654,0.02098920446354997,-0.011171054947094453
2003-07-31,0.04599783359518928,-0.05400778063465198,0.10088593057050271,-0.017462541047986294,-0.01340170935410064,0.033049919558794355,0.060392586862150405,-0.03450806159738866,0.1006882314875539,-0.07445419565068209,0.3159027420286886
2003-08-31,0.11652689664545263,-0.0176688583823252,0.08234721923202808,-1.8116421703212593e-06,-0.013474819248202966,0.0031846844527656883,0.048250328977586444,0.07007638756937715,0.053390601572170626,0.01095065146246863,0.06097891749315774
2003-09-30,-0.016118844125410602,-0.018423989867944062,-0.026963261679718006,-0.008123762078943816,-0.009536798147689311,0.024441680653973244,-0.0460356444134942,-0.02123420929939155,0.007730781180733809,0.047274952137127936,-0.008265385296357583
2003-10-31,0.11889474071607974,0.0829698191283812,0.09244036754038203,0.04761075098869354,0.022786090808992878,0.07254889145929218,0.08621401198987579,0.014457083733527987,0.10591188115588113,-0.0012599757692523638,0.08422544107225838
2003-11-30,0.02643477740810225,-0.03961018411147869,-0.018957745234983697,-0.00024064466094607384,0.02598010779070952,-0.01400115590349286,0.005566973851702819,0.0008331375009650533,0.07756894690652899,-0.004974143579432533,0.10901952063458308
2003-12-31,0.02924191791422708,0.0752377790072365,0.007907970669318726,0.00783815661763164,0.07308356588598758,0.053654074305354085,0.09047094490685763,0.14199444712888978,0.03842703966447844,0.07435598336420943,-0.013678858331096999
2004-01-31,0.02014533891046817,0.03169792170640943,0.00825049852206404,0.0033385714999177862,0.014349257393268065,0.03959629778313359,-0.010967394912043682,0.0198868706662648,-0.09806857379455675,0.02874832276882857,0.09794243094428319
2004-02-29,-0.024964645440897732,-0.046750492723277394,0.030548596711562806,0.0719431964438707,0.01228458701042745,0.024663054854007313,-0.011793880726382187,0.03266120046179548,0.04807189883914206,0.025447809191128858,-0.013284673701809838
2004-03-31,0.019677522715050567,-0.021452671778943572,0.035511089703347515,0.0023235393687489614,-0.037888186952492124,-0.015565355888937926,-0.018326431334065172,0.00299747777016397,0.015249312368259132,0.006665875845317371,0.08298710766907502
2004-04-30,-0.0670022580644092,0.041243103668174554,-0.022330058735919103,0.0035971895043979962,0.03818255398664077,-0.04455777816396205,0.005089351819164787,0.01561264807584679,-0.1087709894763588,-0.053077302221900526,-0.0807530227711419
2004-05-31,0.05370479733175926,-0.05734753717275728,0.02625250730866087,-0.008073435282545158,0.02805150173287343,0.00199903423872056,0.008515164444491815,0.023654599094020123,0.04540588697635067,0.0054453079093970125,0.08733401128128504
2004-06-30,0.02089218292348402,0.013468114031606157,0.03610300435930312,0.009897529505176694,-0.004883082121924577,0.009518484378112448,0.06457106937238224,0.06733211596005688,0.025157054461401235,0.00906676445559904,0.04070129246762296
2004-07-31,-0.10126281397587168,0.0382416591605953,-0.05931102928642548,-0.04187229075755751,-0.0532062254872563,-0.035551651760222486,-0.02041438975850633,0.035067088312479955,0.0191402174417713,0.029967779150984475,-0.015176234474404008
2004-08-31,-0.024659483797911188,0.021427636031602432,-0.01679463262161865,0.020393112909580707,0.02901914271801303,0.04479753012607121,0.0042019346560060455,-0.03056368345168643,0.05436249244818275,0.049136356513803305,0.04344756351541832
2004-09-30,0.07381088616386317,0.06949915866890666,0.0538791407581969,-0.03299072949774827,-0.026750323816344197,0.006145768766271598,0.02767914648668717,0.09816616959806224,0.05113577430194005,-0.003780049930613516,-0.004760708361387571
2004-10-31,0.12629830177853887,0.1265840149958549,-0.0014408101783045524,0.03766761684616776,-0.0023970287343536073,0.01045257037230607,-0.005172742938210807,-0.004421130718217548,-0.022764991333512036,0.05119834761442723,0.0913785434908984
2004-11-30,0.06374240365943566,0.005947970087673171,0.07858053462761368,0.011108488985919318,0.009096173872287068,0.04635888752902739,0.0825630369659727,0.0667110745401129,0.05482915075758796,0.04429831328345406,0.057398592613804277
2004-12-31,0.03991117649265903,0.04340826850655036,0.05319818775824166,0.04081282994007125,0.05763845454085754,0.04197758216551553,0.01845607477636065,-0.022035374227219174,-0.018610817050519285,0.029728594326349934,0.03602510305920872
2005-01-31,-0.06640397603020937,-0.04830619517722384,-0.04662528430421335,-0.008973099956158304,-0.044407241360435425,-0.0074134578374608845,-0.04341312138322116,0.03379592104352347,-0.025065125420143386,0.02419314002345909,-0.04462483792430003
2005-02-28,0.07177617314282533,-0.0018280213269315504,-0.030627970305587573,-0.00014731069440361566,0.03371424082437756,-0.008753819378570362,0.03948397574778165,0.18446582801812322,0.08000147513645156,0.0011074449639798755,0.0316643925999557
2005-03-31,-0.03061123201166684,-0.006892331595670043,-0.022694965392142982,-0.018324180833060755,-0.0018946447438885627,-0.02369140199212416,0.007721387319218182,-0.02858112891800759,-0.0031079667045134374,0.016237575397868898,-0.008740291209535678
2005-04-30,-0.06467359584814178,0.05293793526882104,-0.07206890284066947,-0.019092568150524653,0.026003432273657152,0.0009535472648109068,-0.024616474147924203,-0.046404916033923625,-0.07853016618629918,0.043707927014435335,-0.00986052536600466
2005-05-31,0.12728326228516118,0.05851377362195978,0.07248039475583358,0.04319426380892963,0.011575110083168508,0.0068682061349851775,0.048688310989259714,0.02343777533621849,0.0070824647439599875,-0.009058869055673569,0.05794035047071507
2005-06-30,-0.022047791868445785,0.0014321943909609836,-0.020554304936205164,-0.016728184135838348,-0.007850157739535865,0.020381192255321905,-0.013280430780631593,0.07622292076331183,0.028290678333653896,0.05511480273211093,0.10622688266385094
2005-07-31,0.08755761452548172,0.00766701396218597,0.10660948940612605,0.034710820391479685,0.010521971023903572,0.040379574200970506,0.04632198794940953,0.06659437258787038,0.02393936291554058,0.02622049549071468,0.06883476262416681
2005-08-31,-0.010719733184743584,-0.016332178167812156,-0.05562017820960692,-0.025996130398283024,-0.03309836251806316,-0.015436405772931927,-0.018843337083316855,0.04376475845521503,0.001488637198728382,-0.002084078848504478,-0.0013616144749386179
2005-09-30,0.06008569371753178,0.014270438933675578,-0.0016413806008052367,0.003963368268657466,0.004646207583500539,0.040690098406088185,0.005447770149510454,0.0659106294464377,0.08933205620341797,0.041967199454660806,0.01613774486347269
2005-10-31,-0.010658056494665114,0.02793951451473753,-0.020221944625529092,0.0234114123511672,-0.031679600534131186,0.048289509995334975,-0.026397254108509696,-0.06275168868639791,-0.001370316596668808,-0.055868406967785944,-0.03580121502657774
2005-11-30,0.1094226826018169,0.02417926888681382,0.09685119451101769,0.013017069204248916,0.0076294531208789635,0.04992762941656324,0.0741244748967206,0.01798211043816984,0.05636811611765491,0.0004265395545802075,0.09303507184190567
2005-12-31,0.004732167094255091,-0.017157607563391353,-0.02381320164082333,-0.008690854938940784,0.04511079045778453,-0.0017218346152583096,0.014939557347735407,-0.008082155051057383,0.05685728471596885,0.006678146234226334,0.0024384749188649155
2006-01-31,0.08006068752253673,0.06491197009624289,0.0057702206786359594,0.007948286236340182,0.03746928422972281,0.04838751998041814,0.04162939215761806,0.14798085682044052,0.09868011309241917,0.026576502472913967,0.11379166654697796
2006-02-28,-0.028172139156104017,-0.017458840268721604,0.02560552578200538,0.010254221759993354,0.01702432466782295,0.0326661256062331,0.04238235677652316,-0.08811282969065784,-0.07273945122821013,-0.001082268392211949,0.04186919232979732
2006-03-31,0.02695726174665973,0.010320488803094136,-0.007335647964209754,0.008861264493331036,0.011322692850881647,0.01528281596870641,0.03789582572531428,0.05125226992870453,0.06343822052952325,-0.03724140427382176,0.02576932800135623
2006-04-30,0.019446098934230098,0.055346355222625515,-0.03565863204845836,0.009585112670675161,-0.007222083947540956,0.059808777367012574,0.03551940378911695,0.04344010626017993,0.06206059004446968,-0.002884174337454004,0.031317716312163756
2006-05-31,-0.09984150690044236,-0.03326216001540544,0.015684705542451716,0.009643219380942591,-0.02866661327603913,-0.05324786998257848,-0.013192489376292051,-0.0413109362402269,-0.0885227021217673,0.01376382608861657,-0.05915472670090225
2006-06-30,-0.02722398312533248,0.0725094257434653,0.005635569383855121,0.0015902824331670562,0.02610148856994854,0.007660536521848305,-0.004359211820655672,0.02629851862310333,0.010709593980981952,0.019006409620257236,0.026074923399088994
2006-07-31,-0.019698766615183112,0.021722454754326215,-0.07423990742000258,-0.007530496748430718,0.04740546919643147,0.019613264768231588,-0.048353240977299414,0.06281815567109277,-0.006525639411315148,0.040456670208800595,0.03274833915034001
2006-08-31,0.13227037263387317,0.019137225287773563,0.06612155459085274,0.018257907068566184,0.02305941694993996,0.02542593463380637,0.006212414956153212,-0.058890772960168355,0.037767142886398486,0.029230470495621663,0.04696972617282905
2006-09-30,0.053200822126198685,0.054047050064188695,0.06049179331241995,0.05162303793644188,0.0239159600934094,0.09462082665309013,0.04426298319186507,-0.009048187145884424,-0.048785339272023165,0.0028707485438833613,0.023255802791345963
2006-10-31,0.03933649224301948,0.09026731754352935,0.07980714222477556,0.02383944546174524,0.017774125220737253,0.03661997915528929,0.011474618145897194,0.03178369502397196,0.06733282563445236,0.08004480352774493,0.04386558292381485
2006-11-30,0.02396721809610699,-0.004288933544948165,0.010305495295400938,-0.010815311339208197,7.378387845709729e-05,0.0331435663536786,0.04046381183138947,0.08545198586887923,0.025955434792707816,0.013946521166592164,0.06248593447411821
2006-12-31,-0.019821907794453832,0.029030609674280894,0.01992110166860292,0.01187620800977457,0.014090989658501566,0.03219499410264833,0.007532449240446517,-0.021415404837025774,-0.0405412083162085,0.025938228361948035,-0.01911142629331795
2007-01-31,-0.005645796588465253,0.06246540218907998,0.012177212447311916,0.03126430547078446,0.03796543109978028,0.028314925896533127,0.03297456402856686,-0.0011106540084458104,0.04053299866481852,0.00878651446413079,0.09195430894084138
2007-02-28,-0.02240487288751225,-0.07125556360926727,0.013225193564980878,-0.020226982819552403,-0.029518450771460772,-0.039301437313304634,-0.0011882576323634221,-0.024051036070666144,-0.005364046357012736,0.03961718879877085,-0.037355185152182
2007-03-31,-0.003215256937018014,0.028423417961711106,-0.00048415327134444797,-0.008148151302479562,0.013265319774421544,0.003023949576029761,0.009862848346798798,0.06636753268247433,0.026387897734044652,0.043535334204214404,-0.008297433933463827
2007-04-30,0.06388597090881885,0.01695318808560431,0.08529826363855895,0.031175027740403108,0.062338614715691056,0.043093277396486454,0.057030955477077275,0.04352486852687552,0.017976884756848388,0.04448391587624538,0.014329692386827797
2007-05-31,0.05536544140720424,0.11270116401642034,0.050734699576922046,0.01767101844985254,0.024321778218133933,0.0733184108082212,0.058703402434772935,0.06643314205521467,0.055421340695257615,-0.017114576766862566,0.018001053169851473
2007-06-30,0.011552136627748046,-0.009624981181502835,0.016153653200291523,-0.0007149968578361587,-0.031774369068245475,-0.01921032916963491,-0.01227268239618647,0.01988105678211567,0.028016349027042753,-0.06826540711413873,-0.058369700386109204
2007-07-31,-0.005250746870803479,0.003627895942288717,-0.029049548029716155,-0.01140888763090861,-0.036393785240013736,-0.04612387139770195,0.029424988539156316,0.02755801251051826,0.08662599394755133,-0.027813726776648128,-0.034315995851864976
2007-08-31,0.03317885964784379,-0.05011369147453677,0.055185430808564376,0.023294380153613042,0.03750186764566424,-0.010252932868676734,-0.0008848416116867449,0.008452795123860657,-0.006992917588382552,0.04569288259223554,0.03400255005414984
2007-09-30,0.06607736651197532,0.029178368964680956,0.021605066011903817,0.04428798225488961,0.02193582723701526,0.06054260895456807,0.05872393946718436,0.07593059683684537,0.11565815342539626,0.03567004163511447,0.06542177032687387
2007-10-31,0.051104418408225036,-0.001817315970721256,0.028678051230785345,0.026742790457480126,0.02473392070526696,0.07505803237146759,0.005212617077515056,0.018084402754825434,0.07108262826603107,0.06093828815272664,0.08584902983776917
2007-11-30,-0.086655052316827,-0.08635525577986794,-0.027718129070538403,0.031255632007132536,0.020151694305754378,-0.03918677937677141,-0.016458933314814836,-0.04346467229478286,-0.043027614922835966,0.01791803289593543,-0.03543492184837795
2007-12-31,0.027089873229484536,0.024602597376942016,-0.04212490397198136,-0.030007788752301937,-0.013759304040087232,-0.011310747804522913,0.003955529396854667,0.07002734753691153,0.015614820524779638,0.0009202882353484876,-0.05251792576663067
2008-01-31,-0.1111171825949186,-0.08378142277547558,-0.016441251507989668,-0.026703288556457525,-0.08499591162578247,-0.009919572833146095,-0.022665134705686332,-0.10802210558438208,-0.04978893298390763,-0.06539837251378677,-0.08891833000152316
2008-02-29,-0.041507897491179405,-0.07428403098291654,-0.05169233047155633,-0.009150523929468038,-0.019616036495080938,-0.11691821367575901,-0.020868116260200662,0.1237031674136165,0.023022522443213483,-0.039793588129942915,-0.012493623513163151
2008-03-31,-0.0009465537922199046,0.019384097826186886,0.024975748272971457,0.03220084856952268,-0.04047010124081336,0.029405997710319952,0.0012729428126555902,-0.021333176647034092,-0.023164137046624567,0.03854205362642218,0.03733279655189453
2008-04-30,0.06036734002659261,0.12384494237231766,0.08905715614277158,0.007058208905271604,-0.007391691305749003,0.1162952170052033,0.04930468884650022,0.12026535892496151,0.07920327151462248,0.050342433058119786,0.12714751167371008
2008-05-31,0.09847948747671016,0.04537613845265966,-0.005260932824682832,0.005390404402096413,0.021073176204578863,-0.015778599008681917,0.005081441865088336,0.014764243406613064,0.04221297827962589,0.0032218371185938066,0.03316071291972631
2008-06-30,-0.10255048567139598,-0.13197840414237225,-0.13927296876501197,-0.0733989379072843,-0.07289845980788993,-0.14238104969188006,-0.12726599981616601,0.01820858362425686,0.020539190566840115,-0.02886817531212087,-0.09132311340316017
2008-07-31,-0.046654097015181556,-0.03346654268789775,0.0021374181053521596,0.02877246800786551,0.03633958127549335,0.09769367462807041,0.014839294478599033,-0.1303861128034855,-0.07346304688718747,-0.024647932224009537,-0.014003344052848088
2008-08-31,0.062217884771496625,0.017907439459977213,0.0353291050060055,0.047443813719400166,0.03318549422986371,0.0024815747609155643,0.0314786840799489,0.001474906225556305,-0.05330543393069331,-0.0052392625833279196,-0.0009526133352915078
2008-09-30,-0.11504097322175182,-0.1185779787886387,-0.026868004175762517,0.0018904510403612712,-0.07113191472184124,-0.05597140798173819,-0.12704201615500108,-0.10010972575915955,-0.23747155717348573,-0.07707677687114592,-0.057272833394438394
2008-10-31,-0.19080715058310116,-0.07930566001912598,-0.18856044817943457,-0.13472236403309917,-0.1015344572518886,-0.18414584166923145,-0.1881637804706991,-0.1713384975052391,-0.2614110951178773,-0.0902940812753961,-0.23687942261010897
2008-11-30,-0.13746472674849905,0.029657449523314304,-0.01945797264488247,-0.02670855293389246,-0.06055482246679869,-0.12662863303634217,-0.08247732011565898,0.039742934754730806,-0.04224120450265059,0.01632407937994327,-0.24515880534751525
2008-12-31,0.01843134161391344,0.01482871023068868,0.0310397854217805,0.00016969280087314464,0.09209257028339708,-0.0177719497985401,0.04971092917047066,-0.09213212690826193,0.07661561185799354,0.01369981018420532,0.1884667159140335
2009-01-31,-0.046450610166816696,-0.06775831092045825,-0.06494135233249312,-0.0812490993707455,-0.03158235455136528,-0.14137838679821646,-0.12201632979661563,-0.03740406034344714,0.01387217996154938,-0.026836761997210766,-0.09605854821839895
2009-02-28,-0.020154705919533618,-0.024510567922187754,0.008643057274947324,-0.07039316639281418,-0.14257953364158357,-0.09544663707098144,-0.1818611290213462,-0.15371130780879622,0.021878216933867406,-0.10366019770175301,-0.14182854521851032
2009-03-31,0.18459170842659745,0.0741660327642335,0.13315731897965183,0.06100570084727509,0.08188015148894474,0.2053086978981091,0.12629913959627226,0.06411039425028746,0.18768473101184807,0.01084779572449821,0.11333419818330774
2009-04-30,0.12459862117253362,0.06673698039871505,0.2874958873625463,0.03486237139387316,-0.01924832365049827,0.2561053549984994,0.1748856390191121,0.07541002589740461,0.0746209358816102,0.008496362887866727,0.2578508691591926
2009-05-31,0.03809807336151348,-0.024255112095853914,0.0022192061474649027,0.052854498166493624,0.08912391821916008,0.09564877409083627,0.05229905395075821,0.10309717757604706,0.113692667268945,0.028388611855198476,0.0053137733177851905
2009-06-30,0.03375949174357489,-0.022037309792022165,0.006453089294626596,0.0010929871630349641,0.013461385564199783,-0.006734082949550216,-0.042866625416177154,-0.04074482200116871,-0.06533889555225258,0.06110160851959243,-0.005998475974020645
2009-07-31,0.09440039709748325,0.022808371058936648,0.13639699901595326,0.06634935822209398,0.05469821230496917,0.09320215671308256,0.09535770679208412,0.03736551899033143,0.11752931652257631,0.028849534923898412,0.11034249422607008
2009-08-31,0.04371893193191064,-0.05885328839332118,0.021900477411599825,0.012115052023573353,0.013809370113241373,0.08431227503478503,0.05061869837884921,0.012466082031032343,0.0005502895724202872,0.0064299348900879625,0.028689698988883978
2009-09-30,0.03877640078793263,0.07275766622620021,0.0511848969501498,0.03427518323683887,0.007519329809158198,0.029993089872585907,0.056928192280029405,0.044488489642651306,0.07474663306850021,-0.0015407234183269613,0.09656773885393599
2009-10-31,-0.03723926676924838,-0.08547661777017701,-0.0021823512880018436,0.0223838201473386,0.009460846750362073,-0.01542646669524666,-0.03954257551913915,0.05529689767794348,0.005791674522425017,-0.03721544924876312,-0.028639438543315576
2009-11-30,0.09154694780720371,0.044477002763335924,0.1577177224355936,0.04204130368848433,0.09421641276160986,0.049104372854529,0.11200085828888759,0.04070776428834098,0.11768002727523941,0.056776986661483744,0.11405448553024355
2009-12-31,0.11595364374058796,0.10363072357950256,0.04197909919942422,-0.0033068604707621324,0.016942878053323,0.0025528060189509956,0.0011816020112114369,0.005029035798514769,-0.04502860544268425,0.03631024572711348,0.07495546027094609
2010-01-31,-0.10246712926120628,-0.12789703946350145,-0.035279627779695164,-0.0022152765408696568,-0.0017744405518297615,-0.045216789919826035,-0.00785120438789275,-0.054569270317250826,-0.09675631346884056,-0.04271284778390709,-0.05851870741223932
2010-02-28,0.05467009125145357,0.018036121703486896,0.06749123070207999,0.024635803988564534,0.007289316084467219,0.021828887246407292,0.0622582178344807,0.008770797737089886,0.044312329920073806,-0.019900789635622786,0.026474202420171584
2010-03-31,0.07719335425587373,0.09663236846602397,0.07563285307969672,0.03180155733557115,0.02929175623283304,0.06953651150088057,0.09792306681865291,0.03443011349106413,0.08589093281697596,0.022524122821874083,0.061727983642149875
2010-04-30,0.017829737924731852,0.007246670010426981,0.05632608834145042,-0.005694265720708733,-0.016668263259546463,-0.010906367090897389,0.03583016331832129,0.11521097962767399,0.01359804662910849,0.03189831154697065,0.019848603673597292
2010-05-31,-0.06501453041680168,-0.019648577651136367,-0.0844354302850545,-0.03717180212403447,-0.06253824576637873,-0.11437862119185765,-0.08470563948884201,-0.11541433322987844,-0.07176349290364512,-0.05790803683033565,-0.04427399612774328
2010-06-30,-0.07484521879361185,-0.03978294408337013,-0.10325422542321697,-0.033385085259395375,-0.005404077563488917,-0.06937891736468514,-0.05424587583330279,-0.05339638192323202,-0.01911485211130387,0.00024136337644320438,-0.03203577824552595
2010-07-31,0.0710347640149842,0.10652805866374729,0.07356137237173459,0.048444403750631,0.01813245889477814,0.07903749496715652,0.10991459450565201,0.07515862934065835,0.0958655768740781,0.08638166568826655,0.08952331846630616
2010-08-31,-0.05277508156939078,-0.027297139863999953,0.012948166383411798,-0.009478175766337277,0.0019882258042775497,-0.0884884020431364,-0.06358914624417691,-0.05671894937610748,0.02853191854709347,0.01512119197222348,0.00038072080346892206
2010-09-30,0.12084690546380265,0.1114819264106909,0.12265034966760717,0.05484620624085093,0.08751490447704795,0.07866960713786399,0.10481870248725886,0.0920542746058564,0.098214759951337,0.02539188485782944,0.07091750905310978
2010-10-31,0.06195418841472183,0.06727919926096863,0.05263063762321854,0.014428483658751004,0.01605672214204352,0.024981570481166924,0.039573480939324335,0.060851719875551824,0.030115677753304038,0.012278101713723056,-0.009874321439374889
2010-11-30,0.015785627096187107,0.001022246022936435,0.1167006976896896,0.011840977592720764,-0.035293072644628234,-0.014108424350043891,0.007245372596895481,0.018696680246050156,0.0145044133084892,-0.03183839955340315,-0.01542779934154335
2010-12-31,0.06879028751047711,0.07593047905235846,0.02160328874902153,0.042584326149557705,0.04751621522848616,0.08707603135848596,0.06859764778836547,0.08344747225143082,0.08632910092327634,0.024746616220793438,0.04799259479017751
2011-01-31,0.06474148698582241,0.007585917749746707,-0.01914095674149422,-0.024143191412745374,-0.0020443166320166517,0.03073553678973233,0.05933323488544124,0.08491036806903271,-0.06509107977163425,0.005760767345602336,0.0312337888798296
2011-02-28,0.040884439148472076,0.06709266966356346,0.017399263334319015,9.890345285715196e-06,0.03274447476377819,0.02452065738725162,0.029748461605646828,0.07491020234566945,0.025002249557565887,0.018630090583236992,0.0424047397110632
2011-03-31,-0.04498178632600845,0.03328610168261892,0.02177936039752859,0.0010946809035903698,0.022814715702966375,-0.012964751614255204,0.02704186248943912,0.01974521921882024,0.013410508461127124,-0.003510866897987697,-0.003071464498461222
2011-04-30,0.0502768009752173,0.011490169463299948,0.03294730904645551,0.05164473658131863,0.07230402723887185,0.002112145904443913,0.030729340471142952,-0.00611026295288386,0.04389607828423811,0.030309453115077822,0.04336802111009156
2011-05-31,-0.004179736131387208,-0.0019016669873979986,-0.001491487069010422,0.022650471403715663,0.02676190148649782,-0.006186210664230701,-0.03273557781585341,-0.043984143941499784,-0.024252336326719914,0.026920596790944627,0.01749870776570515
2011-06-30,-0.04495866975250423,-0.01480202834767701,0.0026968298008278714,-0.016273732626893495,-0.007349417089686382,-0.029367586805237707,-0.008882096291759832,-0.010397673311160682,0.005637398376453412,0.00456812202554171,-0.025075158235165262
2011-07-31,-0.023361368190306486,-0.0001617850573419455,-0.015882260326566266,-0.013068433040160143,-0.03421131201073665,-0.02686805822959831,-0.05778148444549599,0.006455999328980592,-0.019830108224288268,-0.010574295028032355,0.030369607331085218
2011-08-31,-0.05140710269454777,-0.10492499979195391,-0.0509688951012045,0.025449133954251135,-0.016605706984358135,-0.07313993123096038,-0.055451607922764365,-0.08949497448948236,-0.027852030553240675,0.03338503329437763,-0.0489021774096323
2011-09-30,-0.03842642115763635,-0.05521121288477342,-0.058111618849637156,-0.019809194631599678,-0.03051387945125213,-0.12217945350471707,-0.0966045555424718,-0.1483504425016849,-0.11249046525820788,0.0012623186519479025,-0.06282172748597604
2011-10-31,0.12705046892119193,0.06425215062077265,0.13133856323540888,0.04317873780365228,0.04740332305898162,0.13494783110732522,0.14721489516654968,0.18985535681023405,0.15218388182657538,0.032014348671337386,0.11266356196299769
2011-11-30,-0.0215485845037752,-0.005393523481741269,0.0015038114974996963,0.012415740659908234,0.015594353898857351,-0.04443431658874364,0.025457545352927904,0.028674128175090463,-0.0025544905816792807,0.017289840065154726,0.0112646288287922
2011-12-31,-0.03860680513945147,0.05421525820917998,-0.0054455944047195224,0.016433970598575764,0.03686647830338449,0.013309026306223297,0.016537990401171345,-0.0060572335810347155,-0.029411913144447382,0.045469196663107336,0.03327288951051255
2012-01-31,0.11388040267168383,-0.003986024175696557,0.08435005743790105,-0.009120724735106875,0.01943924159187798,0.0916478742944402,0.07217579699163704,0.03680565609813389,0.07877864417679059,-0.03783837106733421,0.08650402257019252
2012-02-29,0.0716349261796083,0.07788920680456198,0.05311705427524166,0.028573536407684688,0.02079697205569744,0.09022665200589935,0.027030317701776132,0.07326873648297742,-0.01521494092879136,-0.013002058733377675,0.042296617010343596
2012-03-31,0.05011303364471519,-0.008522757184769914,0.06968559030110633,0.03705507829383037,0.042182063498536954,0.07415700127616853,0.001438811610041915,-0.01692241514449348,-0.03913324308503208,0.016099945467403075,0.05888654513389454
2012-04-30,-0.04087296711871151,-0.017360380167412016,-0.0012188238079357205,-0.002984787619501425,-0.002711056079562716,-0.02684746391981151,-0.0005695257068104093,-0.009719328748623746,-0.028646091144144875,0.019528875704237024,0.04099499019412247
2012-05-31,-0.08640422044527625,-0.028181380524172784,-0.08066714146742218,0.007520908995900133,-0.028310413423994554,-0.11482406974970459,-0.0709867335530156,-0.09559147168434472,-0.08273513001497404,0.006721956768008752,-0.04543504811941396
2012-06-30,0.0353932472355576,0.03619339154831334,-0.009586833883924627,0.03973424802520571,0.0569889892498617,0.05161035960434304,0.04866670212027234,0.0740945283076873,0.03948382985806814,0.03282775705508097,0.0710394081967144
2012-07-31,-0.026511395024755916,0.06058600670206373,-0.03388135048371389,0.039176449671055186,0.01665787987859588,-0.004642291112224906,-0.002621806734976374,0.05959079478913094,-0.033752525305822595,0.029722546468915968,0.023168160654607695
2012-08-31,0.04961489721790632,-0.004573073179335844,0.048917613019111406,0.007777900868404547,0.0015475193952134087,0.03443985695922695,0.007265583460759722,0.06142553822368416,0.06390312423835981,-0.030046455611143497,0.02300432456225678
2012-09-30,0.004243931157382855,0.11003926988967865,0.03440980944725558,0.009999430926442954,0.03642216066962092,0.043949000778724656,0.01851537706934947,0.04092802617021994,0.05205897502735596,0.011896325656077256,0.0038370768841360925
2012-10-31,-0.07558662666687106,-0.04581481869366566,-0.003172569501270539,-0.010463356748923194,0.0011157035445502617,0.03590888672993024,0.005935400889534777,-0.00032780337415201047,-0.01894296279009086,0.008664722028281413,-0.008326721479528213
2012-11-30,0.02769911943881421,0.06038367475301539,0.08740417692223845,0.009142427707679465,0.003006172364342752,0.011834114674825353,0.012442905606220115,0.024183830415942995,-0.013672994833400842,-0.051548368003183985,0.0077404708114264436
2012-12-31,0.01120627400416967,-0.020979533095790575,0.02225952407684345,-0.0288604288431928,-0.000411897151449551,0.06413228940548983,0.02091188537906584,0.012884601867736514,-0.02063299220667708,-0.005099800154806733,0.06248350086600115
2013-01-31,0.029188727659374695,0.05495421748505044,0.058836953402672795,0.05194786745604771,0.08014476404043773,0.0836993653389838,0.048151378038485855,0.0836411568483264,0.003475074996420968,0.05634894750453112,0.02934856615995916
2013-02-28,0.012388673572868132,0.010157974717218002,-0.010086771637811576,0.02670382409532404,0.010214093774516342,0.009909541025585934,0.018842370372874024,0.030103192643674306,-0.03620107847214654,0.01787351706615432,-0.008687719469074132
2013-03-31,0.03535106272489708,0.029213061473163437,0.03419899554784221,0.056913089760603636,0.059526479756363805,0.04395658043688275,0.035536667202849787,0.0329690397449305,0.024305994911794165,0.0646897106922896,0.009897275575401395
2013-04-30,0.016107377273523744,0.057350437950643485,0.07791329470891303,0.02858870870268046,0.033545187788055694,0.009938018197783354,0.007251191334708245,-0.04183229861301103,-0.06892014209925357,0.05306569515240622,0.07443471559304227
2013-05-31,0.057275112770087296,-0.02805791811232829,0.14127801582506935,-0.024650432971625294,0.013414274244368673,0.09165330332402194,0.04206000581440986,0.037854545062548914,0.04108329220747464,-0.10162422041382457,-0.06333884743314072
2013-06-30,-0.017451375722981145,0.04656792168070897,0.018399382635583272,-0.0012514467797317963,-0.009813198521248411,-0.01666722423154525,-0.00479673002888597,-0.04274744472705679,-0.04954785131874909,0.010774628712962309,-0.036523601085385736
2013-07-31,0.03991068475168795,0.0916924167595617,0.07507429895722968,0.04519752715934297,0.06521019184706986,0.05821228990955465,0.04802916095580634,0.0717237223497551,0.06690108527219835,0.031313893767871706,-0.003704592176982935
2013-08-31,0.0024808352723852214,-0.017520226558423446,0.01063360659992768,-0.04823273023847588,-0.04017034557806466,-0.04605536167882376,-0.015913943584054364,-0.010064987964214163,0.011179630728971185,-0.05026700607836343,-0.04454899114564772
2013-09-30,0.05596155679908163,0.0707294611168232,0.07615709140722707,0.01037399328385924,0.027176892506086524,0.04301853323048058,0.04471924593088249,0.01623649434649112,0.016373006741396745,-0.002019935311043963,0.05553588986306757
2013-10-31,0.024956453494415252,0.08048824652876911,0.025679166591094305,0.05279349097506689,0.046984793596766175,0.04727827492562495,0.03799596947980953,0.06264214332748011,0.03809054037123924,0.036078302095494785,0.022324609807165958
2013-11-30,0.02464784934449522,-0.01581484783756996,0.011452317519857669,0.02469419658595952,0.03775544843493532,0.06756061074971863,0.04088536564986472,0.02688509308047604,-0.033668658253548644,-0.009198961998958954,-0.03424643892737628
2013-12-31,0.05116932104478312,0.09141750684903592,0.01534942915133881,-0.006661782809287836,0.02501205880316204,0.0412833675042285,0.04573083256767093,0.047121949848543156,0.02292798343457217,0.004289796109527555,0.019255566607427166
2014-01-31,-0.013712286051737391,0.017908978530531472,-0.03743716221504599,-0.06338050273747295,-0.012514032333394287,-0.04311590782112589,-0.02718867681236692,-0.06032894413942756,-0.07401635887207153,0.043170614820021005,0.0228139115801085
2014-02-28,0.06641176315769974,0.0032735405010488328,0.08160510681453374,0.03164189793159189,0.06775796419972709,0.03501243005573289,0.03325572414521759,0.04879849140376861,0.07063072549078508,0.028566905585415282,0.04793524640148705
2014-03-31,0.013299197035061328,-0.008282163835284314,-0.040774850702881706,0.012541320694938823,0.0015199087664093502,0.015279496326133185,0.013453341752828887,0.03616895268788272,0.006257414906345349,0.040274964069224636,-0.003984959306370199
2014-04-30,-0.010886609385032069,-0.01643102415491508,-0.015056441530463881,0.036275685185935325,-0.011247388720846963,-0.03301000768844213,0.023076972291286937,0.05001133981276297,0.02313255106116105,0.047829292358606244,0.019819412796606872
2014-05-31,0.034185664249153744,0.061813209977396276,0.02939998936964503,-0.002161865690269743,0.019819159491196947,0.013695112881131101,0.011677601758160313,0.02222486529728031,-0.01341224573852709,-0.005007144457864809,0.0365878241739922
2014-06-30,0.040892044369867125,0.01234226368793199,0.03349230017339651,0.0033390857799627527,0.016226465935196333,0.025884987268204953,-0.004462562105607224,0.028810329765100912,0.06814376401698308,0.03374920098615621,0.00601780682605646
2014-07-31,-0.010318499245143335,0.019494460107349527,-0.02096726886705045,-0.021249537410693464,-0.01242922282330362,-0.008928108435810721,-0.0393648782814606,-0.01751461521590782,-0.0005794625366710993,-0.07240561603032777,0.012534850492710211
2014-08-31,0.05529930227268263,-0.010547129347837358,0.062446249120689044,0.036546821525730855,0.03315449625858992,0.03961623910633095,0.04138626975928209,0.028839540224297706,0.025209562977295263,0.04969406925351931,0.02945703838934673
2014-09-30,-0.02147441226508223,0.0041503816902312045,-0.033173167787937864,0.012645598424570706,0.009326928120619837,0.008204141362997791,-0.0072046088702300125,-0.07102010852734068,-0.07056074699356274,-0.012093686725068987,-0.034305960203598586
2014-10-31,0.01211555501967004,-0.0039042564233372676,0.010949487794351986,0.02161917569585252,0.045559476056376835,0.040281137067254356,0.03251843099963925,-0.006165807142323224,-0.07331985079444298,0.08624287138605373,0.05657062775695424
2014-11-30,0.041556384943381215,0.009307937814850786,0.05875541568501917,0.09119304980506021,0.044031674068664504,0.0229080293369783,0.028658719559250687,-0.07267084878565588,0.002495814391767215,0.011688662193972132,0.04621046990169312
2014-12-31,-0.0035659805110638118,-0.03590155589318855,-0.006389691768159922,-0.020700367528005775,-0.008495744740367638,0.02891618328876745,-0.00461201795235681,0.020088653529817178,-0.019782455016827127,0.03329914072499927,-0.012294619023687281
2015-01-31,-0.039333916860378286,0.0022118890905439836,-0.01679034109013545,-0.022779810357277344,0.0027120030199893398,-0.09268677366189197,-0.029420484237755302,-0.041195107193603656,0.00013135047022136415,0.022000892050034238,0.04381677397338459
2015-02-28,0.12192336325977003,0.07170896152441271,0.09508202726277115,0.03964100253962667,0.03302175831193379,0.07729809915996753,0.05596586217283236,0.059401774299553525,0.11664703342985616,-0.06980169766385284,-0.00877779543039564
2015-03-31,-0.03873300700646339,-0.021682384391302878,-0.012056574060978454,-0.009429166507793824,0.007800849504979679,-0.014456496825297926,-0.029584125823541245,-0.01581156273770393,-0.09378240930733253,-0.01640907221586476,0.004161614005195676
2015-04-30,0.015798883696001118,0.029086316156947695,0.02107318127718113,-0.01646074843553215,-0.00569301493287031,0.01795337860288834,0.005415029755371559,0.05191411736646372,0.10236829615910079,0.0007952981335938248,-0.012793091444364376
2015-05-31,0.03511149011756698,0.021772868820619906,0.020285796126627363,0.006683429817947589,0.04324177468634418,0.028057927259642654,0.005518165357949701,-0.03098578435977214,-0.024101968871771823,0.0019970117420017976,0.005741898030524439
2015-06-30,-0.05221462566049475,0.012444000280482204,0.003408135765148079,-0.01970876036710073,0.00017523977117613886,0.001065865407749172,-0.017609263439982543,-0.021594120883788297,-0.06939276105296602,-0.05615603205301416,-0.0311684713222935
2015-07-31,-0.003134021862671436,0.06851813201946316,0.054133424917525666,0.03797693618488493,0.0371158961023747,0.030837732281138498,0.006627916863992358,-0.0605379397585299,-0.15788870053490678,0.056189124412175676,0.071196745367615
2015-08-31,-0.05721695518036896,-0.041280804976202345,-0.03647372296503566,-0.05835320161019841,-0.07679674241593985,-0.07191095898330777,-0.06748425637816396,-0.0444978604354442,-0.0486773722343706,-0.03454607726867216,-0.026178088772320734
2015-09-30,0.007190729332905099,-0.011254871610753725,0.01687541753583305,0.014836540955415908,-0.036451811510725476,-0.03932131158677297,-0.02311829683834501,-0.04142021413516498,-0.0640268442981502,0.009676098698516466,0.008021434250507423
2015-10-31,0.11012301284620668,0.08105691308466394,0.09484516620454768,0.04027130803951508,0.07591274096426136,0.07993573563251145,0.08579885655063627,0.1406004128075095,0.1525721027182238,-0.0017653054180339245,0.10892470551312561
2015-11-30,0.02135171545409985,-0.010020593320408408,0.017738771900625405,-0.011499138411567522,0.0011662602816009838,0.027038874952355543,-0.001034610193670053,0.022801607147505645,-0.08965374434395987,-0.01459872537552609,-0.007399802831794533
2015-12-31,0.0086877969347874,0.015333935267939747,-0.004257330418144389,0.021426041655567774,0.012174583863759659,-0.02640344276556444,-0.022582610179433676,-0.09467168690297016,-0.08097875208138514,0.04032738062349028,0.01998753716488331
2016-01-31,-0.09396269906414316,0.03844748079497273,-0.08027378792950651,0.003407325561294375,-0.0609615842351439,-0.11805667597035399,-0.05865218954933509,-0.0535771111849397,-0.0651490874320873,0.057343700454604865,-0.016914507024850183
2016-02-29,0.006238797146119316,-0.017487155535863868,0.0011582823109356987,-0.0034169075212218264,-0.0037689455533575166,-0.0323622145533426,0.04515249322294301,-0.05345346463012367,0.25403565689190394,0.021512838074187624,-0.009214329583571823
2016-03-31,0.11710775911650066,0.057889254173598026,0.0751781297814671,0.04674321470289505,0.05022355530720769,0.06658841092487724,0.05914300187853289,0.10032325464304195,0.15290383791783113,0.08456957770525046,0.09729708245311146
2016-04-30,-0.0025931998205200794,-0.009591503226276388,0.01464796631522377,-0.010343711593279348,0.04288289724370901,0.04339622268267438,0.03903793930762515,0.07783947350204892,0.1771723625825607,-0.02532582375025074,-0.013864832699734727
2016-05-31,0.09114649959200254,0.03440879768833769,-0.013014647362485143,-0.004954675695920299,0.02365050923838289,0.02276378550707714,-0.022984446285567568,-0.03392588102124345,-0.09218908366179879,0.008845121024289405,0.03807827007265561
2016-06-30,-0.0007160609855354049,0.02398221207448827,-0.023268413601881498,0.03663556331983023,0.024419522544468518,-0.06672096535276198,0.0321889731119577,0.03221861241821506,0.06135367084504778,0.08215194298511519,0.07184271648518421
2016-07-31,0.09701149237263049,0.055889600658417526,0.05068483237994895,0.01762520133544264,0.11361429994432963,0.06115911277859205,0.024186548126523395,-0.01940249753372095,0.09425063224740898,-0.0013809930537508563,0.004994717502216324
2016-08-31,0.024063252147778224,-0.02085693963983452,-0.01203153097009919,-0.0097725004425602,-0.04933040497205134,0.05874464584591399,0.00879357063462004,0.02543327019499472,-0.062059986252941346,-0.05619864593586314,-0.03035998644271239
2016-09-30,0.016244933601906115,0.007749011208931104,-0.016640227357546455,-0.008135253157510139,-0.002899657629563801,-0.017947763809705045,0.003965973181449423,0.022872325450377335,0.011424438015315508,-0.002172197611031357,-0.005456008836492073
2016-10-31,0.008264765017333168,-0.01914223377961588,-0.03214500384302053,-0.013162720145052487,-0.050802732938921805,0.03178240089932778,-0.009381202260289403,-0.0013613241315229166,-0.023400440538553197,0.0169380931573486,-0.029673304818765456
2016-11-30,0.03757664835891772,0.02732493814803877,0.03272859759726421,-0.020048274824502152,0.018844926155298848,0.12395686366616508,0.09230393289588427,0.08239938445550148,0.08980554456774895,-0.07335615448309249,-0.054455972288464084
2016-12-31,0.025958639031480546,0.03696076313269427,0.01777983539420821,0.02066130740194104,0.020160873601900463,0.0378431337235892,0.006964872177816285,0.03201470946516375,-0.026774530648732503,0.06129441125207289,0.04288960951186357
2017-01-31,0.044520946591880155,0.04621878000564866,0.05387018404735265,-0.010207455783742658,0.015819818456682067,0.013735090206188239,0.008421911790409667,-0.03566591782721592,0.07740554607432679,0.016170573700422342,-0.0016013156151173935
2017-02-28,0.059026348368601496,0.011763065678439674,0.03682040583765154,0.03759503560127689,0.0636538180221629,0.05234063695502058,0.03451353104189297,-0.013573287920841162,-0.061015952037306836,0.051560009349260215,0.045376328524766085
2017-03-31,0.020860378925015858,0.010906662730355862,0.023829595311702746,-0.009427046306999504,-0.002133602466567008,-0.021114107506641513,-0.006663792680235092,0.0030015014465033358,-0.01582561040745012,-0.012915673903718238,0.01226953735920309
2017-04-30,0.002120190098041053,0.02643185426158597,0.03902135686394104,0.019659956411142362,0.01052556744020724,-0.0023015652941722475,0.03675325468802358,-0.022632239261979974,0.01810853254805228,0.003942660493183037,0.008706969662492773
2017-05-31,0.0505641913695993,0.02164949618877049,0.01416610261486716,0.038385724763113874,0.011418917287045804,-0.004224736118013076,0.019373523386955045,-0.021642626300229537,-0.0012350095986823906,0.054056510816056134,0.028355876642609634
2017-06-30,-0.007965131195446824,-0.04800643970998677,0.011624171864156919,-0.04109774301056536,0.035048585967770676,0.05745974055399779,0.012198672696950654,0.00502883357816819,0.0006289880001093817,-0.02527780579742811,0.01199273325332001
2017-07-31,0.03703338973314928,0.05733459963574913,-0.0036320949365660216,0.026562561225446493,0.0016158367224993642,0.018033637092657515,0.02971755361203306,0.03629766923062779,0.0851258311690948,0.028043137035694478,0.014536033960008299
2017-08-31,0.026269969291773197,0.005236863683796111,-0.007743091357474541,-0.015979881395917675,0.03285976771554181,-0.010347793699590197,0.005468139182813007,-0.043855006203669965,0.018918760171699966,0.028218405228794773,0.041603266978925836
2017-09-30,0.00487931139229291,-0.0015497942574794938,0.024239660955607988,0.012304535103000086,0.04085138520092507,0.055731348856267265,0.04085846245757409,0.10283383960536284,0.009793296088405956,-0.01962329218261758,-0.017028172747825882
2017-10-31,0.07585174024378748,-0.020569499874701674,0.043387261332976323,0.007065969555708582,0.006340384479316552,0.04730517966639729,0.002342975779379894,0.005930926122021856,0.016564474586505895,0.0599031744405516,0.018594891389502988
2017-11-30,0.03313432888383468,0.03248528800400596,0.025718661382625095,0.05777056063918448,0.03363279296927655,0.033119357145231794,0.04916154909831389,0.02579580873391139,0.023671394086574538,0.02695182001007528,0.02845571732105216
2017-12-31,-0.006419079666274463,0.03803110399034456,0.015990489788739414,0.026911584280480738,-0.005645790005303008,0.024930253657358944,0.0301931626978076,0.05151984756047878,0.1002205394900747,-0.047348250711941174,-0.0006614479542500681
2018-01-31,0.10366234168417725,0.04765295207534509,0.06788366043849058,0.03663275758420899,0.06657939511476364,0.0729391126380849,0.05797088306733338,0.04825429658283625,0.044586072164347124,-0.040466625136096,-0.007887923033065902
2018-02-28,0.004238554987040858,-0.07957285470946246,-0.03471420048555577,-0.06438549202638426,-0.028545792738757958,-0.02137552382651958,-0.04856624784799652,-0.09896065298764525,-0.05522379530477453,-0.0321503267724834,-0.05625747488052011
2018-03-31,-0.034290426112797374,-0.03831352403153524,-0.03049713884620836,-0.009678043619775895,-0.030921135389485675,-0.038240285308318384,-0.03706154499975635,0.046180898009469486,-0.01602108314291728,0.04759865555395555,0.03456366492222566
2018-04-30,0.0034412715035793723,-0.007781785536710273,0.03477118615068007,-0.026401359063311897,0.013022888655749942,0.004926776719740602,-0.011013148044830544,0.08739245330223319,-0.012202500832580954,0.021681305260992944,-0.013322545303356673
2018-05-31,0.08952596758786127,0.010515053655133425,0.033015947951842636,-0.008718376006258605,0.010512532346108416,0.0008891463742461465,0.042496588558991966,0.0291443832761265,0.030261883687864144,0.0009491624302180535,0.012510338041770893
2018-06-30,-0.013161169247758068,0.0356086968788956,0.011000208517486709,0.049377508074100324,0.004479381159300788,-0.02068242474464055,-0.04635382869268775,-0.005732115242188894,-0.004372048847071791,0.023782641619945588,0.058094398883842935
2018-07-31,0.036280411364651294,0.02175933396228748,-0.010235616181775065,0.05148852291265854,0.07941325879214697,0.05039705174478519,0.07220639249945122,0.045748994377537086,0.011181109407038176,0.02191349106609495,0.012082164903181702
2018-08-31,0.0944447892997136,0.034732747735002435,0.025262929613782736,0.021677968419478902,0.036840955979929556,0.013168925909109503,-0.012981232099216176,-0.02826306305330709,-0.0851027564242518,-0.001010133023403381,0.013844335255143466
2018-09-30,0.038174050293021664,-0.0051505908959199225,0.0022263567986162804,0.008753801928075997,0.0319375940606451,-0.022907393811718246,0.03697491067923983,0.017284002747842666,-0.0010382828629078023,-0.009364043087036488,-0.017100415722276607
2018-10-31,-0.12160302833971477,-0.016836434567990038,-0.019487342854346067,-0.0026815065618562423,-0.05122853444952573,-0.0513324893964354,-0.11035883247164864,-0.11146167949298537,-0.045648370911011815,0.026615128836096024,-0.011274764405971286
2018-11-30,0.011069915319314694,0.006610624753054406,0.03782751986569598,0.024150336482442664,0.09082409311787128,0.011338544087755526,0.018875900488296498,-0.0373020370957469,0.018565201534073622,0.0688574275315164,0.04013095413426948
2018-12-31,-0.07090985808884855,-0.07884888440053066,-0.0722001692816858,-0.07133169183293343,-0.0579365908420568,-0.09906543981283052,-0.08487296555178934,-0.11511014567294217,-0.018152538951276498,-0.04149911666340944,-0.07032437047871899
2019-01-31,0.09492825798337924,0.09726548656019772,0.07516989591376042,0.0663362694598929,0.01326615745748887,0.09036996318044134,0.13619221758944436,0.11569475605452127,0.04752216289972236,0.05419513645023062,0.09993450128367838
2019-02-28,0.0658827602074595,0.022136811679948704,0.015028511093713625,0.011861896798660176,0.0401348989648594,0.029009839613069386,0.06457135319927877,0.00979631603920504,0.06835795265167832,0.03649960213047798,0.02145436377688346
2019-03-31,0.05082310936395583,0.019081275041576324,0.010090199455910975,0.058146749115824584,0.015148339496561348,-0.005649127325947478,-0.018523367892251605,-0.0013726125107901912,0.033278169742933406,0.027481113871860384,0.059335292569254926
2019-04-30,0.07665221474219426,0.0525336986682843,0.048476887853796315,0.030344966496473072,-0.02466938618565211,0.08559459183200153,0.04429714748948377,-0.012513263756272994,0.009921684150462861,0.017177304018336902,0.0026977822825844933
2019-05-31,-0.10361812356814211,-0.04556228249937647,-0.10127458286488786,-0.007189282840847064,-0.013405969674795482,-0.07572461862919787,-0.08474379659955265,-0.13105265920332237,-0.06277207689585611,-0.008435370831311096,0.026158219443059478
2019-06-30,0.09959645568354801,0.0423006640991751,0.10709150331647513,0.06316022543753833,0.03771093081960396,0.06695700833909186,0.08852988773816982,0.1261211960306676,0.12948027978611884,0.02331514053837138,0.02040324820689073
2019-07-31,0.029080578559835212,0.041181492402066144,0.027268365775570447,0.01631726386539599,-0.02886671788188444,0.036662668725330486,0.015201027444056393,-0.0044269206938984795,-0.030082410191873056,-0.010330892450886076,0.01566060759645327
2019-08-31,-0.024157751695436627,0.004202886661437403,0.0030557543240891105,0.07006177865199095,0.003518912537497776,-0.04419149145521208,-0.04265278385055541,-0.09855036104535513,-0.040013837013174666,0.05907453320949263,0.05815725986620046
2019-09-30,0.00982718895183213,0.0205968690441537,0.007904916644133064,0.006715440153000685,0.014200465939371099,0.032680761911620726,0.04294907021309561,0.0676935543333195,0.025178578359427096,0.04149320297953145,-0.0047464716064351915
2019-10-31,0.03246265348544105,0.03389960136690281,0.01764139278045319,-0.010435143099636349,0.050072128019811014,0.026510926381775646,0.018065302270868704,3.161202033763466e-05,0.024870466145862413,-0.00604444887013067,-0.021040307893163152
2019-11-30,0.05637184039935158,-0.0015346181019983234,0.006233438796772961,0.01877928382366087,0.0427567458931941,0.06387637955998565,0.05187758159698503,0.028666117055983795,0.06875274791297115,-0.02194282178821274,-0.0075149017950109824
2019-12-31,0.04278919922653194,0.0211041877682502,0.0573151407539492,0.01877018709877315,0.054391971173000875,0.024833595541090124,-0.00685972124558925,0.05858178870495957,0.07000549710047632,0.03182520876739603,0.027778342620406554
2020-01-31,0.039966606877545496,-0.002307694933183594,0.04280562322693863,0.01056998241956042,-0.015587498673385835,-0.0025722599064288924,-0.015404326503127187,-0.12502853464622224,-0.06041244417212144,0.08594200028759284,0.009886200817303847
2020-02-29,-0.05756070967804984,-0.031672198787428274,-0.07620104054608692,-0.07646789845550846,-0.0746354286800578,-0.11396919593744621,-0.09566494063302727,-0.151967005548362,-0.07205664075053816,-0.09279428644511138,-0.05153367856243383
2020-03-31,-0.07930786399095532,-0.10992840204806187,-0.1717793064803795,-0.04566597299787045,-0.0161040824703672,-0.19922321743809332,-0.16964469158048973,-0.36698537308192597,-0.1512875035051765,-0.10383505383003881,-0.09455190009706672
2020-04-30,0.1393648688164076,0.11296604323753716,0.17450065019507902,0.07813005788968821,0.13661948507351035,0.10248296840507534,0.034495605890081,0.30911175215061676,0.21403405288577662,0.020312516057431274,0.09063172175406599
2020-05-31,0.06947783369167118,0.06122751131057469,0.09757907936261678,0.025179884730008067,0.026001960512600043,0.047006494636255364,0.028768351232845837,0.05552713060646749,0.050410939658753894,0.04524543467888291,0.030802243862232015
2020-06-30,0.05266137966573017,-0.005057839643399138,0.04154824916813621,-0.007644244744986414,-0.007953215086950283,0.0016012165936776942,0.04283732528617398,-0.009765628489325924,0.09002739679472857,-0.06641559711017572,0.026461166125058555
2020-07-31,0.06381092042151225,0.05848515005614648,0.08416396619559731,0.06909549925938296,0.05879978419097239,0.01025781489793162,0.025741783581474068,-0.05947711372017924,0.11750415178614695,0.0875065685985866,0.041325202719224165
2020-08-31,0.1259449506192535,0.07057847928514682,0.1747180049643195,0.06912081409207962,0.033524000394630916,0.05809574479397956,0.09981595577496725,-0.012862728494324651,0.06695796674910959,-0.038852907916647285,0.006385378431321087
2020-09-30,-0.026085650378932016,-0.03912907573027621,-0.02023966261297331,0.004794428783369484,-0.012775832738715043,-0.039445906905927225,0.001555011272110132,-0.15503599660695633,-0.005540383862761145,0.028254795597017934,-0.00500622443878392
2020-10-31,-0.050695744224310585,-0.012956444915852516,7.3338360800701e-05,-0.01901876245718595,-0.027733220644265255,-0.01256572544094059,-0.017116338877923704,-0.05347732833548689,-0.016273290797791117,0.07410654911375851,-0.02437496603223266
2020-11-30,0.11218837048042474,0.11082789258359586,0.15075032502114932,0.09063840396084366,0.07930892129572503,0.2086260173168815,0.21878496117593946,0.3240665912833653,0.1285490912054558,0.013786433580916958,0.05670223586597963
2020-12-31,0.03630974184827353,0.002578502176290909,0.04106549795573568,0.0048937202664498525,0.031002454260404166,0.07410528373279149,0.0194500113822659,0.05700591977327644,0.039213978688611165,0.014364211126502612,0.007856083014211127
2021-01-31,-0.006049826006960793,-0.027591370075222388,0.027749972972681735,-0.05904660490859914,0.04038216085620035,-0.03403942411496383,-0.04373491253740464,0.022323668674326797,-0.025574680957851714,-0.0019931682581418642,0.026724813853956347
2021-02-28,0.008837850581833047,0.017166843864641772,0.017835146733575325,-0.033520896714940476,-0.0336709154809542,0.14037804455676858,0.09864913278650644,0.25473416993033293,0.05633055164570204,-0.06627519714295804,0.0018980491239710868
2021-03-31,0.022663776527529808,0.06182335679401466,0.062041572406059134,0.07930585887247937,0.030812829346098802,0.040788765015176115,0.0899754641260858,0.02171358976288004,0.08531627277647091,0.10569822120692005,0.06944247054002028
2021-04-30,0.03917192250435024,0.0679400248775116,0.03734655340630685,0.029685654562337155,0.02693443563134067,0.07860248613195725,0.026679431848332498,0.003255999961992186,0.041283895801469205,0.04150288268487361,0.09183333178384019
2021-05-31,0.012701209902474097,0.003141416798142523,0.006796735201680093,0.03478301171341311,0.025439461506813345,0.03650325875425835,0.039315191556141445,0.0820950483261745,0.10129404332882999,-0.016794807340270435,0.01711350837384488
2021-06-30,0.0761784520682131,0.013643754299085153,0.02037088932919683,0.007307019764495465,0.03216635013614113,-0.00707088335508832,-0.03787213235521574,0.034781375750809515,-0.08145259053744087,-0.019310545934880484,0.04916941930225823
2021-07-31,0.03887008529838803,0.02731869065958592,0.012095926502646048,0.0435537241215687,0.05209000018732639,0.00920812972791715,-0.014444010014357923,-0.08979565963902894,0.015442442803586375,0.056245658531483576,0.02488760472802476
2021-08-31,0.04906028088904869,0.014197449750366539,-0.004220008806519094,-0.00016257090592287915,0.03394785132305887,0.03559950546872886,0.003048832297564055,-0.01666237874467924,-0.02988651718556572,0.04167985677812327,0.03718322411861852
2021-09-30,-0.048114879772443234,-0.06006525728885157,0.003727933709440101,-0.04306729783877425,-0.061382655354860385,-0.024268348305845396,-0.055223616404069954,0.08878457797341568,-0.07083052853076074,-0.059484825952944534,-0.06946080147768013
2021-10-31,0.08165341406599906,-0.027163908508332113,0.11428603538735763,0.06732556912455412,0.07692251206555648,0.06938147053451947,0.05330689902939218,0.1014828970789209,0.07749379704046166,0.05629665395349237,0.09394197915480396
2021-11-30,0.06691312662943669,-0.044762840892114276,0.030333127083907674,-0.015816425130537742,-0.007424706915067425,-0.07254807634835504,-0.04611183026652321,-0.05998338329409124,-0.010203774433650592,-0.012666191573419994,-0.0032736647433708
2021-12-31,0.009175714175754452,0.0402521087943275,0.0357256164747757,0.08225780271468427,0.1011124657157632,0.051788405971992996,0.043675291442233775,0.04036559803535963,0.09094447863853197,0.09453739875977063,0.10788083651398277
2022-01-31,-0.08499939023970589,-0.017050226093488496,-0.08086052899611683,-0.024225758758187332,-0.048111230690118655,0.024176709480314515,0.012199678634181255,0.20691714785463305,-0.04372190232784547,-0.025816507857025515,-0.099804583404372
2022-02-28,-0.04081887501517812,-0.05274176574779482,-0.08074578355199105,-0.030999853466297356,-0.019804322962796484,-0.03364269450013099,0.020320962029640992,0.05191198770103379,0.020084731485833295,-0.0071647368133807236,-0.05855324282250749
2022-03-31,0.019432166150152065,0.012164161224636335,0.013686999435462244,0.029981836848035653,0.07872140377952216,-0.017531009677036812,0.041548802252805696,0.0662866693575465,0.1013931333572387,0.10671054376755032,0.07686735314944337
2022-04-30,-0.12752921188316987,-0.0787583495348473,-0.10383431770088296,0.02541563874248473,-0.02362316758318671,-0.09190935703477132,-0.10239856223025096,-0.01371675569327562,-0.061683258532621486,-0.03747378386485367,-0.03685353302437483
2022-05-31,0.010796529306675762,0.06593547277677335,-0.014052124205851734,-0.08511207618562373,0.029968032511701048,0.041243991131073174,-0.0100526065241896,0.16373196880568086,0.004090795134901337,0.04774507427638395,-0.049381042683321164
2022-06-30,-0.08870336799699076,-0.05665427207026874,-0.11886253359035978,-0.022816109522420233,-0.004034139042384843,-0.115741879605291,-0.06888603044157936,-0.17957249977314843,-0.1466293635894144,-0.043782872777261984,-0.07032213820213008
2022-07-31,0.10498526828046313,-0.01505760028362274,0.16637360896050216,0.0545495707562136,0.01679851980478587,0.08578834672321525,0.0846362006383613,0.08551313811966965,-0.008637936666700808,0.04950056583762326,0.09354335883874072
2022-08-31,-0.07311045737579441,-0.03926205941251648,-0.019508223470786522,-0.017654156560683906,-0.07131207258988977,-0.011779350807390515,-0.002937929494696364,0.04870957160947024,-0.044719972993028836,-0.0039092224111901604,-0.04778008241405429
2022-09-30,-0.14111065401953055,-0.12637227239316987,-0.10713888122166404,-0.07715636143124556,-0.0070199176459834756,-0.0890191048142219,-0.13147657679497401,-0.06615940762828267,-0.06002361404936278,-0.1219808255748919,-0.13820967927777925
2022-10-31,0.10123241769826467,0.017731570486724173,0.0760127746202924,0.08777897145067817,0.07379018767995002,0.15167435568298873,0.18199214900206334,0.2678056812314077,0.08307094678048092,4.485935481655101e-05,0.041984773974928
2022-11-30,0.08828725667740467,0.09844593890009591,0.05619605830097831,0.064789924445504,0.0619345916802289,0.07498325024229296,0.10472921708973562,0.025065938188331156,0.1707568894979839,0.08373117846679837,0.07931326509807561
2022-12-31,-0.08120785380373684,-0.043829094149717064,-0.09411694164339332,-0.04039578335649363,-0.013979383242747157,-0.05465106410957994,-0.010633539117498314,-0.027072478305663172,-0.015741415004276126,0.01984377215236195,-0.03476865126269182
2023-01-31,0.11655589854856091,0.1254622166810424,0.14522862113968354,0.009880773047122746,-0.037092842298625875,0.07938527768997719,0.039891148614012745,0.03073170219101465,0.10633077730396953,-0.03985136764713877,0.09994783159441611
2023-02-28,-0.014279390407248882,-0.02595356811114724,-0.015838567638849756,-0.018421025623201998,-0.048981681933887425,-0.02692611041450076,-0.011450105236410756,-0.0668671949322435,-0.0674717315238221,-0.05211822651502971,-0.06852547955551509
2023-03-31,0.13185669994027419,0.07032452594064298,0.023762346998972318,0.0425655142370438,0.024535873844090682,-0.09415485662748223,0.017113667306338603,0.0006011790195551743,0.025280451652946102,0.05669651801241682,0.015213011368513663
2023-04-30,-0.02636079059445266,0.03463304139701758,-0.006747269872993211,0.03721768915838197,0.021598775364658283,0.03087917720203229,-0.0185506920655215,0.01217500688101417,-0.009267468129319245,0.02100918065109314,-0.012784663357779688
2023-05-31,0.1132192642609245,-0.006838279698209104,-0.011951461372517357,-0.060464505488876386,-0.03365142234082177,-0.035503873493471304,-0.03793688998994043,-0.09849863368687588,-0.08984226555818206,-0.0631698070772623,-0.043360232428326685
2023-06-30,0.059225882649008035,0.030664791764696036,0.12318242963089328,0.03367463311046538,0.027786293457035604,0.05917593971393421,0.08870470341952864,0.07375612643421427,0.10193816304145953,0.012552928582005584,0.04687267522305899
2023-07-31,0.04986501663276121,0.02785349406254069,0.015054585293658995,0.02282214915432633,0.01972732966677624,0.0682163456280788,0.032863059688685636,0.12002476049222456,0.04625432882310654,0.018952510363824282,0.00439860989639936
2023-08-31,-0.001918870933422793,0.0036376883311098895,-0.03340281957320943,-0.02854369928997036,0.009052316670262628,-0.05123598674786831,-0.022645680029715762,0.02107443685299269,-0.05012958615115217,-0.055068137426047305,-0.04376906673535511
2023-09-30,-0.06310920732641064,-0.017696384960757688,-0.047481868843182784,-0.04075173089381827,-0.03744146746634356,-0.03450395433130633,-0.0789219116674445,0.02951999302503781,-0.04866833769766012,-0.05830491813620957,-0.06523058011309912
2023-10-31,-0.0054227797598605555,0.011365875778920639,-0.06481964193842127,0.0033531178001450918,-0.04472696195956507,-0.03634155992082197,-0.00910544662161149,-0.04831224408430582,-0.023174737008228762,0.01986344241482061,-0.01159829452170861
2023-11-30,0.14039857241533144,0.0643289416623654,0.09784355322265945,0.05929592334971605,0.05082401935714918,0.13796647582628582,0.07937519296168048,-0.0007433078125996648,0.06278443234946507,0.03810140980705632,0.15292215152421787
2023-12-31,0.0654699966115639,0.040778680672996837,0.07662786076837673,0.028625368566744816,0.026268537246184477,0.0857620469334743,0.07813837583591031,0.006256520022182418,0.04888569227633364,0.006159660375482878,0.09060232406818224
2024-01-31,0.04461911813945661,0.06548137330864368,-0.03233735042138306,0.032528031477732894,0.027588420956591374,0.012095447354096643,-0.02863219463288997,0.009239802490910736,-0.06669525314039823,-0.024809691891415596,-0.04550591091644383
2024-02-29,0.04791289880120472,0.014254588411044397,0.061833770464957485,0.03137885483644359,0.04617330639990687,0.04892674097629261,0.030520851862479895,0.015296073511815817,-0.01244882672948171,0.005805304465796479,0.03858354313773671
2024-03-31,0.01625292889905139,0.030001201734554506,0.002140170958617682,0.035655333360018346,0.017630407775410806,0.052303716116045666,0.04969412810669563,0.12408990156915466,0.10331020966528918,0.06961852849475507,-0.0024150268342166084
2024-04-30,-0.07821051217647262,-0.03540111475369236,-0.04499209364317293,-0.004421790741310813,-0.05774012056342337,-0.02034037389353653,-0.01613109756287027,-0.04111161996854248,0.021322349364637304,0.017578619116679683,-0.13333936282044456
2024-05-31,0.042905984875385536,0.06431563206430835,-0.0034022497858663845,0.022837711920752832,0.01366248577140421,0.04051260510551309,0.01360306219506339,-0.023564516045748114,0.04586278067880052,0.08566672403940637,0.08791416721875041
2024-06-30,0.09382907119049445,0.029099002684045194,0.010858488838025437,0.0018906816771820378,0.014046664946794884,-0.012162624603172795,-0.009304436437081861,-0.007368842235332486,-0.03502320232791469,-0.05595779661565177,0.010841718365821873
2024-07-31,-0.004176217836501602,0.0002775394446497548,0.011936079464527127,0.018267964203805817,0.06164176050006427,0.04609786519036039,0.054585136926713504,0.016728941222096925,0.03976930268529581,0.08776753534337259,0.07782199097568965
2024-08-31,-0.0003785438754676222,0.027955491437732998,0.0543416850727663,0.06521870737638497,0.04288602136546467,0.021966897580178002,0.018873387479700885,-0.018530121363192716,0.03423847065335672,0.044415331815282635,0.06028926422682542
2024-09-30,0.040444948770059753,0.06501340580730575,0.05396595415684717,0.007494257630751372,-0.00551900575272053,-0.0001504849579780012,0.019448714454189955,-0.04495952831844417,0.044146609299053986,0.03864959223648885,0.04341028932434108
2024-10-31,-0.019436049991566097,0.02473273512418006,-0.005151880506990258,-0.04435295755948186,-0.033618451823040574,0.05482614613443584,-0.03549686137529329,-0.025520600420339306,-0.06711519999611315,-0.024329649232401752,-0.05778071509722758
2024-11-30,0.05362023381519827,0.029795725743835228,0.10265655994610878,0.02097617716337445,-0.009564434572508195,0.11546305955589346,0.059025178936415394,0.07027975237864217,-0.0185853702008959,0.009904869045130549,0.03841441525313042
2024-12-31,-0.012597535369236187,-0.03501549709261376,-0.03143387950611737,-0.042973456320021,-0.04447732513082363,-0.04182480761622665,-0.04757590139924252,-0.10522815991666115,-0.11296230703299052,-0.07392188713865341,-0.09262183726922173
2025-01-31,-0.0023955666541562635,0.04542240356653637,0.029500013488954525,0.014093426444953969,0.053932729199401994,0.08034812277832902,0.04668124529883872,0.0261300231596227,0.058891360446763755,0.037319446467500406,0.015942968653050577
2025-02-28,-0.012339485823910371,0.04681430451265469,-0.025119703228819235,0.04139265828322168,0.008040661962513773,-0.009537267347132167,-0.0038955111358141372,0.04789005249860047,0.0032652323176586505,0.06593329587201364,0.04795450893952874
2025-03-31,-0.07461570147651334,-0.020987363056651626,-0.07517358839352123,-0.0368400322596875,-0.013409207607707507,-0.06010816424504013,-0.02717109289833101,0.016849810721190534,0.0017726667785507467,0.029068884524876503,-0.017490614557093793
2025-04-30,-0.0006872400731806616,-0.030432364518761763,-0.020003763786610996,-0.005439723596368934,-0.06744551764847015,-0.010760723177139024,-0.021510852838389556,-0.14290669883080806,-0.035758108067391305,-0.009504922267945592,-0.003264319106986676
2025-05-31,0.10286288871520498,0.04290489425431937,0.0714110022349894,0.006908222519544635,-0.07309324497895794,0.0805803158966019,0.09144285238419367,0.030808794335071683,0.01267646038747101,-0.015230321338016916,0.010770016912432364
2025-06-30,0.11076253652521188,0.034938361779693394,0.02707357834516926,-0.010328968435097965,0.01778129954028578,0.057370414433331726,0.035249630908212204,0.052909287215897036,0.04082740466102608,0.0013747379926456471,-0.01592743545271295
2025-07-31,-0.00010416879843750208,0.0063061733441971786,0.01593341695980156,-0.023474723019149893,-0.014935660202678636,0.0035883308484425873,0.004258371399724231,0.032743629754643386,-0.0230192879873621,0.04174745427913158,-0.014281012607143225
2025-08-31,0.007616108193075951,0.04174818773171418,0.0591926561489969,0.0066053883543887165,0.08081892608632693,0.03836989768502623,0.008406296888235576,0.062015863131637934,0.08701590020269068,-0.0015784213800375646,0.030141223808486346
2025-09-30,0.06385004176772903,-0.00494097750542107,0.013183593194145249,-0.018071569758840694,0.02623987226343808,0.01853276503213419,0.026852328360246647,-0.023049952791040353,-0.025031819224219397,0.025714263286955853,-0.0017357777188785062
2025-10-31,0.07718822714824727,-0.06365295724117838,0.00636074985427475,-0.005469935836365361,0.029776925321224924,0.0047801271466348235,0.037191615898486186,-0.0023264526614027448,-0.03128367835182113,0.03373384289076,-0.01162052697897827
2025-11-30,-0.04840690806430793,0.03041705529636914,0.004126211769316435,0.024273024833901577,0.084727829374773,0.008840305228167296,-0.016947472178268023,0.0051835321587050875,0.0452729242194541,0.02356982506027603,0.00029897694015351695
2025-12-31,-0.001453693651264413,0.005753322214689234,0.013282333124032753,-0.01702413605279468,0.005133695040351461,0.04706552656072078,0.0388873812219164,-0.010743129579755317,0.05035426565797367,-0.06204748359350907,-0.009585504849739246
2026-01-31,-0.04069161645201118,0.0651014254778099,0.031240405962588747,0.08538730671486697,-0.00923653032542605,-0.010401097469740272,0.11299878362893849,0.14051081371471227,0.1350566720270546,0.044100246362935816,0.031660628648992085
2026-02-28,-0.07887578365828166,0.0281162293678948,-0.02079105263934321,0.08584900429558087,0.04068302123414612,-0.049354651493532214,0.08633535993824117,0.09103834744227624,0.1079097003892127,0.09824617357374352,0.09402822055049372
2026-03-31,-0.028369472495665245,-0.043759765019025176,-0.08733136357509803,-0.055773508647375916,-0.05794880434441685,-0.030574416574630194,-0.09742791133313301,0.13746591571888142,0.017183161476342402,-0.007744360921458826,-0.07059759943087875
2026-04-30,0.22236826293121775,0.02887175543482993,0.03531931143866608,0.03827449824104656,-0.0018816873642614196,0.06485816135411528,0.04589186064121799,-0.016607269730283085,0.006754916229016273,0.005854636034294769,0.09148293247061205
2026-05-31,0.197182594585451,-0.024869872361995227,0.0504249134595692,-0.030992756806067653,0.02468731274469561,-0.007603724990428959,0.018947626311490544,-0.04063208060988134,-0.021652016713741905,-0.05455219558683762,0.010886410830554341
2026-06-30,-0.10829048635440311,-0.09443791781682026,-0.03117589021790248,-0.004894114499624208,0.060906704548846724,0.04556129764506723,0.04924280847333359,-0.059996653940545396,-0.056687413226199454,0.03967656592969444,-0.03184406742396265
2026-07-31,-0.019291890831585837,0.07441793978869506,0.01681585809934134,0.03687516287017553,0.03516900449501435,0.07189200664054543,-0.009062105021361781,0.10418075118201957,0.00011729616995563852,-0.0010404220243381613,0.03153513037823347
