Date,INDEX,ETF,YIELD,MUTUALFUND,STOCK,MONEYMARKET,Technology,Communication Srv,Consumer Discretionary,Consumer Staples,Healthcare,Financials,Industrials,Energy,Materials,Utilities,Real Estate
1962-02-28,,,,,,,-0.009089742221027097,,,,,,-0.012514986678066942,,,,
1962-03-31,,,,,,,-0.007913998451578474,,,,,,-0.028833398400433197,,,,
1962-04-30,,,,,,,-0.14781853996988648,,,,,,-0.08521926758733994,,,,
1962-05-31,,,,,,,-0.1353254141412461,,,,,,-0.03800412881355952,,,,
1962-06-30,,,,,,,-0.135669592896554,,,,,,-0.0798347112693581,,,,
1962-07-31,,,,,,,0.14075223351007815,,,,,,0.03365661353169713,,,,
1962-08-31,,,,,,,0.024103819043566066,,,,,,0.03755322797691474,,,,
1962-09-30,,,,,,,-0.10788737414641714,,,,,,-0.04178690420591624,,,,
1962-10-31,,,,,,,-0.021215077303508467,,,,,,0.04207719300145929,,,,
1962-11-30,,,,,,,0.1519762079132576,,,,,,0.12381553057728611,,,,
1962-12-31,,,,,,,-0.021330383946911002,,,,,,0.029776528217305143,,,,
1963-01-31,,,,,,,0.08653838014074267,,,,,,0.02248427514419138,,,,
1963-02-28,,,,,,,-0.056412573772270824,,,,,,-0.052354983430019764,,,,
1963-03-31,,,,,,,0.053158792941319755,,,,,,0.036502504759872156,,,,
1963-04-30,,,,,,,0.10154240435966222,,,,,,0.08303870404710112,,,,
1963-05-31,,,,,,,0.02933561118246053,,,,,,0.03404415279261197,,,,
1963-06-30,,,,,,,-0.08590821872816035,,,,,,-0.039353432740441396,,,,
1963-07-31,,,,,,,-0.004011527766175971,,,,,,0.006060567161399355,,,,
1963-08-31,,,,,,,0.023824122037486406,,,,,,0.029884561910790475,,,,
1963-09-30,,,,,,,0.016301217565506843,,,,,,-0.008803254453744302,,,,
1963-10-31,,,,,,,0.09291987413702785,,,,,,0.06371799672763534,,,,
1963-11-30,,,,,,,-0.017460460724816107,,,,,,0.00026724425617408176,,,,
1963-12-31,,,,,,,0.04482193373862686,,,,,,0.03733690547404278,,,,
1964-01-31,,,,,,,0.0690333270971597,,,,,,-0.0025449794345197008,,,,
1964-02-29,,,,,,,0.050058039112589325,,,,,,-0.009767334774881009,,,,
1964-03-31,,,,,,,0.044376131411608455,,,,,,0.035913154251029034,,,,
1964-04-30,,,,,,,-0.04038669527635019,,,,,,-0.04678380365192003,,,,
1964-05-31,,,,,,,0.052438330054777715,,,,,,-0.011134344712314892,,,,
1964-06-30,,,,,,,-0.006250625015404632,,,,,,0.006190195590254133,,,,
1964-07-31,,,,,,,-0.03144662483693794,,,,,,0.005564429788474157,,,,
1964-08-31,,,,,,,-0.046277020298339466,,,,,,0.0020447736250401305,,,,
1964-09-30,,,,,,,-0.009080513366419574,,,,,,0.04852975656489655,,,,
1964-10-31,,,,,,,-0.03780139987734177,,,,,,0.005865638877987356,,,,
1964-11-30,,,,,,,-0.01756382616456842,,,,,,0.006010111175937305,,,,
1964-12-31,,,,,,,-0.007273055243707471,,,,,,0.0003959052018789322,,,,
1965-01-31,,,,,,,0.09523865135459864,,,,,,0.08489993702068366,,,,
1965-02-28,,,,,,,0.016506962091793698,,,,,,0.014537689476962656,,,,
1965-03-31,,,,,,,-0.003291309828650002,,,,,,-0.009012951851452233,,,,
1965-04-30,,,,,,,0.06769324679341149,,,,,,0.008138669695887113,,,,
1965-05-31,,,,,,,-0.01412676585543382,,,,,,-0.01965612807121181,,,,
1965-06-30,,,,,,,-0.04184074955501249,,,,,,-0.06499413691337302,,,,
1965-07-31,,,,,,,0.045850896177503486,,,,,,0.005441730050332938,,,,
1965-08-31,,,,,,,0.04208188606896024,,,,,,0.038522261999807794,,,,
1965-09-30,,,,,,,0.027054212463933247,,,,,,0.07150585344320104,,,,
1965-10-31,,,,,,,0.04000077808958458,,,,,,-0.006196129746741885,,,,
1965-11-30,,,,,,,-0.014732590135053902,,,,,,-0.017980261596568126,,,,
1965-12-31,,,,,,,-0.04952342568720969,,,,,,0.04150037808047391,,,,
1966-01-31,,,,,,,-0.006011832981609899,,,,,,-0.017588576695399205,,,,
1966-02-28,,,,,,,0.03861669131616163,,,,,,-0.040350421128831526,,,,
1966-03-31,,,,,,,0.0019408621457852604,,,,,,-0.012333797646919664,,,,
1966-04-30,,,,,,,0.08042716953658036,,,,,,0.011831753674567347,,,,
1966-05-31,,,,,,,-0.02369971952192551,,,,,,-0.08658852870456091,,,,
1966-06-30,,,,,,,-0.033770778531797774,,,,,,0.006400374073703141,,,,
1966-07-31,,,,,,,-0.02781649858681956,,,,,,-0.05650991390231952,,,,
1966-08-31,,,,,,,-0.05912624851895565,,,,,,-0.07346445338532254,,,,
1966-09-30,,,,,,,-0.009359502841967071,,,,,,-0.016708322910049034,,,,
1966-10-31,,,,,,,0.04566873321907461,,,,,,0.07178183152823081,,,,
1966-11-30,,,,,,,0.13289104250537132,,,,,,-0.018665639362558162,,,,
1966-12-31,,,,,,,-0.01196734993009918,,,,,,-0.0436096695312404,,,,
1967-01-31,,,,,,,0.07536997397737055,,,,,,0.142301942166003,,,,
1967-02-28,,,,,,,0.0766424307059903,,,,,,-0.02661480951881262,,,,
1967-03-31,,,,,,,0.048837592476474345,,,,,,0.0004240249953557096,,,,
1967-04-30,,,,,,,0.10088602586403295,,,,,,0.08220262561089553,,,,
1967-05-31,,,,,,,-0.060717916881720235,,,,,,-0.09063554068703861,,,,
1967-06-30,,,,,,,0.06702371160463327,,,,,,0.005730664216490655,,,,
1967-07-31,,,,,,,0.02060249887581489,,,,,,0.13416856956249534,,,,
1967-08-31,,,,,,,-0.015542543706965062,,,,,,0.06081984843418731,,,,
1967-09-30,,,,,,,0.09704885546057485,,,,,,0.030857388373903394,,,,
1967-10-31,,,,,,,0.08253549435952601,,,,,,-0.07147306423466587,,,,
1967-11-30,,,,,,,0.033121136091624814,,,,,,-0.021810866735338885,,,,
1967-12-31,,,,,,,0.024510684173684183,,,,,,-0.016625064806905177,,,,
1968-01-31,,,,,,,-0.0518350448967716,,,,,,-0.05665787381986215,,,,
1968-02-29,,,,,,,-0.022256579558216028,,,,,,-0.03291364213390624,,,,
1968-03-31,,,,,,,0.05603312700001073,,,,,,-0.01850277627031116,,,,
1968-04-30,,,,,,,0.10612302859653977,,,,,,0.07649805340791205,,,,
1968-05-31,,,,,,,0.05584707356634788,,,,,,-0.03593961903022064,,,,
1968-06-30,,,,,,,-0.009103534448225092,,,,,,-0.02105518428641845,,,,
1968-07-31,,,,,,,-0.042403324561848255,,,,,,-0.00909720152082838,,,,
1968-08-31,,,,,,,-0.009163297521107783,,,,,,4.9852578272058246e-05,,,,
1968-09-30,,,,,,,0.0,,,,,,0.010257486417093453,,,,
1968-10-31,,,,,,,-0.08358239618086916,,,,,,0.05363877041301085,,,,
1968-11-30,,,,,,,0.08713308046659862,,,,,,0.045024645926518336,,,,
1968-12-31,,,,,,,-0.05617949443543324,,,,,,-0.02746626073283781,,,,
1969-01-31,,,,,,,-0.059523651886602136,,,,,,-0.016408849984953844,,,,
1969-02-28,,,,,,,-0.007027980344215923,,,,,,-0.07770252531210659,,,,
1969-03-31,,,,,,,0.07030281045310871,,,,,,0.019403612675363446,,,,
1969-04-30,,,,,,,0.044585511611137996,,,,,,0.05420005289323915,,,,
1969-05-31,,,,,,,-0.025041608560881667,,,,,,0.006205980950374779,,,,
1969-06-30,,,,,,,0.058775969409107454,,,,,,-0.09195200646219981,,,,
1969-07-31,,,,,,,-0.039229945435308,,,,,,-0.023710715912995173,,,,
1969-08-31,,,,,,,0.06646131732311789,,,,,,-0.03728093679521194,,,,
1969-09-30,,,,,,,0.0007239438559878408,,,,,,0.009105836722323735,,,,
1969-10-31,,,,,,,0.044171421830470514,,,,,,0.05793776182086663,,,,
1969-11-30,,,,,,,-0.006953310335957363,,,,,,-0.052273935110534075,,,,
1969-12-31,,,,,,,0.021007367855509607,,,,,,-0.07898958444713672,,,,
1970-01-31,,,,,,,-0.08041869497758569,,,,,,-0.051013389924868036,,,,
1970-02-28,,,,,,,0.015104121833405815,,,,,,-0.006624221118627094,,,,
1970-03-31,,,,,,,-0.005143368844527485,,,,,,0.03315003803669292,,,,
1970-04-30,,,,,,,-0.11964567334686493,,,,,,-0.08536989999124511,,,,
1970-05-31,,,,,,,-0.06334244199470285,,,,,,-0.04516754489515673,,,,
1970-06-30,,,,,,,-0.10071912572863351,,,,,,-0.056126486113234286,,,,
1970-07-31,,,,,,,0.013798503500691561,,,,,,0.12091515431334598,,,,
1970-08-31,,,,,,,0.055501534134381414,,,,,,0.10704056042829768,,,,
1970-09-30,,,,,,,0.09577408648200447,,,,,,-0.012202741999671196,,,,
1970-10-31,,,,,,,0.011778619225585318,,,,,,-0.025401639138050047,,,,
1970-11-30,,,,,,,0.04506844280507183,,,,,,0.02210651796035701,,,,
1970-12-31,,,,,,,0.0341751459165307,,,,,,0.1960517773002407,,,,
1971-01-31,,,,,,,0.024389689359171962,,,,,,0.038990959028209704,,,,
1971-02-28,,,,,,,0.03787694168538591,,,,,,0.1271487774631198,,,,
1971-03-31,,,,,,,0.06240580396143991,,,,,,-0.011988537223409756,,,,
1971-04-30,,,,,,,0.0006998471629982017,,,,,,0.10987077919211519,,,,
1971-05-31,,,,,,,-0.08256349534951757,,,,,,0.0036095739004482486,,,,
1971-06-30,,,,,,,-0.030579740406046496,,,,,,0.03854531401101846,,,,
1971-07-31,,,,,,,-0.08123073658451174,,,,,,-0.08793659965657957,,,,
1971-08-31,,,,,,,0.048526940678647934,,,,,,0.13372073975703014,,,,
1971-09-30,,,,,,,-0.000823501680721761,,,,,,-0.01440255755805736,,,,
1971-10-31,,,,,,,-0.010700231642550628,,,,,,-0.10171276301182569,,,,
1971-11-30,,,,,,,0.021060567092576088,,,,,,0.018290765013877053,,,,
1971-12-31,,,,,,,0.10147341704807045,,,,,,0.05662216131454745,,,,
1972-01-31,,,,,,,0.09361069173186487,,,,,,0.046512411923853636,,,,
1972-02-29,,,,,,,0.004991689912599018,,,,,,-0.039761053491191245,,,,
1972-03-31,,,,,,,0.03731252679409103,,,,,,0.05066738189801023,,,,
1972-04-30,,,,,,,0.009809747913701372,,,,,,0.065721003238429,,,,
1972-05-31,,,,,,,0.034124210990494674,,,,,,-0.030333362261206143,,,,
1972-06-30,,,,,,,-0.014455979101430039,,,,,,-0.0377025632717381,,,,
1972-07-31,,,,,,,0.02232182383857295,,,,,,-0.05057350343527567,,,,
1972-08-31,,,,,,,0.022714093225117304,,,,,,0.06506623465674499,,,,
1972-09-30,,,,,,,-0.004896140136357197,,,-0.08980960773666802,,,-0.015193068229793216,,,,
1972-10-31,,,,,,,-0.051659863714961896,,,0.10726720515513932,,,-0.02760437461132509,,,,
1972-11-30,,,,,,,0.017873097099204927,,,0.0,,,0.08009925056510969,,,,
1972-12-31,,,,,,,0.02813326517084036,,,0.06977605942026921,,,0.016170987841997997,,,,
1973-01-31,,,,,,,0.08333354779947211,,,-0.14131231053034865,,,0.006136662679865068,,,,
1973-02-28,,,,,,,-0.0060051466823918265,,,0.04640452519061622,,,0.014146326327566405,,,,
1973-03-31,,,,,,,0.0,,,-0.2661281918520285,,-0.08653936957079789,0.01712690532885025,,,,
1973-04-30,,,,,,,-0.054461700679111824,,,-0.01647444015880084,,-0.15789391574202727,-0.05043217584514542,,,,
1973-05-31,,,,,,,-0.03249884963840444,,,-0.016750393514390005,,-0.10000011115631469,-0.003486955517418344,,,,
1973-06-30,,,,,,,0.007150167166968258,,,-0.3125040830833402,,-0.09722260818169581,-0.0036830194561101592,,,0.0,
1973-07-31,,,,,,,-0.007886917938912164,,,0.5867783526567154,,0.15384658063986545,0.08743099345582972,,,-0.0697675472742213,
1973-08-31,,,,,,,-0.03943183005292339,,,-0.11980934992537728,,-0.06666699162740841,-0.04009892488080313,,,0.008167265403217883,
1973-09-30,,,,,,,-0.14285735495679897,,,0.0650772533404167,,0.0,0.10014460237923606,,,0.025316041678736134,
1973-10-31,,,,,,,0.08623922748525659,,,0.04444301696147157,,0.0,0.1136179846305706,,,0.0,
1973-11-30,,,,,,,-0.05057263428114267,,,-0.34041409515318377,,-0.0857137735379796,-0.052519664480743355,,,-0.10463070844232158,
1973-12-31,,,,,,,-0.06886810951849154,,,-0.13705275348865076,,-0.12500059823709175,0.06061328204876859,,,0.014084705119742136,
1974-01-31,,,,,,,-0.0060790798976919636,,,0.4205323267717871,,0.0,-0.0643418469525951,,,0.02777702510345481,
1974-02-28,,,,,,,-0.024798821029490936,,,-0.11843161831424387,,0.035715694073273685,-0.0129380183353065,,,0.03528114122054071,
1974-03-31,,,,,,,-0.00893337548440587,,,-0.06429320773840197,,0.2413782794070849,-0.05649008018933843,,,-0.03333261593223957,
1974-04-30,,,,,,,-0.03605520895435976,,,0.007961727151840181,,-0.06944388694742698,-0.012306942642549168,,,-0.24137946770553154,
1974-05-31,,,,,,,-0.05963055344907231,,,0.07938431632355814,,-0.044776544207490554,-0.06564256158440318,,,-0.11706199253571092,
1974-06-30,,,,,,,0.0011766173201488428,,,0.1470000267612661,,0.0,-0.02263815188103807,,,-0.05319139272316087,
1974-07-31,,,,,,,-0.05229112538447078,,,0.0,,-0.04687585152295726,-0.06341751225557102,,,0.011236631267474984,
1974-08-31,,,,,,,-0.04103906887772968,,,-0.15383949070211145,,-0.06557345450475427,-0.11213522541343385,,,-0.05558074840665095,
1974-09-30,,,,,,,-0.17187512154104845,,,-0.14126367238843218,,-0.15789379257744107,-0.17318688098713408,,,0.0,
1974-10-31,,,,,,,0.18946593463415007,,,-0.12385841368266104,,0.0,0.19533404615169558,,,0.06097572948536456,
1974-11-30,,,,,,,-0.05555680749871583,,,-0.1920061212687435,,-0.06250109998370734,0.012638405747385284,,,-0.03415305147355907,
1974-12-31,,,,,,,-0.05218658904019635,,,-0.049924279058223164,,0.06666791820515328,-0.11231814008982183,,,0.07407494880415277,
1975-01-31,,,,,,,0.1205351552397309,,,0.5789819342922242,,0.3124991187265034,0.14693359749247237,,,0.2068955073593277,
1975-02-28,,,,,,,0.15341065925647634,,,-0.05836573494951869,,0.111110605756086,0.1309608141236166,,,-0.04806040102227904,
1975-03-31,,,,,,,-0.04118292317279015,,,0.41829660523874757,,0.17142909973641474,0.040749928884249775,,,0.030927169590528214,
1975-04-30,,,,,,,0.015728975148016078,,,-0.14376724962610254,,0.14634088445248983,0.008532608294694266,,,0.05999997372869892,
1975-05-31,,,,,,,0.03170620490595821,,,0.22629772300458573,,0.07446762663733608,-0.004075833733353407,,,0.01100701452018149,
1975-06-30,,,,,,,-0.027906653843448703,,,0.1621293527594505,,-0.05940590766205045,0.110177931442617,,,0.15384577670128619,
1975-07-31,,,,,,,-0.08971304394587432,,,0.005167177816642443,,-0.1263147789731882,-0.06553764863816369,,,-0.05000008852431037,
1975-08-31,,,,,,,-0.011726791238643175,,,-0.04087506404794261,,0.09638461994487368,-0.04455204287760828,,,0.011561536925301041,
1975-09-30,,,,,,,0.010737957738012893,,,0.043862121400068954,,-0.06593400627600643,-0.07199020723105531,,,-0.07142895043024478,
1975-10-31,,,,,,,0.1274901092952052,,,0.15303151341464316,,0.2235301639186098,0.07699567697456289,,,0.14423109736885764,
1975-11-30,,,,,,,0.07536335999229893,,,0.06192923428892105,,-0.019229947068694075,0.02176257542017912,,,0.027171004832643453,
1975-12-31,,,,,,,-0.009386998799492008,,,-0.12370894858754622,,0.01960698841815156,-0.027270576993948525,,,0.008402549341411047,
1976-01-31,,,,,,,0.14938619987985735,,,0.0380928588322873,,0.12500030876753487,0.22734636104324157,,,0.11666740660132868,
1976-02-29,,,,,,,-0.0016197181281742967,,,0.11008395464612408,,0.04273501963782089,0.009668400220337325,,,0.0,
1976-03-31,,,,,,,0.024939326086895974,,,0.08405015926080384,,-0.008198353024260863,-0.034565715358498283,,,-0.013157865542722247,
1976-04-30,,,,,,,-0.03291967854539157,,,-0.12217472353472847,,-0.0743787629373267,0.02260860042348667,,,0.02325557654272936,
1976-05-31,,,,,,,0.019966419734926744,,,-0.04343574009721696,,0.0,-0.0772744993075361,,,-0.013362534829197359,
1976-06-30,,,,,,,0.07842199255390359,,,0.0014281890666392183,,0.07142762622194732,0.08928425294578524,,,0.0,
1976-07-31,,,,,,,-0.01671155606734176,,,-0.12728989245050681,,0.008332695213276287,-0.021368830217662116,,,0.0314961132286975,
1976-08-31,,,,,,,0.013753420118205018,,,0.22918344188375928,,0.016530283431231307,-0.03729679519603163,,,0.032349706113870225,
1976-09-30,,,,,,,0.02832277516693238,,,0.05221830705973218,,0.008129533360350827,0.04034514480859763,,,0.060604728039011624,
1976-10-31,,,,,,,-0.034206569564696254,,,-0.08061614604112166,,-0.09677354067012711,-0.031200421874805706,,,-0.014284645381173688,
1976-11-30,,,,,,,0.005683050331682482,,,0.07895411688901177,,0.13392878410006182,-0.0522559320349148,,,-0.0055187659451981785,
1976-12-31,,,,,,,0.02998218553803489,,,0.009769916696783287,,0.06299065820465599,0.13583884063193985,,,0.06716473249448418,
1977-01-31,,,,,,,-0.013882393399824888,,,-0.10484561955903615,,-0.007406769304093785,0.05028130405005682,,,0.013986280460624556,
1977-02-28,,,,,,,0.011949922091738507,,,-0.017989478774890988,,0.037313365153177847,-0.02995917328770037,,,-0.011817183484017835,
1977-03-31,,,,,,,0.0018113055650605947,,,0.020101954278104683,,0.0,-0.03708484092126668,,,0.05714252013436871,
1977-04-30,,,,,,,-0.06419570561534771,,,-0.13511590865155476,,-0.014388307665186728,0.06456988676859898,,,0.03378354721522614,
1977-05-31,,,,,,,-0.04209866375935434,,,0.10419274633484243,,0.02189756595547032,0.04319362676375427,,,0.030004320026603137,
1977-06-30,,,,,,,0.07535720714226946,,,0.0977027649237645,,0.08571483217010845,0.06079317449170629,,,0.051948339372728025,
1977-07-31,,,,,,,0.01562509763319153,,,0.008633875115345413,,-0.013158047837648845,-0.0425557720870583,,,0.0061734623470834915,
1977-08-31,,,,,,,0.010295624946671467,,,0.05981203899398424,,0.026665993031831592,-0.06132596549075042,,,0.0032212864355540827,
1977-09-30,,,,,,,-0.027480149900002915,,,0.09988424091501447,,-0.019480761953596493,0.004322738106395774,,,0.0,
1977-10-31,,,,,,,-0.014367851897382655,,,-0.007318512363117646,,-0.006621619110361188,-0.03234310714564442,,,0.0,
1977-11-30,,,,,,,0.036369924074001414,,,0.09890342583720213,,0.0,0.03440390058588194,,,0.010230287162642071,
1977-12-31,,,,,,,0.03598528603068907,,,0.09456617926601774,,0.026665993031831592,0.0017800365399632812,,,-0.006329569618065856,
1978-01-31,,,,,,,-0.029250709118695317,,,-0.06170623719685564,,-0.12337681168904746,-0.10686056793569398,,,-0.03184672945763156,
1978-02-28,,,,,,,-0.04320507861732226,,,0.019724919575081712,,0.051853093903416525,-0.030886147820757825,,,-0.0030097762581838827,
1978-03-31,,,,,,,-0.06268612208843227,,,-0.029219078712787505,,0.08450599461231145,0.034838004457614424,,,0.013514027253169747,
1978-04-30,,,,,,,0.12951123022782296,,,0.2399849814698085,,0.11038957289377382,0.14815910399247356,,,-0.020000187115989942,
1978-05-31,,,,,,,-0.018396491305487594,,,0.03227240262303144,,0.08187155790701572,-0.004810096652930862,,,-0.02354242777209148,
1978-06-30,,,,,,,-0.0038725664334932075,,,-0.023774127134606804,,-0.027026931757854533,-0.041506505640656055,,,0.0,
1978-07-31,,,,,,,0.092322805363376,,,0.048132842146082044,,0.10555530488191134,0.06135983318166368,,,0.04285734848259226,
1978-08-31,,,,,,,0.049012898250925474,,,0.1122531958941606,,0.03517691184049676,0.128201738565327,,,0.003702476193716997,
1978-09-30,,,,,,,-0.05096408630154847,,,0.02041831680133699,,-0.03883597033952002,-0.003584146354977724,,,-0.00699277233057527,
1978-10-31,,,,,,,-0.046029346111831626,,,-0.1801956139374581,,-0.13636364090016984,-0.19950613238164924,,,-0.0422533996838087,
1978-11-30,,,,,,,0.03110649375800456,,,0.011006098354152227,,0.09356876593530794,0.06275736775338607,,,-0.017929859063556264,
1978-12-31,,,,,,,0.10760569790715424,,,-0.00842164855301486,,0.042779426885469096,0.015910386114083575,,,-0.04615416241216719,
1979-01-31,,,,,,,0.034338104735658126,,,-0.00546908572661553,0.0689678620919485,0.1435904041132352,0.014321093456906095,,,0.11290442519869104,
1979-02-28,,,,,,,-0.017199761752996423,,,0.022097944776845235,0.09678169140419768,-0.11210823567526607,-0.01246539144921229,,,-0.03292482031693311,
1979-03-31,,,,,,,0.05166690253863271,,,0.05193497344927933,0.17647283593809426,0.04545531212869891,0.11303709533173951,,,0.007692788527150274,
1979-04-30,,,,,,,-0.003962021912096381,,,0.046364324276203295,-0.025004674625569656,0.024154109283031966,-0.03698584087485298,,,-0.06106882049966467,
1979-05-31,,,,,,,-0.022095930915786655,,,0.004933487205385001,0.025645943087949652,-0.08018881950431433,-0.03806165032058628,,,0.028707970217147993,
1979-06-30,,,,,,,-0.03454060173364071,,,-0.0069411471473003195,0.02499513270095255,0.015384501572935916,0.01837692012541407,,,0.008129345946341182,
1979-07-31,,,,,,,-0.04940330671226978,,,0.02968584726363943,-0.02438561111513582,0.025253339308250355,0.04106859441303393,,,0.05645335059080492,
1979-08-31,,,,,,,0.015932570276719238,,,0.3202037322659803,0.19999231752735946,0.054186267576327385,0.12561747768802398,,,0.011711027912897354,
1979-09-30,,,,,,,-0.03214293511471911,,,-0.0693334149613748,-0.08333527877023372,-0.042056325901482006,0.10292626700786707,,,-0.06201560321628197,
1979-10-31,,,,,,,-0.07933542765165735,,,-0.07452264791144025,-0.29545470216263225,-0.03902383020760192,-0.023403485197666923,,,-0.024793442232732055,
1979-11-30,,,,,,,0.06062819638352335,,,0.1864570416873439,0.29033386689127605,0.06091384917519327,0.0970129814718897,,,0.02272756548248056,
1979-12-31,,,,,,,-0.013409915460421917,,,-0.048017421986666364,-0.07500607227286138,0.08612412052324081,0.08819677916559154,,,-0.05982944563810699,
1980-01-31,,,,,,,0.06601926960230142,,,0.07144206745328496,0.05405591988063452,0.061675032359950865,0.17293494898239503,,,0.018181761289003395,
1980-02-29,,,,,,,-0.0631091164873745,,,-0.10175283605574681,-0.10256633206408194,-0.13278069438766193,-0.03373073318038348,,,-0.041148795717149356,
1980-03-31,,,,,,,-0.12204675427168776,,,-0.10631499533794642,-0.34285125687984763,-0.004784179596734828,-0.14420122401891855,,,-0.05769246563666297,
1980-04-30,,,,,,,-0.01569474285964323,0.08234654980852585,,0.14037102060468132,0.2608536550988312,0.07692292345282281,-0.028703106947826,,,0.15306092513656933,
1980-05-31,,,,,,,0.0251035320421531,0.28805291786437515,,0.05382994651870843,0.0689678620919485,0.05357108672160904,0.070119274973377,,,0.05776231856055847,
1980-06-30,,,,,,,0.06094786729857815,-0.025321850213764985,,0.12337948044774039,0.09678169140419768,0.04660989416406891,0.012796643892370526,,,0.0,
1980-07-31,,,,,,,0.11063824506270614,0.14286122672774026,,0.1433348232835936,-0.08824152715413136,0.03238810296368255,0.11221411284685161,,,0.0,
1980-08-31,,,,,,,0.017162252717031423,0.27272437710242614,,0.10197265129124577,0.03226398387597951,0.1137266431955899,0.02107314513426332,,,-0.047777932030862114,
1980-09-30,,,,,,,-0.02099326465727891,0.08928723173363862,,0.03625835467837857,0.06250117076250672,0.10563345196967644,0.0391517108752647,,,-0.018691951449029798,
1980-10-31,,,,,,,0.038986526062586346,-0.08196849199410405,,0.009999410757144611,-0.05882456648744461,-0.025477575928220975,0.07450240325901795,,,0.0,
1980-11-30,,,,,,,0.03570975310407798,0.05357084027630976,,0.11386271260976644,0.031244774576321577,0.08823525613008343,0.1267278404572123,,,-0.03417122901708958,
1980-12-31,,,,,,,-0.003669582556580675,0.016953382224984104,,0.07956785103733677,0.030309386245400916,0.11111132210750752,-0.02412581888838261,,,0.020408007579915788,
1981-01-31,,,,,,,-0.05156566290869247,-0.09999920160476128,,-0.008264101114884626,0.35293379841789396,-0.0702708898083213,-0.03310620450990661,,,0.04999957888277895,
1981-02-28,,,,,,,0.011545614675788407,-0.009260790038147726,,0.05416952984960144,-0.08694948699810112,-0.03488323865793819,0.06726287583943107,,,-0.033200092902687106,
1981-03-31,,,,,,,-0.029182728170321526,0.20560693235689165,,0.15629066358667631,0.1428494367528481,0.08132443384062693,0.10409333640798075,,,-0.010203959873628543,
1981-04-30,,,,,,,-0.06012014323445736,0.1744195538949762,,0.058220294661860406,-0.1458319209801251,0.04735442282534641,0.020477915743536523,,,0.020617837222187907,
1981-05-31,,,,,,,0.01724787305774811,0.07920710319934132,,0.0032312408499222123,-0.048780531469225896,0.08776623923753979,0.04618809712518609,,,0.03658548964413444,
1981-06-30,,,,,,,-0.01489378547340181,-0.03669718728249771,,-0.017718514411387054,0.12820092014456108,0.0122248431889187,-0.04366249243797641,,,0.09090934988571653,
1981-07-31,,,,,,,-0.03023668166303861,0.0,,-0.026315035968392353,-0.13635704451379138,-0.026569747388786147,-0.03315539876247894,,,0.018518285794304923,
1981-08-31,,,,,,,-0.0031322487267703147,-0.1047628316978898,,-0.03541376090955661,-0.0789532512237755,-0.08188598213476639,-0.06025419119084052,,,-0.010100520473331764,
1981-09-30,,,,,,,-0.01814024024276628,-0.1489344413271667,,0.059651482836341474,-0.22856389284277745,-0.024323704786273215,-0.07349046620426984,,,-0.02857134069543743,
1981-10-31,,,,,,,-0.04849833964577688,0.08749626618259732,,0.06504238066606827,0.0370299152637521,0.10249176164044616,0.12246599614470455,,,0.07843087426904294,
1981-11-30,,,,,,,0.07570621008501721,0.03448460395637709,,0.10377154262158461,-0.07142948268386506,0.08040241224912537,0.009850957440198075,,,0.07439572508161496,
1981-12-31,,,,,,,0.04357833169533509,-0.10000141937165474,,-0.03134137400044634,0.07692413376457297,-0.0372092907831143,-0.02130588616631483,,,-0.04385963839943785,
1982-01-31,,,,,,,0.11868162208719868,-0.02469097988542568,,-0.0029360670495530705,-0.07142948268386506,-0.05072481823339503,0.0228252415967658,,,0.018348333369934577,
1982-02-28,,,,,,,-0.013991636795212203,-0.03797134769432087,,-0.02065260990237705,0.0,0.01017773858402271,-0.08931301776422736,,,0.01801803332092855,
1982-03-31,,,,,,,-0.03434311180823324,-0.026316187930799817,,0.10477654445671503,-0.11537839015388551,0.007556919555526509,-0.03501102038123712,,,0.009174679981283074,
1982-04-30,,,,,,,0.07531334665817435,0.09459082261905105,,0.13661056707265096,0.043469829431735274,0.02749999382464452,-0.010686417151822392,,,0.054545322535692886,
1982-05-31,,,,,,,-0.029991604906365876,-0.07407300482495882,,-0.06009563838665921,-0.08333527877023372,0.021898032723481897,-0.034951416149056724,,,-0.0008993436556871126,
1982-06-30,,,,,,,-0.014228232848316091,-0.06666352762521877,,0.08380882211771157,-0.18182086607605574,-0.028570928493775405,-0.013293758152634153,,,-0.00892825342986825,
1982-07-31,,,,,,,0.08247447699925714,-0.08571929718988613,,0.030733987212305358,0.055567075322762394,-0.014706343901659369,0.06725008804071386,,,0.01801737050978769,
1982-08-31,,,,,,,0.08855144089092382,0.03125012887373835,,0.15307253383799613,0.10526452015665777,0.03731314669779695,0.11182013216922441,,,0.16209031429102772,
1982-09-30,,,,,,,0.04077945620980028,0.18182314783748588,,0.13147820235512753,-0.09523921037629768,0.12949658288702537,-0.0685550122187278,,,-0.03149605566069136,
1982-10-31,,,,,,,0.08858640001352969,0.10256272824220147,,0.10563286683479634,0.05262208716716876,0.11252678032297836,0.16446243217399092,,,0.10569055082266976,
1982-11-30,,,,,,,0.09397809188722328,0.11627777936682926,,0.20700759058665197,0.15001332518510146,0.1488548613624725,0.11571160390939128,,,-0.014263756906629732,
1982-12-31,,,,,,,0.11271647357956138,0.09375138839706953,,0.05368549804439904,-0.13044485824627805,0.0,-0.011313094763526599,,,0.04615454840743394,
1983-01-31,,,,,,,0.027272666867844908,0.057143161652819074,,-0.05764418680442773,0.20000420827512033,-0.003321971010747715,0.07703793446143485,,,0.04411786714388555,
1983-02-28,,,,,,,0.010315392608677865,0.09459407277042198,,0.047869106950526374,0.12501000328362566,0.08333352545539352,0.06721662972940316,,,-0.005517661705754184,
1983-03-31,,,,,,,0.027777543597782728,-0.02469288452419882,,0.17665160267447155,-0.14814883951727953,0.14769122595208173,0.03153720750901612,,,0.0072989411252311065,
1983-04-30,,,,,,,0.14987686802583644,0.025318060467704573,,0.0647970348522231,0.39129782190245654,0.04825808453191094,0.032521422670693356,,,0.036231673767518124,
1983-05-31,,,,,,,-0.04132723607977917,0.11111324477767481,,0.166327777045161,0.06250117076250672,-0.06777561466710336,-0.00013992707743063862,,,0.008511502294254791,
1983-06-30,,,,,,,0.0808984657883971,0.09999742715063031,,0.08963032353821188,-0.02941775223057308,0.056242108419005676,0.0007876537108263785,,,-0.049999609497822894,
1983-07-31,,,,,,,0.001039238795625952,-0.11111052656873088,,0.04792244058057693,-0.1515120106146799,-0.08571484885148317,-0.009218702814670002,,,0.015037499358044215,
1983-08-31,,,,,,,0.0005712516471054752,0.05681628230354585,,-0.03875306287014213,-0.03570766350972043,0.005682675586726305,0.02843474378561739,,,-0.006049678517711765,
1983-09-30,,,,,,,0.06171421519757381,-0.0645135583629537,,0.0380952030361108,0.2592537182377259,0.1271184037476918,0.08200949440493839,,,0.038462188492167204,
1983-10-31,,,,,,,-0.0009847522081725124,-0.06896662471794635,,-0.03975499087595791,-0.02941775223057308,-0.11779505024824233,-0.018121847796330377,,,0.0444448190238822,
1983-11-30,,,,,,,-0.06697147162407202,0.06172721505508183,,0.07324877940816843,0.06060690986241135,0.0,0.062125170433977285,,,-0.12215903979027731,
1983-12-31,,,,,,,0.03940472195791167,0.04545367034411346,,-0.07337475697987395,0.028577678053259836,-0.03977176779580638,0.026611573293681134,,,-0.04166667106911848,
1984-01-31,,,,,,,-0.0645499054913865,-0.04581781280104674,,-0.0897424447517089,0.2499975703403461,-0.05917210721145316,-0.09510157663358094,,,0.04347826566316115,
1984-02-29,,,,,,,-0.025862458790708587,-0.015538515236757255,,-0.0950727768170696,0.15555299895207053,-0.012578520208088473,-0.047723344575505866,,,-0.01287717169868674,
1984-03-31,,,,,,,0.032879881225869934,-0.045864480210341674,,0.036555697334138104,-0.01922717524581885,-0.05095583771177681,0.009350438426544705,,,0.008771696971746845,
1984-04-30,,,,,,,-0.0010986907624254139,0.06694822997432925,,0.0676710307213626,0.07843225864886505,0.07382642372047621,-0.03798882004089003,,,-0.10434815732360492,
1984-05-31,,,,,,,-0.04489933496280574,-0.06552747747208454,,0.045774267676063296,-0.1272775526316562,-0.05625040602931608,0.017420962346061237,,,-0.008133626203031818,
1984-06-30,,,,,,,-0.01856175076266453,0.11974370623037278,,0.11264523013743966,0.10417248811049218,0.1258280208389635,0.004150249385290665,,,0.020407439313339992,
1984-07-31,,,,,,,0.04609973549799351,0.060107795298139255,,-0.012122819923455319,-0.07547324675823475,0.03529337369872976,-0.011979221270078963,,,-0.0599997284412811,
1984-08-31,,,,,,,0.12888459002457608,0.07050516406957086,,0.08414088896398142,0.08163446486929127,0.053978007645765436,0.13887994542352514,,,0.059719615205590326,
1984-09-30,,,,,,,0.004040494926838667,0.0406385278428566,,-0.028326454840785997,-0.03773639256307004,-0.03234593031555166,-0.0008454815298587123,,,0.13684200507457644,
1984-10-31,,,,,,,0.01179982017288661,0.010291034080918027,,-0.017494693161233865,-0.117648339999739,-0.08913609220958352,-0.03353374444785873,,,0.09259264427309266,
1984-11-30,,,,,,,-0.023070204273482053,0.06453308911341438,,-0.0534107875553278,0.0,-0.00305771883949546,-0.02493058114405759,,,0.03588909931435613,
1984-12-31,,,,,,,0.0112941254749781,0.03724560022007273,,-0.0488812517361229,0.24444291241551297,0.04907949502674169,0.015076915383490578,,,0.00847441529319859,
1985-01-31,,,,,,,0.10761386368994597,0.11186822782716377,,0.20131998097480341,0.1607128408129126,0.052631761413991285,0.0764947335353715,,,0.07563045756547715,
1985-02-28,0.014181630326920658,,0.06674145945042831,-0.002096997659743089,-0.08539781703953819,,-0.15906354504830564,0.021378922401210254,0.02529265215257386,0.03908199762962198,0.0634908365542895,-0.004090080024853017,0.01836480867330452,0.021179675550675552,-0.009846005549580853,0.0010720233567890942,0.05044010452727943
1985-03-31,-0.01023162843826797,,-0.02206331178953813,0.022099912436156218,0.14705875503326782,,-0.028460626009243095,0.028545377997131527,-0.051008580956432306,0.05150863856703033,0.02606356518467865,0.0010487430949236926,-0.03186302899542969,-0.019169513178598847,0.013842683745446319,0.07116359057709824,0.07827317984570581
1985-04-30,0.00021001452715913027,,-0.022668242349469365,0.008493616608854627,-0.060605838584223304,,-0.07348813651198603,0.028499189650146167,0.02960956955486598,-0.01633698495310571,0.012320932788179624,0.04860955929817607,-0.019446625095251975,0.010252315437639067,0.004020845627108323,0.007231316155306811,-0.0322501883505088
1985-05-31,0.04520083276236597,,-0.09672456391827922,0.03330318648915639,0.014696250550892076,,-0.08923717700245075,0.07987579604640327,0.06222925701085622,0.056783972481546825,0.08397081026841181,0.08149431553418804,0.0791556918413183,0.035083361946685966,0.07972152858423558,0.03703590712730483,0.04848569531093483
1985-06-30,0.015351782885254073,,-0.005471483159528241,0.009022982363162383,-0.022222170773437355,,0.021386576349498754,0.053917502879633206,-0.0472732077286514,0.024895205489234455,0.048856455140138005,0.03628032709190429,0.008466827452538751,0.012183163952882159,-0.003560138279658176,0.05331498150044937,0.028535096956065265
1985-07-31,0.0061852172024775,,0.029127949681032383,0.009422020074007257,-0.0757576173736878,,0.02852824779090622,-0.038741218613812856,-0.008124943962709486,-0.016499982688270354,-0.00014914576885992727,-0.03287884002885514,0.03965412785671733,-0.011818904569639558,0.03822662765223769,-0.04086927542972366,0.01948080267087382
1985-08-31,-0.011971330728744844,,-0.02401499484982224,-0.0023822715350891427,-0.20156012320057515,,-0.07305520868387655,0.011074772453644272,-0.015730382955132204,0.004490597413178873,0.01019993232919426,-0.031559062485494525,-0.031841890061905645,0.011121520839027047,-0.011668263883852522,0.006075958394899457,-0.004950298728765623
1985-09-30,-0.04658612999432615,,0.0034931461446547165,-0.020842392374801757,0.05882345391463839,,-0.013914821102352168,-0.04592436378205442,-0.01963889633577227,-0.027355545120220932,-0.057850638138803694,-0.04631008551540404,-0.052598189839266674,-0.03260373917790784,-0.03783001131386473,-0.05337953235711723,-0.04336437608621607
1985-10-31,0.043016828697863274,,-0.02775184146196663,0.02802245195270967,-0.07189561220463736,,-0.04204680908442456,0.05359071413926314,0.029904805854441174,0.06819601209771142,0.05029409892433967,0.07647480792485932,0.029601406920398716,0.06197678164858611,0.07291548860419628,0.09777609562914617,0.006578967126958601
1985-11-30,0.0692829300515817,,-0.0416842652755961,0.042097387535476136,0.02127655823055119,,0.2636788233907061,0.0656783724084537,0.05926518422314768,0.0933730299003526,0.08238180081636377,0.09449623741611485,0.08715150906349653,0.010885491065695177,0.07720603193649407,0.030277174367390636,-0.07452512142281698
1985-12-31,0.039887223494594504,,-0.06176905172368319,0.0163798618555809,-0.01760570157223562,,0.04408352437686236,0.0954592042621834,0.09668245776539823,0.06441081379392664,0.03593255035875631,0.04592476109080623,0.05791254791275083,-0.019178118987929777,0.03587010262998044,0.07293654750991678,-0.0001757890863933742
1986-01-31,0.017957646964879226,,0.0070505028396747145,0.029232721346056038,0.1612903687720062,,0.05963927940156516,0.034054003417218814,0.07660719049155178,0.0019161385275201978,0.03431736883522558,0.030996537233487484,-0.0008375247945652851,-0.09431926121001423,0.07580903368631471,0.05626126394475062,-0.04103733198104781
1986-02-28,0.07103352130684448,,-0.09729038504099959,0.04593416306406567,-0.10559229741140774,,0.05730148885388283,0.08388159660489747,0.12374005032912269,0.07037180777613371,0.07524044754486911,0.11896786191932092,0.11654172325213191,-0.012831835624032931,0.05279237933700098,0.060077151196489674,0.06422051413037477
1986-03-31,0.047537448750248346,,-0.09413591157216288,0.03186776632913958,-0.0069928238190778425,,-0.0087025473647059,0.06524740007169794,0.11061442678757723,0.11464591291571262,0.12326389361750181,0.06385836956307306,0.03273330101854095,-0.008545023387342013,0.02369489870976249,0.038393129358537115,0.09908529188991944
1986-04-30,0.004268338847816078,,-3.418759846751662e-05,0.0019348612914882504,0.03168984131351471,,0.12148345699826808,0.05957761868002587,-0.018863349934101926,0.02099629876359708,0.023503997096249375,-0.04194355721560555,-0.025679720411735992,0.005612385899129084,-0.04262335207149289,-0.04971220995079082,0.00659298521841728
1986-05-31,0.04729627106319556,,0.07252867165536836,0.008492660419418652,-0.020852973249913642,,-0.0020370531127904823,0.05513453733250406,0.09084518577497627,0.1093639365568503,0.06905659788379395,0.052144620732064925,0.013361778288585185,0.07903936429478309,0.08536087989965606,0.02208858683109342,-0.149704050126497
1986-06-30,0.013676434462859155,,-0.07566787617422972,0.012931175262678236,-0.10247368233312781,,-0.11825557430895839,0.08918110177766875,0.02911102066542388,0.048833219433585776,0.05186590339211843,0.002673072024072767,-0.0070145119631717275,-0.016010205941575744,-0.03020327701905212,0.06971262600941908,0.007309441821263862
1986-07-31,-0.07138827897398708,,-6.4602261577636115e-06,-0.02810172662479347,0.0,,-0.16302629662041812,-0.04583985087800879,-0.1635334046723223,-0.07863610575381712,-0.07646086214427544,-0.02282514398434068,-0.10699841855036304,-0.10671663264630267,-0.06695200190024804,0.09703716582979745,0.05851311880368226
1986-08-31,0.05107826293403661,,-0.05832156569491679,0.05701360623256867,0.11052445995875626,,0.14595723269627253,0.03472949366500025,0.05672967856450404,0.003920812743837529,0.00877178434230208,0.05798825881068629,0.08869502563796189,0.19023304301315067,0.04202483201988424,0.06040551156056969,0.05594419845627974
1986-09-30,-0.08476681049087764,,0.07221965182349765,-0.029851430193354574,0.09352550180139141,,-0.05957217275068686,-0.1001645769805396,-0.15110627285810138,-0.10746634167484055,-0.09851477088566658,-0.10351067224087164,-0.07279823154489475,-0.02477744493669824,0.013635774395551895,-0.10954488937720658,-0.012971934047380063
1986-10-31,0.04176440025068073,,-0.014989276618847228,0.012922964046900375,-0.0690782147143909,,0.07515611186836918,0.057606224106827864,0.15693555278401475,0.07960029085894699,0.060181063647578366,0.00898361964059402,0.05387680776926892,0.00893542129527286,0.04376058422638318,0.104544389435323,-0.01833736977102368
1986-11-30,0.009075650718881612,,-0.02281300681986313,0.006800394799866865,0.08014826610371983,,0.08396039718608947,0.01374472256701692,0.005676747258637249,0.025130855587533155,-0.0033235670405531133,0.0023288935452024434,0.0378142575493231,0.08474181787708583,0.00887115123420786,-0.005038667140499609,-0.04043579945005815
1986-12-31,-0.029160846148462982,,0.015348379567738046,-0.03210721442953672,0.020408314489206658,,-0.03988632381091347,-0.00913436824536687,-0.070933273329387,-0.03664654827631304,0.003943975960187877,-0.024716199002488805,-0.013630437708510955,-0.01069827257974935,-0.009492651181379838,-0.04708340275601486,-0.019651232107563144
1987-01-31,0.12795342939298482,,-0.007645003345682448,0.07956529760248102,0.07333327002558931,,0.3116933773904565,0.15142861075153058,0.16517843835764592,0.1314190232177616,0.1314306607385385,0.12166015062154208,0.12954106444881844,0.17000806437161597,0.15586148343312534,0.10860353213603684,0.01923044859892631
1987-02-28,0.06041538549190961,,0.00046426319038646763,0.03301134962289224,0.09070163696904143,,0.22024347929298776,0.038635776489324064,0.11821066834733829,0.04609869727598753,0.1293459255125334,0.06327252767448091,0.038684190105841273,0.0030877699543151262,0.11797264924103312,-0.03787995991646017,0.01612789388488911
1987-03-31,0.019194939759526575,,0.04494120403572318,0.03471609723571645,0.36311213616526183,,0.12739397025872043,-0.00022124879263943353,0.10411426927508871,0.043738395462752516,0.019597582126441308,-0.024103440313138515,-0.004035159978992577,0.10521151198047259,0.03713777163120165,-0.0305228248909394,-0.005017832358666208
1987-04-30,-0.020024127102216627,,0.09637179136400476,-0.011083960962319174,0.10993698164084642,,0.1700718110193465,-0.032557624411634956,-0.025190709740128225,-0.05837430901276158,-0.06860475748583632,-0.0502548115797448,-0.022623455340887482,-0.007365355053023641,-0.058128299952805364,-0.04228146078538562,0.031128165629741633
1987-05-31,0.0014613443948605642,,0.03332425048945938,-0.003127783521888344,-0.0882242429697474,,0.03225731146664733,0.05534281440926958,0.03822814036435342,0.04718031714792437,0.018972521314399183,-0.010082358941259813,0.0044179030542743376,0.05316509574838424,0.07605173372797129,-0.019366830630127358,-0.06413702914984476
1987-06-30,0.03380119732418885,,-0.01503069949912439,0.023368816681718668,-0.0294738136834094,,-0.08213249691059428,0.04948260037913929,0.021278947931009328,0.06696865815558165,0.06759655461675453,0.060459174796192054,0.05708546683652974,0.06162961213596859,0.018869599052330915,0.04251155827027623,0.02332598048894663
1987-07-31,0.036120302797974846,,0.03391897871623143,0.041349324836441055,0.20607379445859064,,0.008031202831565418,0.03040250431521871,0.07591506551381642,0.05853457142740509,0.03308642607371053,0.021886454068580904,0.0776559106924417,0.02958584629230354,0.1833584186702867,-0.011532891508213905,0.02907726446136938
1987-08-31,0.04058818805209219,,0.03617196721886414,0.01718583209785917,-0.043137766177312464,,0.14185726865270532,0.05743253525863248,0.031033348671858734,0.0678940876914022,0.012159292923941023,0.0678868174804378,0.020022446535029843,-0.003453202744931753,0.13392639489347183,0.031986386179576255,-0.03266985952070567
1987-09-30,-0.023841338125412392,,0.07286587969986646,-0.01464862777193468,-0.08396980794770459,,0.07818466667469268,0.016338618234100544,-0.06754431936811138,-0.0019632683535583118,0.004853464207528807,-0.024259213634609082,0.02480750566055978,-0.03917543203489613,0.025878556540330926,-0.02182558268841998,-0.03860282983052732
1987-10-31,-0.2658735620479801,,-0.08223903518121933,-0.15147950358884243,-0.23333302317164062,,-0.32352598754955836,-0.173166428257586,-0.2567522953380114,-0.23683332136486265,-0.24814119196369894,-0.28587853102652966,-0.2670841939286708,-0.2113759306496872,-0.33496769682668753,-0.007290701570000853,-0.14527795815224964
1987-11-30,-0.06560166134615768,,0.009102622535934893,-0.019444972171328755,0.18810522181330547,,-0.10361608431176662,-0.04413885914094268,-0.05771672792664371,-0.10218251444162041,-0.08964069897607821,-0.0645374542200369,-0.07084681103683294,-0.13891172778747635,-0.018473112846432715,-0.029286951716062992,0.08380082105934616
1987-12-31,0.07794138624004725,,-0.01538118533824595,0.0025636391244767617,-0.038740706092335375,,0.2774887436656437,0.08657022816032967,0.10653661709650193,0.06615669047865969,0.046927332849556296,-0.013619359019441635,0.061825590353171936,0.08589799916775702,0.08889949209580532,0.009108993506639962,-0.06144361328590664
1988-01-31,0.041141361167123046,,-0.06406593694628981,0.024895145924997312,-0.07556675916446265,,-0.04479263724006999,0.060514316592912676,0.061016704358299444,0.06428221473790316,0.08373217946195541,0.1004084674675075,0.05065770772635281,0.08551900650029036,-0.018959798140547268,0.12790280509136756,0.16509778736954694
1988-02-29,0.06440829300400959,,-0.010377820256677809,0.03384390135489352,0.03051756940031214,,0.12739832490473824,0.021477881674559413,0.11850492102416921,0.05922848345279161,0.065793722821156,0.08483007358669165,0.09283960567444621,0.04940336081884924,0.10221847014519403,-0.04693100233833386,-0.004229582013351774
1988-03-31,0.010605906059394635,,0.05128417503224273,0.0061711615023789,-0.04032238768520813,,-0.03021024502666039,-0.044893200475562056,-0.02878056739590527,-0.030708564920499865,-0.006790417274657759,-0.06991801081405775,-0.01692759529322522,0.03270365911747277,-0.01856487058648208,-0.03622025785704236,0.01553397465534162
1988-04-30,0.013941373862103257,,0.03465177346095601,0.006725605810010491,0.0,,0.07765352799217391,-0.01860319721320508,0.059721994440957084,-0.004637678060378195,0.015463224469853548,0.005931743004099288,0.008403398643903536,0.07242292739328275,0.03978018343891406,-0.011789322007072963,0.0035114997833134987
1988-05-31,-0.015132038383123528,,0.035359824738835664,0.0011542254336667451,0.01469375557082575,,0.01554368117054424,0.020869269972204813,-0.020796544212520734,-0.01085342411291658,-0.01681173759856449,0.04208021560942095,-0.004495386563971859,-0.004489374646691228,0.0008359264900299479,0.061785360691821646,-0.04042987773579504
1988-06-30,0.059796623173635766,,-0.04139871033520137,0.031138999706830525,-0.03932631744620296,,0.12446927074451845,0.0723804713317916,0.13073231205157398,0.032356884065380453,0.049506177762392994,0.070967315961847,0.0616767264933777,-0.03552867819133557,0.029084593241497,0.011284020431221545,0.0019007844238162486
1988-07-31,-0.011159703280960017,,0.03834263884749056,-0.0031640341642233754,-0.03216338770413463,,-0.06992292771198688,-0.008769937008433815,-0.0353914374622088,0.004377219801267124,0.0065012699365705195,0.01549614367009633,-0.03631096820953528,0.03730831221528506,0.0011846252447714385,-0.0025229456338406266,0.026539144675093662
1988-08-31,-0.03130471677669744,,0.01525966806246896,-0.020190226984222123,-0.07280380436898182,,-0.10828387079374498,-0.04831658521093399,-0.014894870315432185,0.0016385335491392872,0.0027137128916002425,0.033848069872622746,-0.06935022922010933,-0.02537036704708114,-0.07886738048655702,-0.019407238234350404,-0.017173288813889298
1988-09-30,0.030729889220891298,,-0.038171929340178545,0.021589340641072527,0.003322243780783163,,0.045458193947561704,0.07382862317569022,0.09346220267737015,0.07818286860001783,0.043159073855252285,0.00952890672966843,0.0447813004574147,0.031052363142022716,0.011952160944211143,0.026135010403991337,0.0
1988-10-31,7.016214871931788e-05,,-0.026467769647830968,0.019636261619666272,0.006622582020973544,,-0.07031468576846121,0.02047388202257097,0.05405104201307218,0.020482178829989234,-0.005899781428577782,0.005946633890516162,0.027007806193386497,0.03842595825404208,0.010048935290524455,0.03427311910964629,-0.11603738785307988
1988-11-30,-0.027744942161922952,,0.04989083110644329,-0.007338636952359701,0.07732372218864625,,-0.06352546565761875,-0.03486818232874858,-0.024713352717050146,-0.015189535587010639,-0.024391630461361502,-0.020399255220636923,-0.005954485981030925,-0.024176441341375515,-0.021561238717448306,-0.01116488531774886,-0.0004943291540924211
1988-12-31,0.026360034988990977,,0.008975348128487548,-0.008764169133950702,-0.028754445148397534,,0.10829677605583132,0.04143916641693876,-0.020188067897940032,0.016936166620458035,0.04485610996959422,-0.03200530053115073,0.0061021496759850625,-0.007532794736388256,0.014724393305867833,0.013770138069685337,0.01668297304593669
1989-01-31,0.0557540009432124,,-0.012855188214737412,0.0433845559049891,0.03947401871001688,,0.07316009646687874,0.11598824455327805,0.0741459172482909,0.050823881165679985,0.05900255994484038,0.13341907329936192,0.07178988812121467,0.09056645853419402,0.08972737268813158,0.018175340382752776,0.027410308220744528
1989-02-28,-0.009438766974635119,,0.035262592927617575,-0.005718316568373872,0.04418660935708085,,-0.04344327668040651,-0.02080144219182592,0.00888758330707499,-0.016373829950215038,0.024617909989163304,-0.03546735930053625,-0.03750388573665526,-0.020809534690832132,0.051568070645524454,-0.022137881672604182,0.05200055281124827
1989-03-31,0.019976267807265097,,0.002083008505415762,0.013241269750918331,0.03395138758943572,,-0.012028467187565402,0.0666066040604692,0.020629791372744215,0.05624265595744253,0.0553208644417753,0.0630449348148301,0.01279880593532726,0.03300423719170664,-0.04823883185956072,0.005349525761161156,0.09287304194329782
1989-04-30,0.04813923788763049,,-0.033793082308803145,0.0293848533992466,-0.011940494095234233,,0.10656419715015605,0.09141647417184623,0.06375265807488385,0.06945041261571938,0.0634960140758681,0.037585171352554604,0.0414699094230095,0.01939028569552914,-0.00694586196501538,0.03328489456180813,-0.01848151118097302
1989-05-31,0.04007732208629674,,-0.04220315241371383,0.02004986473535961,-0.018295931271045007,,0.10526142148253018,0.07137739153029726,0.03519360432365184,0.08395713587242978,0.04670070046413433,0.05882702807174691,0.05127945324984887,0.04302316370037503,-0.02394825877239985,0.0545676541998957,0.12698605701143462
1989-06-30,-0.01877131418611248,,-0.06458977684248217,0.011919060504435959,0.012539366269192609,,-0.09510886721120596,-0.004513061984788347,-0.02547428144331378,-0.015362550642564823,-0.02044172465687798,0.006921076938309523,-0.05170880655633692,-0.004962485782747124,0.002866774794094621,0.0232234755365122,-0.05336099526977617
1989-07-31,0.05771951685936938,,-0.03641583135635873,0.04764230630425105,0.05882364611951085,,-0.0464008137234834,0.11766446666022962,0.09626736753112124,0.14635741599171978,0.10618782935640518,0.14629193260040613,0.07820932425696163,0.04604668909995513,0.0753587382740765,0.07040204881459233,0.05156620623861263
1989-08-31,0.023625385305363844,,0.06226585330982193,0.01070745403166002,0.014987258889772148,,0.06980683714999102,0.039994351929545896,0.0818695902042878,0.012694023110087327,0.032667724041906904,0.016515568299204232,0.05081584654092763,0.06894701349726097,0.07964554770658538,-0.02759797938990588,0.007379295269583419
1989-09-30,0.00039427193830636015,,0.0068633168843551156,0.002753688363092229,0.05278595826726007,,0.004097430615016341,0.015578971765546346,0.02610446586620191,-0.007386379132432064,0.019405231944396917,0.0018506195504531919,-0.004277405646719531,0.00016328736631069743,-0.02945277389501318,0.005296363914659448,0.021480185825232756
1989-10-31,-0.04067473985321901,,-0.04852497341479578,-0.013375915403194586,0.08356551150900371,,-0.038529423005844624,0.009237823799639583,-0.036639835628058504,0.04233931047792963,-0.025222466354521956,-0.06195944191643622,-0.04280387145690569,-0.0020401616238007736,-0.046113679224530656,0.02801232470678361,-0.03945072699271879
1989-11-30,0.007272871002341308,,-0.009297823960954651,0.024421115996166677,0.18475447761984087,,0.028564300838677042,0.004443835162834031,-0.009273597152979929,0.02346193512969605,0.05126555533138526,-0.020671238447046436,0.01241634239728531,0.05062501367998736,0.05572835269661236,0.018374433258120177,-0.013318782592694978
1989-12-31,0.006466336736279314,,0.012370015334147574,0.001815878928629075,-0.013332651866698741,,-0.02230860326673296,0.016034497605840442,-0.014535237977470824,0.01907870395032739,-0.019301348003236744,-0.00026042286903386056,0.0018910702417935957,0.037684537012133625,0.04874300238552213,0.05669276767891925,-0.03225787903766164
1990-01-31,-0.08130936328430571,,0.06184771316217382,-0.03300288586849751,0.14414409945168627,,-0.005650245750608968,-0.11559546816098118,-0.0437073762414679,-0.09776912098191354,-0.07801949870184634,-0.08510670786558713,-0.042113342772289904,-0.06303143011538888,-0.017735941857627797,-0.05910826545408402,0.004609363836629521
1990-02-28,-0.017815921777031174,,0.009908169988946058,0.0006723053305192399,-0.16621576954777662,,0.1380761800486965,-0.017438129501048977,0.04708484564470472,0.012513706283612328,-0.006858226480924137,0.016074014612608656,0.056432455887830094,0.00518473779534009,-0.01715840732497879,-0.0052065722710507205,-0.14234154215654904
1990-03-31,-0.0045667110957966495,,0.017290447874529713,0.008803394045271185,-0.004773390769707064,,0.0626448770596512,0.020168122889849982,0.11675340581838756,0.06744846581729799,0.03114351095868502,-0.018025487771820715,0.09107818077129297,0.027570122210421894,0.01885260689313517,-0.02052515053796239,-0.0215998672345335
1990-04-30,-0.02668733673935178,,0.0443490587802741,-0.02948708789044418,-0.0791367938046923,,-0.02460220371630556,-0.03514768420413736,-0.032794651555668575,0.007246471099852991,0.030265857633467855,-0.02346877447807073,-0.04167884852752522,-0.03999209500588151,-0.07225186821791867,-0.07372512506430177,0.038838662826966464
1990-05-31,0.0357212074375062,,-0.04947883000743122,0.06472269087604239,0.023199552080179986,,0.13988278377902869,0.14095217770600238,0.19283239427660484,0.124740840427184,0.1501560494892855,0.0958696579608536,0.06578524582198715,0.08472675702888756,0.11196988945837576,0.06137019459300367,-0.022926520298200026
1990-06-30,-0.027027639388698288,,-0.021371230756996058,7.951535873670434e-05,-0.05943189095263235,,0.018647086478187726,-0.045373831205950316,-0.02766506049582172,0.05237176787578861,0.027569008404472385,-0.012483047999993313,0.056233738004667085,-0.022665309713706568,0.005799362136368484,0.007589475284585423,0.012594436676630183
1990-07-31,0.06489603136355196,,-0.011154000751873153,0.010048511885924656,0.04120925209027493,,-0.12478985758620068,-0.02833266132026624,-0.06522718334247042,0.000863049633391122,0.04060566270777039,-0.07514283500984024,0.006726744962111826,0.06672354875676327,0.041876748481752046,0.014648951329231682,-0.0033984144287456663
1990-08-31,0.013946006371189978,,0.057671660140541814,-0.06370642372856505,0.05992496243743228,,-0.17112877059593418,-0.12720916575407576,-0.12947423537687772,-0.09644105261994933,-0.10676276156558781,-0.0876933169459215,-0.11992689362680078,-0.041775442569399614,-0.15470904825548126,-0.06946976600205396,-0.09972418496451207
1990-09-30,-0.06642549736818668,,-0.0037936868147087077,-0.04602522163935147,-0.0025254967765966363,,-0.10327177110664891,-0.017135106906252917,-0.10295513757309378,-0.06324221283275175,-0.060051237165176685,-0.16453464902564266,-0.0809645763365262,-0.02658232892556941,-0.06892465706870816,0.0019172726649131129,0.005086714497719913
1990-10-31,-0.019884046614054435,,-0.02217280887802564,-0.004831467536054281,-0.1012660514039776,,0.003671598213859839,0.05903505940041881,-0.08375339826942936,0.0492692028608953,-0.005766249494068848,-0.08169414535517584,-0.02662279562706183,-0.007902451001523139,0.020954395573666518,0.09692790110951359,0.01323187429062328
1990-11-30,-0.010123853518716253,,-0.04280512291848926,0.03225211507416095,-0.03851908911009372,,0.2097909735769481,0.06917259801952369,0.13605916170318264,0.09263859087087589,0.1303653070646855,0.15773742727556073,0.06830770640304443,0.01878888735854905,0.03936632545948041,0.011766333081286143,0.025015204375414712
1990-12-31,0.0732444872734398,,-0.022511839734807342,0.015518457303346257,0.12951870596321835,,0.08691080767049957,0.05016872105193068,0.07117935216336109,0.03387837521208015,0.03461448458364135,0.027227467274161855,0.060791716231000284,-0.036229049892022455,0.06379726242600887,0.02710606164222819,0.04040387692868708
1991-01-31,0.008196902393605016,,-0.006684642296313381,0.02234151490777566,-0.10666669984693056,,0.23490016185774856,0.01863088923907047,0.08595155883322819,0.05318305519682684,0.08248034932042231,0.1521929800029459,0.1028365136415847,-0.028226798588492134,0.01451212073586583,-0.025863384908062576,0.07772945385402041
1991-02-28,0.07157543836134866,,0.0005226632575708138,0.06134685767429292,0.09901637751789427,,0.08675981453690854,0.03010199203467906,0.14225861674800191,0.0724645804394456,0.07609708085490188,0.13443685800347846,0.02807942411646273,0.11600706598844567,0.059088006554308826,0.052223635231430844,0.0981392281800092
1991-03-31,-0.01235963969959103,,0.006328016123305469,0.009758762943931073,-0.01657460789775589,,0.037445997811722906,0.04586967782490603,0.05413013776677387,0.05774168382516526,0.07901609484265862,0.08844137136839696,0.02120432319997659,-0.006308211963877938,0.04515130432965594,0.022107530397820208,0.036785167752420356
1991-04-30,0.02089180071868002,,-0.0071725458303775564,0.007353542486460095,0.019663058349318696,,-0.0009951968207595363,-0.005872795606331888,0.025873081699398226,0.01609905227474656,-0.006344160611587127,-0.00029936184025428634,0.013911098196496672,0.014602184584674755,-0.024805911785846197,-0.0009295623397449493,0.08154347267350992
1991-05-31,0.0003491966960840476,,0.0067227796547836656,0.026217652592358625,0.07843144498684107,,0.021170936956687703,-0.025159517575606055,0.05627697834600189,0.04588740819293581,0.08174053944331056,0.07770235072310036,0.06621073499324738,0.036521196655524966,0.04610933651289073,0.00488431864575443,-0.0019577798536002944
1991-06-30,0.014883632583697431,,0.02300368761187947,-0.025702083516306568,0.09090888329392732,,-0.10495734395323528,-0.031115500194881407,-0.05053741973977521,-0.0645613877660684,-0.05645206318365821,-0.05096926868731842,0.01306835186445991,-0.05853100976653436,0.03402099459732318,-0.002332449016425505,0.0
1991-07-31,-0.02326520181471456,,-0.009478671811650222,0.03440681675413193,-0.0428570657299161,,0.08016997205609792,0.03027395026772267,0.07488371849823734,0.06316546390398312,0.05626137622677585,0.08549233315198941,0.035815685351366734,0.08447342948419492,0.0021270775902694217,0.04039991226892085,0.017155765143841817
1991-08-31,0.014015504260484951,,-0.04585584378635662,0.010876317445659926,-0.10851822953659429,,0.08966946701325304,0.0049276898565586424,0.023835397223632,0.07890832553960564,0.02663566431991382,0.03629378355993316,0.005840614162759027,0.03662567286238231,0.0033612388975328513,0.03013626342989147,0.039215920307064445
1991-09-30,0.02128216307844416,,-0.04391816761663969,0.011829023956398463,0.09348414966761154,,-0.031452937724318654,0.012956702876279896,-0.007131451745798638,-0.03248719073963449,-0.008336019740347034,-0.0006390772147661372,-0.000306762999750584,-0.0015432357267601044,0.04964858013494459,0.05888348320051173,-0.02127658893781431
1991-10-31,0.01147812992775421,,-0.004834231605832147,0.017072239402384715,-0.012953432120732855,,0.10919559898568924,0.054118756641861,-0.054399454139776204,-0.024776475234536494,0.05337775655673461,0.024789095397033455,0.061043882548090324,0.0004185894963760285,0.008388671427901525,0.020251712409662243,0.02798192267613997
1991-11-30,0.04577346584713407,,-0.015610362590889734,-0.020986253855621504,0.07241521576799448,,-0.04665952860219762,-0.06261680647191695,-0.0020491335650128875,-0.008986470360719076,-0.026483533708396036,-0.06453410408963839,-0.0672974116149838,-0.08857400936243894,-0.024409086960430166,0.030201405335034126,0.009296247052823337
1991-12-31,0.06520525229841281,,-0.0808043816165817,0.04661067824903241,-0.06716451295102055,,0.15832704261090566,0.08903363097542749,0.17960481275283788,0.12494269589499317,0.16337980079988318,0.15521303038307405,0.10380444489840458,0.017883102322379378,0.04146763387728092,0.07496791666419873,0.09926473799791319
1992-01-31,0.004764863496915961,,0.07466839732014852,0.0014379423016992962,0.10666700471348078,,0.12182487918257273,0.01264278183322698,0.07332754462272824,-0.015912329758914476,-0.029044306939540722,0.041921312171573355,0.005088195960900528,-0.03787519588569873,0.07919538641156088,-0.05152449604280296,0.09800169618684351
1992-02-29,0.006505997508533023,,0.0067093964445670284,0.005206362712610967,-0.06535223535272705,,0.01094169249480595,0.021334181407472397,0.029425907270873186,0.028664929738020803,-0.0016270074652543385,0.062215777023022736,0.03931449693944404,0.010279347822482252,-0.022212285444657476,-0.01565954588571289,0.007378404896307145
1992-03-31,-0.02876587944238873,,0.03745433071536534,-0.02327491877650883,-0.059896211510872543,,-0.09419752989436958,-0.05175271223281533,-0.012480324458065592,-0.013914227067066062,-0.04623324955704196,0.005055152881469871,-0.011377106579649965,0.00883499093873817,0.0428288529975888,0.002406631589952394,-0.03320626279229355
1992-04-30,-0.01043181071738628,,0.005841302536380673,0.003304042300864457,-0.0747917434698937,,-0.02347519222569157,0.05326045775090299,0.013127335741861368,-0.030446005987196045,0.012181419137253145,0.03956959843181068,0.012679826176259972,0.06435445039684425,0.045250581603718164,0.04904843550865275,-0.014626236937921533
1992-05-31,-0.01446887900000029,,-0.03583477871491281,0.024816939014502742,0.09005747680692511,,0.024569894094032117,0.02180032615160954,0.05776609430361187,0.04330135984195968,0.01446752912973337,-0.010888993311600915,-0.0034462604201381886,0.03362972871427009,0.029509340322033045,0.011132716628983408,0.0
1992-06-30,-0.03287943680082024,,-0.026903326382598774,-0.008414887247484607,-0.11111111111111116,,-0.049207850110874474,0.008545939014826892,-0.00045884999697992646,-0.04027836759108086,-0.03600663106511641,-0.01460214116795978,-0.025829921832118637,-0.034113270108088525,0.005461415375443461,0.021275908672958182,-0.015254786083508998
1992-07-31,0.022363622041760612,,-0.057575878218067124,0.02472500691151322,0.0031250017148856113,,0.04352186979917032,0.024832720771288813,0.10576343346496322,0.04771031648537642,0.06175229941189794,0.014709034620338245,0.014053871329449599,0.0876763815802486,-0.0033308551953307175,0.06360277954040082,0.048421059910783604
1992-08-31,-0.018820333972709324,,-0.02044626520107758,-0.00670879157765349,-0.06878395195663722,,-0.05010689168819928,-0.011936209019889232,-0.045860013929996106,-0.001361628825961969,-0.04104229199186172,-0.04715586738597176,-0.0449870226017643,0.02438341954783271,0.008619494326385119,-0.01451176941275062,-0.0019025865755073479
1992-09-30,0.024529612421644486,,-0.03045648820612812,0.003266549382841316,-0.06101723267753256,,0.0673535603926873,0.029553082543710973,0.058067161609875795,0.026503159352637723,-0.005754296866056451,0.021619239908773145,0.027718626570739053,0.00043964236589311145,0.02722409288363642,0.007407001180608126,0.0403849646232477
1992-10-31,0.03756631310528184,,0.06944039479415642,-0.011755985737666955,-0.0938624288143095,,0.16261900535608745,-0.01850086339034049,0.02428162808633727,0.03797230664182141,0.04018035493177892,0.04371720118258887,0.02835199073047385,-0.03700464324971559,0.008460299757329676,-0.003992747371426279,0.027926580393152767
1992-11-30,0.002757505472675703,,0.02424949916231045,0.014566046199227542,0.048122327176278734,,0.06020640131011598,0.09548239828291216,0.13600838739266088,0.03296210704689877,0.026614746968160182,0.08025661747774818,0.04548430910171075,-0.012974537182246901,-0.019571480881816705,-0.011882330864285048,0.019204742787379048
1992-12-31,0.009166135951580756,,-0.030500590169165915,0.003953298803738598,-0.015444389960924232,,-0.0010297028749603023,0.06891069219544965,0.02068220704956057,-0.01635211296927047,0.009189943986303512,0.02942861269398367,0.04771027681169532,0.004481380648305579,0.017270288046934368,0.03570542912191543,-0.023724813913376164
1993-01-31,0.011705818877584151,,-0.04991962262063132,0.01479779776469254,0.03921573219151009,,0.13017340213639605,0.02090616821583352,0.025031105003481508,0.002848341795626874,-0.024186428589962602,0.04234005043807297,-0.0033728369393289303,0.05385285199730811,-0.032075517899124384,0.03104366341174125,0.10111171215210435
1993-02-28,0.005354152402365031,0.010668154581694456,-0.0546552618190107,0.019732022440018364,0.10555658255079381,,0.04281440280034005,0.05885346938292768,-0.01036953837411479,-0.014352866528972663,-0.07437014546490604,0.03038242689379268,0.03817062413332722,0.06550355911360382,0.016625319022948615,0.06311262268964823,0.06874995125730166
1993-03-31,0.009867400978996011,0.022398936728472485,0.0033686311404605984,0.03235551332563101,0.14186882142466395,,0.0657498385053984,0.02324116971039003,0.08822069365475001,0.013850483448395373,0.03513454672834126,0.08734281914104224,0.017474938507107202,0.06625583371120454,0.05021576310403375,0.015893875447204015,0.05389074106984704
1993-04-30,-0.021297328313204543,-0.025587972592664543,-0.004293735195750233,0.012771246626613973,0.10000024225142878,,0.0016964330982621363,-0.09434245824691803,-0.05689343787111619,-0.12336887995237115,0.023575861234599062,-0.025361593000544275,0.006928048064785578,0.018756924584661414,-0.01081005276883612,0.0011999377740928112,0.01782585269114323
1993-05-31,0.04764727004728355,0.026969465788584168,0.022415141505181053,0.03156673025043545,0.11059331650478321,,0.1319209514519557,0.07761365726675429,0.10059271312449482,0.017766140902003902,0.040885676034333775,-0.00760442088838816,0.01902558277941239,0.031143568247082976,0.027891879130363367,-0.00988101580351595,0.003613841978911403
1993-06-30,-0.031330550399156484,0.0036074488563535567,-0.05367057835686676,0.008707778633005855,-0.04010015096745978,,0.023466009724330012,0.014904542458265446,-0.028976994804039306,0.014128539554675454,-0.017074222497110637,0.0732460477446646,0.024930684069635778,-0.008747645942159312,0.0031005191105231977,0.03959043588525476,-0.006630093919935187
1993-07-31,0.011491773920277315,-0.0048544333138154094,0.003495820699391398,0.014255151509157649,0.039164369075580074,,-0.04811769608592447,0.031132908015229693,-0.025042287793447273,-0.03021824957488825,-0.052068787453289286,0.005002546026070799,0.025299579493500424,0.027063705320898905,0.04332240647773561,0.030107819073836695,0.06682168647570852
1993-08-31,0.034285909383434274,0.038328058820456645,-0.06933562083718647,0.028672435991929545,-0.09796149022324929,,0.0809300827752097,0.12890298553692142,0.010701980574826773,0.035153634031414596,0.053434052377035884,0.05291355203210137,0.04660075135201565,0.06549202471713486,-0.016202066461621062,0.03647069884217535,0.03245763349670672
1993-09-30,0.022854295273191938,-0.007276115439406983,-0.006489284141241576,-0.00357274946710268,-0.047887882177669816,,0.005227444309027764,-0.027728533407785638,0.015435770225147496,-0.010340781386762712,0.008044326510627243,0.04773981708938863,-0.011413297108978657,0.02268952539984348,-0.04863365855989543,0.007109982217025024,0.07629457414201801
1993-10-31,-0.0033725411649789374,0.019728280637719697,-0.0036967742613202756,0.023970609822884847,0.08875756945767188,,-0.01373813446595117,0.1303244257793095,0.05245712432727529,0.06155812723600988,0.02923312784121918,-0.04976697913670173,0.03476115592250823,-0.06452228279369365,0.08614624555200961,-0.004442922496755597,-0.009660325094708877
1993-11-30,0.024589599428289734,-0.010673293142796636,0.06662473175437948,-0.023085397170925396,0.004845273938911543,,0.012785006146405736,-0.0720287459348126,-0.016673361183171847,0.03554010576849484,0.023267315771593154,-0.05014474045447904,0.002173909170968467,-0.07797237329395583,-0.002009043816163486,-0.05234030068442391,-0.029563126223108582
1993-12-31,-0.012222652895626384,0.012276067898879361,0.0058772163352469224,0.02281831138179798,0.07650247910472063,,0.004086141093565652,0.005947695351028959,0.023272021378768253,-0.005302045255582255,0.02434304954436972,0.011103572777340734,0.036497772276010025,-0.008658416399847864,0.04171777911974889,0.03528236308200746,-0.010425164879080906
1994-01-31,0.013008435149244347,0.0348761959257613,-0.02657519228417719,0.027293271838236235,0.025380381431365784,,0.11538327685315124,-0.009289487430483023,0.03635328284467143,-0.004117204906301103,0.016613918404340032,0.02512057760542589,0.06107687670587081,0.06003185633497145,0.051014916959380624,-0.03329099917228665,0.09432242352105431
1994-02-28,0.06367419061413411,-0.02916448089149115,0.09276907440598658,-0.023693622148122335,-0.06954058302797372,,0.031126063859194465,-0.02768366476437681,0.005409833196900217,0.03649131415626368,-0.055069923657591696,-0.05223454914381593,-0.0033666318150229945,-0.03750266343199493,-0.006719338765584615,-0.05502710355783674,0.0010065875114717941
1994-03-31,0.032393443697140145,-0.04190088433048256,0.09523837736467418,-0.03371996670710338,-0.0672035027813801,,0.01395033799171407,-0.06456866977632222,-0.015233050431512447,-0.06592590092742226,-0.04524486903324843,-0.03920882007839783,-0.04127285680334997,-0.039817875455916196,-0.04319476238001621,-0.03871588002211166,-0.010949136716653096
1994-04-30,-0.061909443894808305,0.011212094137204476,0.041943892101997816,0.005266217187380362,-0.025937294305163894,,-0.028513840090825675,-0.015568848025542231,0.04677651823291903,0.010248887077037888,0.03137472591326545,0.058153929697787356,-0.009734045408190848,0.07996948317680366,0.01196681163367741,0.04467327324144047,0.03252165893355611
1994-05-31,-0.006324764891511858,0.015938791476566738,0.018197361568942434,0.005215273943519521,0.035468673863575884,,0.003080409423987074,0.04481786430726639,0.00839694509573563,-0.04636615155531601,0.070486806594095,0.0384055702219822,0.013086796292246374,0.02651646619951948,0.011298078084020918,-0.05242332919758939,0.04312416598869077
1994-06-30,0.002155460584517077,-0.022914188434457694,0.025448261009900868,-0.015186196654468926,0.043352909905781,,-0.03303388113579759,0.01839478196318206,-0.031135490968884794,-0.0025036373510373133,-0.006968705312405232,-0.04841048228779429,-0.026405271361865053,-0.009211516107873645,-0.013940198717376229,-0.033938839074772666,-0.01951541591035925
1994-07-31,-0.02957841917954085,0.03232672767036249,-0.03172844500556674,0.024812621810467297,0.024931116910061224,,0.0624560254658535,-0.019069153026210706,0.020352823625651637,0.036311624294386904,-0.008055953853878573,0.03442175902104982,0.01436699012044869,0.029672344805532807,0.06698866813556437,0.04287584981829919,0.0006158137089580981
1994-08-31,0.05342819463791666,0.038121136849359916,0.009409908141254494,0.030129620566083405,0.08209664219902302,,0.11070624505144333,-0.022160526167757183,0.026881510191362503,0.0576628777758455,0.08879732329497138,0.04372253752841868,0.06430298351147555,0.0029958364991557857,0.046883034140283386,0.027941293694270675,-0.028272411100113803
1994-09-30,0.02835165184715045,-0.025254992785261443,0.060824799082201064,-0.009552775231463079,0.06565627745230462,,-0.008917708626076723,-0.028063438172781174,-0.05954273575776703,-0.006121392396772049,0.006017356945546413,-0.04471780284670671,-0.04210626330988941,-0.012329758708639551,0.0035079434667902865,-0.009610657210713025,-0.0024229147538877096
1994-10-31,0.014062538778766976,0.028426079994671172,0.0234480163104136,0.003526116326031155,-0.09004741063825494,,0.14074938621410168,0.027653406190201624,0.03351866291563572,0.026067522664275658,0.030353956496720437,0.02537566289096424,0.002411313140833704,0.06257989780304814,-0.03335880249239764,0.02129949348715654,-0.04593203141565664
1994-11-30,-0.012886114541250882,-0.03981600702696031,0.01892809762147866,-0.03326730641212999,-0.08142573761206617,,-0.019781127735967536,-0.0031253454108750856,-0.018899067673503214,0.0013699366910621125,-0.014681340746160142,-0.073190601471517,-0.058875810825563465,-0.07900799397966815,-0.08707613352398416,0.035459062041485835,-0.028013538525992754
1994-12-31,-0.02149022348305374,0.007283014509817054,-0.005037313411174453,-0.001454716057052953,0.028653691411584692,,-0.008345931314704328,0.0024550564383916396,0.030181029267072255,-0.039816067685159606,0.020668639231057277,0.02568932018886677,0.04013235889262536,-0.015304170497838974,0.01020832518809936,-0.021029256997565155,0.041836458905950225
1995-01-31,-0.015383200714728517,0.033607630357521456,-0.030607910177923525,-0.0027009250439244685,-0.03899749968371069,,0.013632910054374689,0.0585239839981305,-0.03061520156614112,0.030703107013499,0.03862866660953786,0.07402680256139337,0.010651288569375758,0.006868275281505941,0.0006093098936368058,0.06274170353508919,0.019435269953852224
1995-02-28,0.030481327721425998,0.04080929182547832,-0.048640447559555954,0.026398400164138323,0.014230614630178495,,0.10610465010819758,0.027420541055550668,-0.005945508417849291,0.02933457459635662,0.036699020778994604,0.06589275919013284,0.05125640672407992,0.0792439848684804,0.08043543085993538,-0.0038303209425152676,0.05812939752185031
1995-03-31,0.04954242696963886,0.02784764298728981,-0.0010278188420242234,0.024972247974686113,0.08092522032985028,,0.12142226459892332,-0.007494654718778748,0.012641067380308726,0.038992690400782584,0.04409881833841147,0.007085811679640036,0.061986395962626284,0.08047280968371921,0.08317111223597407,-0.033295289576155775,0.029431736951571447
1995-04-30,-7.933996028477441e-05,0.029622816980743982,-0.02046828133012642,0.021406555164969733,-0.06149760480536892,,0.06721968542905749,0.03700147308839008,-0.04227443282252864,0.014927906560788268,0.009482438723955872,0.03919508600297292,0.040313368958823315,0.013617199337495707,-0.021020470561905313,0.023421621882473247,-0.01518668606004725
1995-05-31,0.04059178999612341,0.03967323401476319,-0.10594088258476453,0.02897696163696643,0.011730393538478268,,0.028075424298145125,0.03903650140740483,0.07739383548097618,0.06417486078399812,0.034126101600070596,0.0546285162536925,0.022794740667206468,0.03887475581141705,0.051266653654664124,0.0721623465620543,0.04066550039340361
1995-06-30,0.011283933989978668,0.03317383733072943,-0.01068002599034675,0.014580118813248655,-0.0199430363490416,,0.14807812294035658,0.02852605636936284,0.05907327753136476,0.024175160421788605,0.03177998809430546,0.040151643014401654,0.03142009805221831,-0.037404153153391295,0.007750238766398493,-0.003279440399519514,0.01500151130097327
1995-07-31,0.07599037455141681,0.040314073480839374,0.034042636738056485,0.028281933520071967,-0.026162575096619123,,0.07924314320600502,0.05726361939363672,0.07385116103982438,0.012957518891288572,0.04824261353256967,0.04286305083886965,0.0843391527328065,0.03855346201159434,0.06268693398624026,-0.005339279675636854,0.011411110772319544
1995-08-31,-0.02592418224735944,0.011997109534956585,-0.02344557666096044,0.006077046304358349,0.03568307309208185,,0.016625596774283158,0.025307867152219443,-0.031904038179818524,-0.02492774494919446,0.0032090803313926867,0.05473357302388415,-0.00544422119188942,-0.014751094592465073,-0.04239005309808166,-0.004046785339935448,-0.0027160266161486424
1995-09-30,0.044858851987775325,0.03316689410968221,-0.01835660840226642,0.01905777957394095,-0.014577140584033144,,-0.02006218276261738,0.01830661736068806,0.008211058731056828,0.06197849396330689,0.08062851561034405,0.08850957025040473,0.022985917897899253,0.01066284549410601,0.01916038696765099,0.06902299172170208,-0.019818077234061482
1995-10-31,0.004173850159486525,-0.01730771995725855,-0.027514051403974744,-0.013655234722576688,-0.11834299659868086,,0.046656801800676044,-0.0070741280415210495,0.004937017748000071,-0.00516487846025325,0.016873379379877117,-0.054071892496029283,0.01556446586600754,-0.02076421432339908,-0.033281799590699546,0.033090941639491854,0.014299744283631455
1995-11-30,0.0018793150703739325,0.043243312706143344,-0.04008175655170513,0.030017362998171513,0.06031724041952913,,-0.013963672422091308,0.0212938897911448,0.11072299668971844,0.05364747430476001,0.05491352012742667,0.0790682390976039,0.05736903362890523,0.046945083559448646,0.09665018810676233,0.00953070287859642,-0.01092927059298826
1995-12-31,0.024858567660036024,0.006054904487145907,-0.02730480225015604,0.012378508749765291,-0.04807744223186816,,-0.09536766057627487,0.004891383909878588,0.07210074705571864,-0.02365065849432209,0.03831120723867005,0.0004834595134669828,-0.0018016995758546317,0.05610483460291122,0.05006464529010277,0.05900436552789449,0.08131910106371781
1996-01-31,0.018638369242260457,0.026239079257732723,-0.005138829546973052,0.0287721068259805,0.25252542218535945,,-0.027803628029033366,0.05909906813872226,-0.022717096846456557,0.01940315521341618,0.041373909815986876,0.07863983394314866,0.05058461043527819,0.008270010596601358,0.06376684412423694,0.038887122301994426,0.05626599847103528
1996-02-29,0.09037601393220548,0.01733075454381694,0.08988372010327295,0.0022483419655908647,0.021448674973119974,,0.03587343758478307,-0.01604955177279571,0.022737248875643514,0.042304555006495596,0.01103800215477863,0.02513741747798136,0.031124122877340017,0.044467542357508716,0.02792411706173965,-0.03895895631336301,0.023875078601922423
1996-03-31,0.03072090728889485,0.012337499042963107,0.04167869162807151,0.006687147487809546,-0.010638315590887237,,-0.05922895094694828,-0.05662320195157422,0.14585718839644166,0.02735208810160476,0.021496831652475158,0.014462752973365448,0.03301077208317106,0.07537234657362957,0.029334378934935113,-0.00608439438610268,-0.020283680437455154
1996-04-30,-0.0034990556554092443,0.021817110002312345,0.04188372919857016,0.01610641905405258,-0.0053761550836056715,,0.10041136619836322,0.0014724202986270696,0.05214355539827204,0.023183002776518215,-0.0006203558554406544,-0.018677111136952262,0.002178481044093374,0.032209049002363974,0.03325556689873625,-0.05291477049259282,0.011344118435673095
1996-05-31,0.026945164277911226,0.01515036511119261,0.02887140502807258,0.012085594216167317,-0.00972251606804253,,0.03001131482039815,-0.02066283274054706,0.07231221466783021,0.06591312139333762,0.03982790846346296,0.026439671252839747,0.026911740549784298,-0.006590270408907155,0.02959845345457355,0.02004945214226489,0.0184772289340408
1996-06-30,-0.04670610430156876,-0.005530054088576264,-0.019211360220551105,-0.00680680309180626,-0.14285709976883987,,-0.061971664639623496,0.028345201023522892,-0.0009254956353124598,0.05475005418797252,0.007666738898200565,0.0029590315565327396,0.01351617815108726,0.012433191516162876,-0.03728842643130466,0.06288530152036671,0.0010001880066529134
1996-07-31,0.0356191662821995,-0.05302561617632684,0.012161935233431823,-0.027472473600076278,0.04487108884052393,,-0.0884166610991514,-0.10401647468589686,-0.04921056075387174,-0.059581493708910416,-0.07785078184436905,-0.02468161938720652,-0.036413325707996325,-0.06368229329552287,-0.06333167661062074,-0.05709649567200822,0.017962094283839186
1996-08-31,0.004330816921818604,0.036632510626082415,0.022351971821400918,0.01990655072219564,-0.02332624718637455,,0.0600267595263127,0.01855041690496051,0.08175836606359785,0.021561630888020926,0.05048179492099614,0.03442548906533011,0.044267431319146885,0.0398307696363713,0.03429807459469536,0.003945635005028277,0.04670035602837047
1996-09-30,0.042066355075595016,0.05032016663990335,-0.03365260285463467,0.02688061355107081,-0.025316771417120187,,0.10435478874466574,0.044030790364750855,0.05915507999508866,0.02438914415584243,0.06677208475414925,0.0633162658778639,0.07033193771117774,0.020938574792689853,0.03811937042699638,-0.004281084563070821,0.03771741057130329
1996-10-31,0.019670541244351525,0.01844650182732621,-0.04958114837415084,0.012487438088373817,-0.009740281181234822,,-0.010458453508226486,0.004612464356613999,-0.004211341750755152,0.01536695776258765,0.013738818542474152,0.06936031758109615,0.006110079893739391,0.0510267180118129,0.01971900680937444,0.03234984985255762,0.02548763456253511
1996-11-30,0.03988630259445007,0.06618120658516691,-0.04524795809111459,0.035916963630461436,-0.005772897451015169,,0.19814866051865546,0.10094842011745736,0.03143879595741544,0.07557410558900551,0.0886473647057576,0.08488904042689792,0.07683484901150926,0.049808286602767406,0.0788888515933007,0.0075899310483383275,0.06457459197593829
1996-12-31,0.04211071423879873,-0.0250392536824679,0.05656774609225823,-0.00524203551151316,-0.0764117546023616,,-0.049068040007819023,0.00531409817065398,-0.03893300278725233,0.010541216252340897,-0.012911434796323477,-0.007721618494077811,-0.020764263437506092,-0.015352047000501476,-0.03869881464974967,0.00040753742879791793,0.09025893233345583
1997-01-31,0.027248556354015664,0.05362076361135393,0.01587555010139215,0.013917957430458075,-0.02158265404187787,,0.12229882039367995,0.04925645594241135,0.01492731693733042,0.053327579396291985,0.09003295140670006,0.10099072553123883,0.046557329512527015,0.039288340293278656,-0.023568201615475636,-0.01617922663365806,0.0010916820381789705
1997-02-28,0.00446917954105297,-0.0006523520601414146,0.007443206652087975,0.011448106133144386,0.10846978772926086,,-0.05330905735180813,0.013567981016282427,0.037999080810735095,0.045754830192132015,0.004331221551475866,0.04918651879351454,0.006431189323967793,-0.032341272764105033,0.09817044498870615,0.007023742546046689,-0.012063914656157415
1997-03-31,-0.030275625459157275,-0.04260893948535005,0.05486329186718734,-0.0286188788506324,-0.09364507902935393,,0.015197073505441814,-0.06916934861515575,-0.02602933130163205,-0.017426567336844296,-0.05660045794048878,-0.05412748633490459,-0.012519012998659287,0.03227955127994225,-0.08826678844423322,-0.04407888896444675,-0.0069341509736463025
1997-04-30,0.012469766351425183,0.04343449654720899,-0.026502064227031868,0.012760548675748032,-0.06273108590138687,,0.03985781580522824,0.06980921683736474,0.05404339118115031,0.06122872701650812,0.08881520537468605,0.06421694117942901,0.05844845043887446,-0.026040774931976398,0.028014790968093096,-0.022279483476285944,-0.006996735303114926
1997-05-31,0.05638611134830533,0.07368592964116472,-0.006656149664546233,0.04787894988604633,0.024961431374591392,,0.0912119689721567,0.04680487688691465,0.03414379831978203,0.10053690289501402,0.05668319509153869,0.05038647589024982,0.07049163327694805,0.06511964798585312,0.052113380139900876,0.028574511908266265,0.02987114769313312
1997-06-30,0.05656531140614853,0.036427693157514596,-0.02019479853490021,0.026934854339180223,-0.046512065457478435,,-0.05044046673108718,0.08099505205182086,0.04885942589920356,0.03236167089615464,0.07119247850684457,0.06881662395236611,0.046575502599743725,0.013962576842579066,0.0656213276035664,0.04773709021439876,0.05351858887850114
1997-07-31,0.0596785214802074,0.08741067231023103,-0.07580751004968962,0.03855670449725552,-0.0203249476819497,,0.14295340635682305,0.0013699908383350001,0.13851938537211142,0.07703572653252475,0.03476091264240711,0.12353742942322822,0.05963857808467954,0.08168865889578826,0.011173153247101952,0.05067443236137289,0.02208128447591745
1997-08-31,0.00795237629972192,-0.025136223567528315,0.05263745135019304,-0.02660760627513064,0.007501222478071057,,0.01725351802508107,-0.025013946028287493,-0.05605051579319478,-0.08281718145373189,-0.049430309891539265,-0.07935453061787455,-0.04536823008780493,0.017429062585941315,-0.0315040334426794,-0.012767009225702064,0.010058160866314697
1997-09-30,0.030908338461491148,0.05088033668707159,-0.03339635384620202,0.04271185534868861,0.02494841691608496,,0.05659331213114549,0.0985247195237961,0.15835828338870395,0.04633584615828458,0.05838176935625783,0.0946891514150896,0.031584749909750374,0.050811532814061526,0.03058056792677799,0.046274386707154135,0.03410120554263005
1997-10-31,0.06678121871945338,-0.0311471209196314,-0.04531273959823249,-0.03300206411167459,-0.1399592283063218,,-0.10282313811101364,0.03388925927835762,-0.015090580559950328,-0.024958483824643288,-0.0068587193706940745,-0.014069484273196738,-0.07067971497003371,0.006988041152170475,-0.12737946924870344,0.0017254543212411229,-0.04722921506724315
1997-11-30,-0.025173555967553597,0.02753041266809053,0.002399681599190906,-0.004954449514148648,-0.20758975666343715,,0.00382789970136461,0.10812966676377733,0.0306793500177701,0.10162152185920542,0.05499950896580207,0.06375092421577853,0.039107347792102044,-0.009363026723312875,-0.035651185918660525,0.07292858379353558,0.01699204809028737
1997-12-31,-0.020082508152921563,0.020026047233443922,-0.018872303982941558,0.010506387691302594,-0.009035835301365647,,-0.08232163672374036,0.053847457273042465,0.040048365509377876,0.02462747766048802,0.04945105057720912,0.054669596765354544,0.02091994479091059,0.018514058889139453,-0.014700798849708364,0.055838012570170105,0.04966390611028739
1998-01-31,-0.016121203758361145,-0.0007541194096654102,-0.039100184383398684,0.012819797909402169,0.14893601546463953,,0.11419501823879787,0.03790253223821349,0.009784773445320652,-0.001607616887664186,0.023319536546413246,-0.03753144051311842,0.00272718006557355,-0.059611850987644,-0.042135670797584804,-0.07089377077960667,0.037213640000779334
1998-02-28,0.03650611419629095,0.07373654523901918,0.025796410041986517,0.03890450052708682,-0.06579339091745884,,0.10483953235153994,0.02759433399849262,0.13896469388208554,0.08243649959947572,0.08821693380446384,0.10457834729226864,0.06380032680308077,0.07679129391361436,0.05945607536349642,0.02176487816315627,-0.04601390456158718
1998-03-31,0.09259272608488556,0.049021802422879346,0.00642560264005317,0.033606246485561445,0.028571683905479706,,0.04685933806400836,0.05916598072255502,0.11802244313802582,0.0916139571919265,0.024421194977479025,0.06270545098391887,0.05643612511182126,0.04001676661282586,0.09140016862867309,0.08537684903827643,0.06650368332573915
1998-04-30,-0.01281225850796235,0.013736822973835161,0.0009772368414261063,0.010303966183699739,0.1416669618511246,,0.04283089374742993,0.015059234257494836,0.023680894973865704,-0.019210987700787812,0.020074563039558357,0.027008319167761006,-0.0029987033980617577,0.03262183981454755,0.02440267438944399,-0.02005079954432974,0.005362864248681302
1998-05-31,-0.02651436748366349,-0.035222184507662846,-0.020626781055757586,-0.020284733286620185,-0.12652178127261404,,-0.11334826421930155,-0.05183870776845245,0.057672344445764585,0.023392878370233898,-0.04348382795399872,-0.020130418196003738,-0.04593529711946372,-0.04007231698921728,-0.07652466474698331,0.03100809043964442,-0.0024535704615297935
1998-06-30,0.007319196772318004,0.028716236762078795,-0.022602621041502086,0.0016414860817862036,-0.14325870478381453,,0.09328284901291166,0.032775313642050774,0.18594522856761236,0.06649804156709029,0.05617839474817737,0.05897282189668958,-0.003936141735056805,-0.009851975594021924,-0.05247470736058506,0.025990337726471562,0.009306487986320352
1998-07-31,0.028972571538022174,-0.028188747000820302,0.012304781282417151,-0.021671914711614056,-0.032787467827677164,,0.05752496168315085,0.03913156322842168,-0.03428421331983795,-0.025310874141779967,-0.028423849377927534,0.01260774116719397,-0.057450037482861205,-0.093762460169774,-0.05644244768317321,-0.03714387880062892,-0.04107178283009801
1998-08-31,0.01884075723974963,-0.1708240843788596,-0.08972398344858971,-0.10741104034126382,-0.25247342402949546,,-0.20712987146950934,-0.11791116718598682,-0.16091957239055948,-0.147823914110411,-0.1409499963072542,-0.22921238830410368,-0.14662732988927324,-0.16301267527712662,-0.20038590430161318,0.08269182837068853,-0.10253519278209865
1998-09-30,0.046623326759324235,0.09450258468396311,-0.10650563813691442,0.064273293449408,0.513761498377493,,0.24949651900982928,0.10811764100834345,0.027700965531701885,-0.02966812663692721,0.07710104526014577,0.016043124375696573,0.05243933938217245,0.17922436293724658,0.1435401960317315,0.05954760190736479,0.19136778079502023
1998-10-31,-0.010660595374558412,0.08024789713879676,0.026169712758575676,0.04275065361884967,-0.0030302160850286253,,0.0960747319868895,0.06852849979960296,0.1279550600222961,0.21021389513857544,0.11955471484516464,0.1744688160624876,0.10826448281363339,-0.026592618654369286,0.09156756794422707,-0.009711249981230916,-0.004588624235950967
1998-11-30,0.03996232427667808,0.04574961297420199,0.025378672861425405,0.03257219533582707,-0.06085642646559086,,0.1279340614880455,0.06100127438881703,0.156343874011798,0.07151882391560634,0.055675717068857995,0.059003888664887004,0.04290312166058384,-0.0172251679623109,-0.0008248373489118333,-0.002558819449130199,0.010493858152620637
1998-12-31,0.03759013919994212,0.09020479927681879,-0.003433696877113442,0.027396856516517524,-0.18627510425242133,,0.1468663146925111,0.05741233030487666,0.18116416473465208,0.07605720696793901,0.0428803273407859,0.09947288477309575,0.0008597903311634093,0.015481674563168466,-0.025585729092456534,0.016993622495883747,0.16521535008982738
1999-01-31,0.05811471099727452,0.012240843225016496,0.0031990234721198294,0.004772445573487993,0.08433771189112504,,0.16439770259365152,0.09087870499766698,0.06459061471227548,0.0013078915734914512,0.0066580406052556855,0.034550997223842236,-0.0028156118397446345,-0.03544085284982116,-0.053717206043761734,-0.07102277057132486,-0.05542766730914755
1999-02-28,-0.02890815884301341,-0.01746054481784394,0.12293637074606074,-0.028338324174971993,-0.06564356362833224,,-0.0783176722379495,0.012525435835845589,0.03615420123233648,-0.01920390798011589,-0.009953683075005054,0.03421343075790196,0.013634510094663084,0.013161729144331764,0.0017747605838154268,-0.07157839463607338,-0.055051134190744665
1999-03-31,0.0028155581073521898,0.0330997345286984,-0.005493328691196194,0.026092592468618895,0.06399985766977379,,0.07787214845440033,-0.10492027337890572,0.07744672706746222,0.05152007422611596,0.014972921404691945,0.07408592905640128,0.028842328438401756,0.13935740841058766,0.0337918983387808,0.009682591882191163,-0.008253787271404531
1999-04-30,0.06796173294117872,0.07387426811273452,0.018652415380392195,0.05265606867932663,0.14285705405667315,,0.058956647413307306,0.08862750742364334,0.14831672080138839,0.008556494642482045,0.019316468238037544,0.0574482086727915,0.1751340023150695,0.12911744103210115,0.35433081122524046,0.07435224280901671,0.05548311811674405
1999-05-31,-0.00966901158984872,-0.026117491303527574,0.04762553461614657,-0.017127060768905907,-0.12055814882423965,,0.003680723649237071,-0.01710278601715265,-0.11014401694397477,-0.03235931028259193,0.0008317548347193116,-0.056056613064476686,-0.04073000700755903,0.0034318079143420394,-0.09924475097183809,0.05405761046218739,0.043759284878943046
1999-06-30,0.010917653065128884,0.05506859572031649,0.02641300294480124,0.0326968023134176,0.007547360718249241,,0.17210589756852507,0.09488626827856644,0.05316635888741715,0.03928218535530367,0.031811827806333064,0.04728560955705507,0.04076923550226578,-0.012572818678477546,0.07890408131552226,-0.06135133364157053,-0.011672855882420428
1999-07-31,0.012313776284151312,-0.026028884486077552,0.020036173195947304,-0.008501970900084373,-0.04119873820907449,,0.06541699592432812,-0.033321043498359404,-0.13744915700660537,-0.03327397031236929,-0.056712213694179385,-0.08518355436438803,-0.09739449227679602,-0.008839384530750458,-0.07561284097923193,-0.01151634545874274,-0.013823429755140107
1999-08-31,0.0005033176876904743,-0.011145230705854622,0.006706155120178729,-0.006049854944301899,0.13826184913709105,,0.1473806542894488,-0.09224104114646922,-0.023074241704533528,-0.004628446139365059,0.022898919779496773,-0.01830966234303619,-0.03334487847554376,0.04593642864888151,-0.004943877817802722,0.03026880580099765,-0.06326229723959874
1999-09-30,-0.00670075467465987,-0.022773191884975452,-0.012314863480540525,0.0021322699369321443,0.15224943193322682,,-0.031499205166214767,0.08234796824849935,0.0663912575083721,-0.0712215158917751,-0.10204708907175047,-0.05258409084430012,-0.028160105355812863,-0.04307327871574201,-0.001333191653128707,-0.05272199447181066,-0.011758036269565302
1999-10-31,0.011513569150223169,0.05117164430854181,0.022045550273512182,0.014340973795839247,-0.03603615916679703,,0.08762499293089333,0.019632935521510964,0.019299224888727307,0.127655789499342,0.07277881255460622,0.17454642078902907,-0.010416170657564696,-0.014286710443957922,-0.026513653485738198,0.021063971248509245,-0.02249035332343176
1999-11-30,0.06120560806691207,0.015493296910656734,0.024967188326047236,0.023295099165834512,-0.03950288728971707,,0.24647618491894274,0.03743125494985175,-0.005840944420097316,0.027780461020461007,-0.00031407744558807,-0.02345720663863269,-0.03534624952103492,-0.023570765929580344,0.03689737963175717,-0.09719443444279223,0.05111438369597084
1999-12-31,0.09302964489512729,0.06477133864188782,0.038564619579533645,0.0467202158007617,-0.009803479134828263,,0.22921883848209793,0.019282879061523484,-0.015898319154779073,0.04396841896009621,-0.055340930849624034,-0.0028392842796853613,0.05241916289175841,-0.0171321986488446,0.13542886392801234,-0.017717763560682807,0.08392418998169708
2000-01-31,-0.02706081040686752,-0.044679368579518285,0.03113397489763603,-0.025435178971264148,-0.07590778720927938,,-0.03884432538209997,0.010171636704276787,-0.04669374223588803,-0.058234871187649695,-0.0031145686026004386,-0.005772802355716074,-0.08103961253470092,0.003110644650625684,-0.15018864371699162,0.08669802295747546,0.057465213592748934
2000-02-29,0.03969422029262737,-0.02554814057088552,-0.03621505389559443,0.022984472612936097,0.05795951647838549,,0.27110256812762556,-0.11639229584765018,-0.06067165989960064,-0.09386076976597442,-0.07938632140759119,-0.052944453921188454,-0.08756832816212393,-0.023438111381674256,-0.12506368709048563,-0.10430616811750855,0.038897626733066085
2000-03-31,0.022703625556602457,0.10011756987567326,-0.048870422978907646,0.03287046350319534,-0.0578225105688408,,0.16763966607127753,0.15235519661671415,0.22360284976321276,0.053393042747324,0.09734584282501707,0.1660031503506291,0.09615152465361929,0.1822630025782638,0.10932168022377486,0.042155630582300666,0.004843380043642186
2000-04-30,-0.035596142065946725,-0.019273155371806155,0.02876620823360332,-0.02621580943015952,-0.11191394292394108,,-0.03620717161012908,0.009577378451116614,-0.0788554751027612,-0.0035033701125291644,0.09980418909564087,-0.002410118876773108,0.07425534970848831,0.0018049756806461132,0.013421268951061039,0.1251785658471424,0.06854445562680508
2000-05-31,-0.06348762197559035,-0.01315418212550204,0.005866131658422276,-0.009179641885950877,0.005628228787451395,,-0.08468473208920352,-0.04785320318510261,-0.051209246825859776,0.006196885649056849,0.032494099766782504,0.021340737245837058,-0.0021119440505429723,0.12275266114961465,-0.004483898910655792,0.038933817165597136,-0.060357411603079406
2000-06-30,0.01909449490833679,0.008734958169103762,-0.03991289977070467,0.03488968012946247,0.05306093998254746,,0.10569325535494406,-0.01922817709429578,-0.05920218982354175,0.029449689470674674,0.09053895370910198,0.011658364365550011,-0.054239397809357597,-0.043477186620804194,-0.048007047423109774,-0.07711335820667076,0.07609418084723689
2000-07-31,-0.006023484260530787,-0.0068171445768900815,-0.0067887966150611545,-0.010851413661285232,-0.0503873403408418,,-0.058255319859227064,-0.058976464534857886,-0.03525743821337331,-0.019115715458316165,0.05370141577871324,0.098230143174183,0.04959563667391265,-0.02770732244237179,-0.03047630973586548,0.06377960735392593,0.06507596457410525
2000-08-31,0.025913832848211915,0.07193983925188455,-0.03186838575069554,0.0449859354045563,0.11646781963277553,,0.15860010690546172,0.002314816319419183,0.03755908019428218,-0.04243084210977104,-0.015825061168850418,0.11243823561935587,0.016325851128719492,0.1339349375435834,0.08722091028828646,0.14654376954622023,-0.04793104545258645
2000-09-30,-0.00796875098423211,-0.03758855027860248,0.0063848718168241225,-0.018336505435373466,-0.01107038322064502,,-0.18079275162529343,0.09956208151182505,-0.024407411860738158,0.019732346627715232,0.049958783684046194,-0.02629949609764751,0.015437401703004205,0.005056170052139034,-0.08258342955211288,0.14443942127698556,-0.054791125358355064
2000-10-31,0.00917762422461399,-0.010452782637639409,-0.007182035513831749,-0.01644187348365761,-0.145522200394125,,-0.06659913482366714,0.07239288914736175,-0.023319422502239007,0.11664100316862926,0.11625862930697219,-0.004973846216912384,0.09337488671622252,-0.029571048240718212,-0.0363456210354995,-0.0013145336361569512,0.006144811811696904
2000-11-30,-0.04180477967241229,-0.0786979349725999,-0.0539070975801759,-0.02997202624800362,0.028291247790957597,,-0.15654640672957637,-0.08329259212863457,-0.11445373523722231,0.014612974975513011,0.04180422749031074,-0.07928540074671343,0.018278494768737722,-0.03750010011049581,0.032797683264571977,0.08166523729726492,-0.12303323993608946
2000-12-31,-0.0038534258599117075,0.043109912952287666,-0.05320660040869252,0.03362570142588868,0.05150259659830714,,-0.06374175348829335,-0.03254253136429808,-0.00847246269328622,0.07912118525878827,-0.004347075552384283,0.11385445080082715,0.02258728729953788,0.12474473253132021,0.1178189247586511,0.033358149922795004,0.0833238326799113
2001-01-31,0.007519220460880915,0.040177226513880754,-0.0003670483087399405,0.0205220957780877,0.08016280012458266,,0.21054969311589505,0.04997919938637885,0.1796045967197454,-0.0034251450364339484,-0.08034414429750449,0.007333775272251497,0.004872414761363434,-0.048081134616166775,0.030841649312139795,-0.12366093314741188,0.08672154067358828
2001-02-28,-0.02631869276005152,-0.0792132020010203,-0.04237739218020423,-0.03726956789698144,0.16036976915918166,,-0.20915845437541786,-0.022574103184976907,-0.09088652698274804,-0.01708147861567961,0.0008130568090907083,-0.08194248435684506,-0.011590384741045094,-0.0184606591408289,0.07615803037628907,0.09979036944356635,-0.08479039072406147
2001-03-31,-0.06155306873361048,-0.06423174435338949,0.00012188004777965074,-0.039938718714853515,-0.13438305010789575,,0.024505268590009163,-0.04415873955439206,-0.013939118638046066,-0.061190117830450114,-0.09132236775574372,-0.052514430776213664,-0.044215363139377316,-0.002932719043438725,-0.028363440973228026,0.021926707167126542,-0.15806392593459873
2001-04-30,0.05606736606829985,0.09902678999857507,0.07342236724264269,0.049454636331267204,0.16494820884411543,,0.1684589878760163,0.04062607619626349,0.17661231223055127,0.014015578807096807,0.07211680914915636,0.04301626579170514,0.08397418931595085,0.12121235358587763,0.05746019732953676,0.07366525363403956,0.18696786436382393
2001-05-31,-0.01391302005336339,0.01219743658970573,0.008701960378108664,0.008706018730585524,0.033773851353128714,,-0.052053940347158614,0.005647605335914935,0.034187160771914936,0.030863468184981473,-0.007399596784382928,0.028655630600799446,0.033621870156409675,-0.008272750844284773,0.0923402185356105,-0.004316594583788921,-0.055666510600280314
2001-06-30,-0.03289429762148377,-0.007322154377273404,-0.004638688596162528,-0.007340321103856919,-0.028919237459784197,,0.07962971407032962,-0.02971539645015045,0.05830816022690556,-0.007774351611032003,0.014091718088329569,-0.025801715735855598,-0.054688174961179545,-0.11843064808325042,-0.09192727291085942,-0.04889391599178562,0.0038697770514034835
2001-07-31,0.0018842568785304881,-0.022369545537909475,-0.06409687527007109,-0.00711230764032588,-0.10240307897493917,,-0.07573682323628837,-0.016671414372309845,0.008905596335409249,0.023432958077891718,0.025350003223883255,-0.006658942664428036,0.025498118172906068,0.0066766022342491195,-0.03739346240961652,-0.04464642849304501,-0.0391777904985246
2001-08-31,-0.021751139542468923,-0.042911069310456726,-0.03383969247576731,-0.015037936015567015,0.03293209552606258,,-0.08968693263294421,-0.056190818880066606,-0.10161980306966223,-0.016636896536322922,-0.02905064603907177,-0.05120283125714114,-0.02602526725496405,-0.034777112421976106,0.06745116445331903,0.023666952783706483,-0.04567476325246299
2001-09-30,-0.04339273668804759,-0.12693180587816658,-0.058604357280568085,-0.056172967887959224,0.05284075299227187,,-0.2205723903891581,-0.014889613721685874,-0.16592813215233398,-0.008504141708438107,-0.051488926137002726,-0.06906861919098282,-0.12512369866888495,-0.08115660411059603,-0.04936646402597691,-0.055764218011622825,-0.07480425230610123
2001-10-31,0.05602442912811294,0.05255647296493753,-0.07943849744003013,0.02308595216915833,0.02320525988212907,,0.1895247951763685,-0.06409541783265005,0.05728366775685785,0.004315824990168216,0.03370489131511754,0.01674216717695133,0.04891593063803514,0.0632096242209168,0.02451673135707706,-0.015594134912273652,0.04269677241177103
2001-11-30,0.017896225725855162,0.0859186309723313,0.11662105603587654,0.03093156755664806,0.06617787974856548,,0.18943106295684245,0.021668898069968606,0.16908612556702232,0.04317542519089894,0.08871318469828894,0.0653242122837734,0.07989010862592494,-0.023293858427687386,0.07543421642617068,-0.001119174827505501,0.2413279293391863
2001-12-31,0.01871568582835297,0.016940612893553527,0.05657387037647976,0.011458837632100267,0.008572793804418222,,0.011651896884986836,0.007937899281753313,0.05529404132706047,0.022123020686588148,-0.0016753327279576552,0.04147117238998352,0.05004080424792459,0.06984072262755113,0.026798892285541553,0.06375621495641785,0.10715776030379676
2002-01-31,-0.031804379189620445,-0.008920067028541862,-0.0008584451230087738,-0.003853453040537812,0.09750015550234337,,0.03950997419136791,-0.010181177745906017,0.07292116472074449,0.03365924593338199,-0.011269508337009904,-0.01268940540531694,0.03876301742879204,-0.076239366601849,0.08077712356673634,-0.03329074402506208,-0.08313030731484937
2002-02-28,-0.022292181908071584,-0.01970029761196008,-0.026628332469865883,0.004013413437563111,0.17964243777616384,,-0.11439774364665087,0.020658159469766485,-0.06203103938600678,0.005640682073835901,0.010438998122481596,-0.017816013503120735,0.045032288031541835,0.010950069833676,0.03739971494482826,0.008705290920091282,-0.07589563950663994
2002-03-31,0.0033876105661574175,0.06134528379229801,0.1128081921422736,0.031060667989900634,0.12587393173335237,,0.043756509436312443,-0.014795877153092607,0.06457407965414738,0.029728982792213577,0.02401189382146681,0.06637565108416738,0.019456782696687224,0.14141917591975361,0.08730434969851666,0.08822623773930298,0.0513643605595859
2002-04-30,0.015390352968814813,-0.043259213916087606,-0.05947617611454914,-0.0028995830536779244,0.10938598164477464,,-0.13058011518107562,-0.10944096302853204,-0.0005261611235477859,0.009323159758830035,-0.012299781608608904,-0.03300908271581094,-0.05039961966611574,-0.054112252524821325,-0.02337584986747232,0.02932167954337317,-0.04603870043459368
2002-05-31,-0.037530471985245506,-0.021322021156132777,-0.006149056770548296,0.005377322492581178,0.17131124064178138,,-0.022870019336730513,0.05413551452990634,0.0031838795531308863,0.002973687493751387,-0.0160320050767813,-0.011018899338274372,0.014273693577080023,-0.04786537820031701,0.0634100699808027,-0.0430819068975074,-0.09367659840546749
2002-06-30,-0.0030460272665041145,-0.07784976698219637,-0.0431357100491974,-0.03830275176940406,-0.18240000676455415,,-0.12963079222320253,-0.12151762418154463,-0.08195338427074611,-0.05223025802943172,-0.08974220097385234,-0.055013995724453424,-0.011405375300069376,-0.0890529546877087,-0.04952754523043255,-0.03166750148514912,-0.017129951951778438
2002-07-31,-0.023361106123661733,-0.09278189948378683,-0.08690079338489731,-0.05968780288293007,-0.12622328283427142,,-0.08583952095330188,-0.09255443732033572,-0.15613413201181414,-0.06944473619814741,-0.03153757871675255,-0.06859134043249225,-0.058728255620370415,-0.17025549082507507,-0.0858216886279957,-0.08137676635050943,-0.06342957167496575
2002-08-31,0.00034873043004008953,-0.0002253138217332315,-0.07170830452460956,0.015982787443358275,0.11804004172905835,,-0.03313514367968356,-0.033803184426928576,0.029224111408142628,0.022201907057636704,0.007227087307215663,0.03908165665894499,-0.014857545188839276,0.0348917354502164,0.07076925323156788,0.045260422562485046,-0.05390900317463142
2002-09-30,-0.039940181639821624,-0.08406026645750861,-0.1267326406441921,-0.04816522785715075,0.08288681992116897,,-0.1581148920530948,-0.14568962120581147,-0.11656714079271431,-0.07003415438616611,-0.049926356029266365,-0.1043890332165341,-0.06706770336462199,-0.10415855435236786,-0.09369432470188091,-0.12100328002930191,-0.04311578276763013
2002-10-31,0.02852319677965729,0.06537835557094734,0.07409538275732504,0.02189048967103964,-0.07189362013648404,,0.21767820452606948,0.16360537098519085,0.12639574977740198,0.048199833133642164,0.005715893854559293,0.078694207174261,0.014229415651338683,-0.004066370964209841,0.015934553773294315,0.031619923101710086,0.0219182325173536
2002-11-30,0.039927317837009514,0.0646160048155702,0.09141695172323616,0.03207549202752943,0.008379952930282819,,0.1937465847735302,0.1232420933672631,0.025927973892561962,-0.023138405073912637,0.051975672587500986,0.06886124303151059,0.05366594136373373,0.08790117175841293,0.065989841852149,0.01779267318839176,0.28441413209558497
2002-12-31,-0.04721135400399066,-0.04986614073159424,-0.10302894439959849,-0.009100886294018761,0.36327416951226077,,-0.1866573087164973,-0.05400814863864756,-0.09238267198271906,-0.022865129068962674,-0.039825517257579136,-0.05290780281238528,-0.030040341714060566,0.004532636675927896,0.05555843621870486,0.03139294571779218,-0.07375742640222382
2003-01-31,-0.0024514716468080344,-0.025127624533553796,0.04588396395446096,-0.015490985247930272,-0.024646587258537855,,-0.02143284403956751,0.0621298520993512,-0.03669805232624061,-0.033253100492648166,-0.016240051701551038,-0.015819529545701833,-0.026555738408823283,0.005188872372046317,0.005095530600470477,-0.045398281286206564,-0.001958757800063868
2003-02-28,-0.0210687539988307,-0.0025397781398717465,-0.0679595933759819,-0.007483337824904481,-0.09045180823595123,,0.04019944811947128,0.02454583978875604,0.008204397314755274,-0.015403969302915455,-0.04728164700944893,-0.03865855643320167,-0.04290976186199847,0.06360845507610281,-0.05002959540429732,-0.04733567476865663,0.009454144020003719
2003-03-31,0.003768584540116593,0.005850954892542783,0.03193309442168416,-0.002629974698566862,-0.04170095195339507,,-0.012427385577198717,0.030429746336646923,0.08308208556717604,0.014909293259176181,0.0902516497859084,-0.0030644900260174894,-0.007187297376791054,0.02563650940839222,0.022736609677317943,0.04656006815314732,0.059745318787564686
2003-04-30,0.011036503240215411,0.0737238902849938,0.0025509422552990233,0.05161575095464375,0.015850348413377402,,0.08198721487998437,0.1180011951146839,0.14284071871650178,0.07189495941254082,0.050877038420093536,0.1278462536575805,0.08805263575248627,0.06963453423135309,0.03188505875363057,0.08804688345758412,0.08690648158157034
2003-05-31,0.04170711378171717,0.07332075654206809,-0.1326890275968677,0.057482286401392656,0.022433276570264393,,0.1608069864560588,0.016623877458337332,0.14617584049391003,0.0738145806547684,0.060716860018183536,0.05989809002716743,0.04161786012263223,0.11952286757165827,0.09255672550629143,0.08626123505505667,0.29703020646829315
2003-06-30,0.012545173380339447,0.006334852833411671,0.05561096114973818,0.012375240647347668,0.051532102850691874,,-0.03154853570605491,0.03842345925746162,0.015273695976015512,0.01464109961418778,0.01762635697326181,0.009062080426845065,0.008591218449753338,-0.003638070030492546,0.02644862093255824,0.025769796747673053,-0.003200679384029098
2003-07-31,0.03462937015985681,0.0254821510874359,0.2704061697269735,0.005785871294924662,0.051126045814114285,,0.06137935169241999,-0.005341684611844144,0.09092217059856697,-0.014586645339163606,-0.0055245581381183455,0.03322959368707035,0.05394951715516288,-0.05633972608978287,0.07359769450328331,-0.06595570244482066,0.2492027927198778
2003-08-31,0.016378301152172692,0.03733079370354819,0.0028503423364975022,0.025448608026778764,0.09745855705972395,,0.10609198041138877,0.030869307494954534,0.07678198864651169,-0.0045850308627071405,-0.0027383236710309357,-0.004518822482553619,0.048012008912285783,0.12001202449460838,0.051454112543576305,0.02035349270255349,0.040066498477199564
2003-09-30,0.032015567707138204,-0.0079095796390409,-0.1207288948875503,0.012116572346886434,-0.021663444774291274,,-0.019914084425094295,-0.012893533830994675,-0.02634231457377716,0.0003956425810144881,-0.008880962310535265,0.017094840431471803,-0.0397254081954851,-0.005779506941517013,0.0025458077653557785,0.036204794699756696,-0.0016506839938781742
2003-10-31,-0.003054062229232013,0.055962341085990824,0.0986969605641846,0.03725607213316993,0.023556629389154482,,0.11502220878298396,0.21575226614098017,0.08243194155431867,0.053901002721347055,0.03434760654000213,0.07631037129343987,0.08227378256784573,0.022277191470988975,0.09771971035792926,-0.009183114678947992,0.074706320650165
2003-11-30,0.013606411714005118,0.01762785788841891,0.010918089210574097,0.01829556701102369,0.09408261004897223,,0.017266904773964045,-0.048761242959041204,-0.001276688789237679,0.013266946507271903,0.026620113781495553,-0.0027113480735623694,0.02202418857657861,-0.005136580670724945,0.05707213743576467,-0.002464702870008408,0.09160383300135463
2003-12-31,0.056472545223400686,0.03607967340712888,-0.021862648893837083,0.03501293082575923,-0.03519924231219296,,0.02971236128471204,0.07236697056364108,0.004908929518448979,0.01639354056988749,0.06608946204931664,0.0517386283433678,0.06338486828978612,0.13104239569561807,0.040129977589222876,0.07164034780478189,-0.006390837507911806
2004-01-31,0.0005905582868423132,0.01931161736266805,-0.02313619149798603,0.015053173856795181,-0.0747254210493884,,0.03367187611115878,0.09322093744821243,0.006945639693558292,0.009176658814206585,0.025328781624901528,0.03791532996409859,0.00477050512140101,0.0249816171678441,-0.07991625186327549,0.02640561035293219,0.08956508555751608
2004-02-29,-0.022609123061312176,0.01690479546114795,-0.041349264251571115,0.01759660628585109,0.015278633617025417,,-0.02815328514476985,-0.019526373490737825,0.027569759239829527,0.06505852879324399,0.008649108268086248,0.029789938295669983,-0.004856353166469152,0.015025199805928282,0.039487873942805195,0.01922480046386949,-0.006309077749531322
2004-03-31,0.020671201882466184,-0.001923056918297299,-0.03635209525425039,0.005507326162520048,0.01643246271729404,,0.026705120253239276,-0.026109071356573255,0.028207129899477122,0.0016705549692364596,-0.025105196955502566,-0.017088029928644815,0.0003308543262718381,0.009996568348104981,0.021737947023705306,0.009652437260077949,0.07612620455769387
2004-04-30,-0.01829854137822564,-0.038552141733908085,0.19252673521748442,-0.0348140589434553,-0.19676667249911994,,-0.07607265846900266,-0.04228863556135139,-0.00698892003115682,0.007675308167005934,0.03579899103722417,-0.03508995691771525,0.005578865307327585,0.025616465185716013,-0.07811413835833454,-0.03922548799877786,-0.10279168813459899
2004-05-31,-0.008006354323393583,0.020003926374680785,0.032919554247459924,0.009272517777515983,0.08687431496398768,,0.057537027465158354,0.02903410944163065,0.027181190861843472,-0.019663695327175268,0.030939463287602494,0.005801173547903157,0.014950564226078256,0.03014625659581303,0.04108971900663683,0.01074925862012783,0.07370803453079039
2004-06-30,0.007804095619377072,0.019672944376872368,-0.004200821029156458,0.016370744162077244,-0.04117922670009666,,0.02071802169639373,0.04400632750514184,0.027079197530229648,0.020268098699953142,0.010757178752466016,-0.0007788572810624321,0.06441404971683125,0.06266319883142397,0.028457687362543192,0.012336396378956846,0.03691197146265464
2004-07-31,-0.028129467122229836,-0.036078666821623924,-0.02735696562170779,-0.018287380419098696,-0.02549213247724813,,-0.10233418020772521,-0.08199728250460851,-0.0523894675670518,-0.04839709814343111,-0.034974630444060004,-0.028205931817116503,-0.02499562811803458,0.030587100391577034,0.007741287660575224,0.027742879410882684,-0.012931075556422686
2004-08-31,-0.0056983441889613354,0.002309948244292288,-0.07571061564765935,0.01249451362298837,0.11914407050576092,,-0.033562398180753523,-0.05658908871291406,-0.02585420391406823,0.0192643458994332,0.025757611863426417,0.03893592351793482,0.004771617359151229,-0.017867542781721566,0.03968667599793514,0.041387762821024375,0.05103557702520872
2004-09-30,-0.009954790595430207,0.024102186799266134,0.00039148846530900894,0.022036727176842907,0.09132685861509571,,0.07176589405866715,0.06463802696105254,0.056961085852980174,-0.033760828601758094,-0.0035692070702743736,-0.00011764901686731241,0.03573041617341473,0.08528747180911636,0.051615881107674566,-0.0007466162341277187,0.0040699373904889286
2004-10-31,0.057710798170521806,0.02102320666357181,-0.021807041615256668,0.017184994302696054,-0.025011883475921204,,0.11816744733662464,0.03981276786529231,0.012518656951968321,0.035904024915188106,0.0018056866772316626,0.0017752585521576547,0.02403748484293614,0.0014271247895456054,-0.0028811176733443576,0.024073496746080312,0.08230872925523644
2004-11-30,0.007920446663479196,0.04475442931903378,0.08401849797412601,0.03482925596034217,0.07701785146868723,,0.05273843784634892,0.048549392786375156,0.06553603417244425,0.029127115341424814,0.055448784161532864,0.037145162229020465,0.06677292235897637,0.10636322680004959,0.05053977323263459,0.050299924990973306,0.04639609365164951
2004-12-31,0.02717245322827484,0.02700839304072189,-0.03196374157881713,0.0249667069347611,-0.097501123992769,,0.04524773105546009,0.05009740070721367,0.06024863439145117,0.04603948924544617,0.07124636049420317,0.04766082979938888,0.010616340614558177,-0.02223905438494508,-0.013519511972108345,0.025993113599746383,0.039086817545694166
2005-01-31,-0.03641480358853564,-0.024774361126542428,-0.014560001069726214,-0.01316649680951436,-0.06674881904142727,,-0.07288133511778423,-0.03844719267138793,-0.037340792091796624,-0.004086805528048953,-0.02556409936744122,-0.008340166940014293,-0.03459545730955115,0.028748981722884,-0.028477955630401276,0.0228426747000569,-0.05597351954899944
2005-02-28,-0.000314882308701625,0.026606730533363935,0.053812541347534694,0.022264500997809213,0.07496662933716891,,0.07412846875016228,-0.016830266558660156,-0.02535244598144861,0.00016354073189521755,0.053560461831500636,-0.006452512953621962,0.03156646047794999,0.17802318599219993,0.05247086674793562,0.018350966512217935,0.028450977482651102
2005-03-31,0.01231322086141622,-0.021350388994687275,0.029661596243817073,-0.015209950365849451,-0.03967478325061169,,-0.03562975419932864,0.0024544953472841655,-0.01285371488308884,-0.01165878972478428,0.0010786199649603838,-0.03908131630247154,0.005429537804150023,-0.017740276538623596,0.006530212415223979,0.016804439115767393,-0.017738530583036635
2005-04-30,-0.010912051901141195,-0.015174225330111032,-0.06134730795256368,-0.011722111801559121,-0.10084650495846026,,-0.06440599309906116,0.03252784711209533,-0.07184132685548562,-0.030492495015738398,0.016088026867943552,-0.00192421509049688,-0.047732500188888964,-0.05109654952336186,-0.06488152242909402,0.035017915650604144,0.008227922142200333
2005-05-31,0.013138754522588659,0.03313968382082978,-0.04039444820783059,0.023533380885210436,0.04620219471005527,,0.127533828200006,0.08511311431595536,0.06712075289204608,0.039634238403326735,0.032210307638735454,0.016289021791940413,0.03932592641181235,0.03691759841617722,0.003342224957751627,-0.017354464746579295,0.05541261781114004
2005-06-30,-0.016164098142384842,0.016698950512333645,-0.01737785627260106,0.017192179660348802,0.06531297439644956,,-0.025481935444366072,0.011954303413113468,-0.009090742003639496,-0.015946861810808854,0.006123881759768404,0.014632508956051015,-0.019147514952060653,0.06751508536429858,0.02335919783582747,0.05261506383346821,0.08881169531914934
2005-07-31,0.03147700836908855,0.04217004841069218,0.08475398722031231,0.024864604505240355,-0.030912262593794315,,0.09298667531460392,0.029991861521297885,0.08220421058779095,0.03135104947375343,0.05111864796041077,0.028958546466735974,0.06465655758102355,0.07434401703081964,0.02669159163154964,0.02375916157970139,0.05872042926335291
2005-08-31,0.0056733801688241044,-0.000690309008780024,-0.05724382162572772,0.009428037163268803,0.03136633251751397,,-0.009773611944476521,0.013126157127654877,-0.0630002959541444,-0.012017802405737809,-0.011495187423542873,-0.006640728907340532,-0.01799739422225918,0.04116523780876724,-0.0022636785698292973,0.012689116395478697,-0.012572148022275187
2005-09-30,-0.0073919816101238435,0.016819206888811312,0.0776417433997451,0.014261625091145097,0.20592815739525738,,0.06413013099368316,0.03674613190888443,-0.003530812192039312,-0.005176594878348517,0.004464123685481803,0.029052734132570715,0.02521442617454362,0.06836808533880445,0.06550453372042897,0.056119114055596185,0.013043588194062775
2005-10-31,0.04180074162779777,-0.030384205095346884,0.051460620136301184,-0.022823717755930492,-0.025219386829311463,,-0.011561578592937145,0.02297731435330704,-0.016415526709993567,0.015781394816789994,-0.020287750629769456,0.042993596758338117,-0.004201863270118756,-0.0714586349610952,0.006107030102855804,-0.06496818916596382,-0.03891259851247578
2005-11-30,-0.008410823609442186,0.04129601427242674,-0.009608140885052574,0.026975185795787653,0.10324511174742756,,0.10859002871126888,0.02708062543260022,0.09022019980423399,0.006919870207170065,0.03343687846171151,0.05132056961606589,0.06591321079159128,0.008480055838445102,0.046243003020490024,0.00017654764143366325,0.06952569707131684
2005-12-31,-0.005325342485086248,0.01326602555915516,-0.024107643419390756,0.017960972288311953,0.1079560534361268,,-0.00036441841466608845,-0.019058204737834688,-0.011578244526415316,-0.0005936659996064631,0.03575648152771069,-0.004378505262459657,0.011216609748908975,0.007490421442124957,0.06413938673776057,0.010942108824114378,-0.00499049380956143
2006-01-31,0.049358042578760974,0.05174379975197401,0.0283942809404385,0.03925161878483438,0.2481367940638297,,0.08169424207973895,0.05561005287381652,0.01402459133531353,0.012104124233518133,0.047011851235167816,0.026664031653822584,0.0333366090352276,0.1417187359737246,0.07640747840897225,0.026119983393194973,0.11011211722029021
2006-02-28,-0.009781181200678812,-0.0013970928583343287,-0.0011695260862714478,-0.0037218503246272457,-0.10588436339359453,,-0.022121242924203168,0.0015318823113489866,0.019280934917711334,0.010200117873957715,-0.012294050594087435,0.030707181189097845,0.03856532947288185,-0.0855611537650417,-0.05606930207637595,-0.0009037963118174254,0.028245811455158656
2006-03-31,0.0034942773965252138,0.016805812338946235,0.06673350972957885,0.015600103435604482,0.05880465444049032,,0.02139346312812645,0.019837202005457688,-0.004074751672311661,0.006106862390309942,0.04131771262644646,0.01578537822945422,0.04503590980412961,0.038270072818935144,0.06240190881891834,-0.041373218527574175,0.03191303479993396
2006-04-30,0.008955707704422023,0.015872747256183546,0.0409782276083277,0.016030928006963943,0.06969230047908881,,0.028975147149280733,0.04105291083898471,-0.024791123464425236,0.010725582852028626,-0.01971743536168087,0.04277302761482837,0.027670524875392417,0.05019305249644528,0.04755407172269614,0.008672599399345806,0.007444093890229361
2006-05-31,0.05025052065860407,-0.04056846180198714,0.012796480015779155,-0.024548757644273767,-0.09881251253921652,,-0.09443567509663757,-0.01799941961497829,0.010075198569099154,0.016898601090274877,-0.04369544957666493,-0.04280482923756392,-0.022515079421934345,-0.03021842644713581,-0.0660033810614401,0.003537580637423773,-0.05157631666364834
2006-06-30,-0.04079055089554893,-0.0022388747123228622,0.004791785103504938,0.0007512288424797166,0.022253833936729306,,-0.0317494956567035,0.0427181293656966,0.006514209499122725,-0.0016245832693125295,0.034440808317662115,0.001304442530726778,0.0006549992596109222,0.029720846133392716,0.018772150699154076,0.02053846017404602,0.024479746786659984
2006-07-31,0.01616915194277433,-0.002104946310824254,-0.029806688429787103,0.00436692795555004,-0.03351594421953441,,-0.015777765751578528,-0.02717665221560772,-0.06049907478121208,-0.0006090333887053712,0.02089808888155465,0.025043486889367528,-0.04933968703886862,0.0575566336555029,0.00705134546081847,0.04467821941664336,0.03755783032134259
2006-08-31,-0.013042281686124712,0.020213434538223347,-0.04420607270096207,0.019066105980954186,0.00842676924058039,,0.13056561643740516,0.0071364468354165695,0.07019363948525406,0.017825331673620416,0.03866777173466519,0.024373080201501737,0.0010342373803985912,-0.04695377187371208,0.03722546014500825,0.029011952120394615,0.05820520098264492
2006-09-30,0.013031198006288847,0.0017001007605261641,-0.02201834881987356,0.007402659840275178,-0.08404314841362115,,0.04989662638334409,0.06609116999089011,0.055780872496358935,0.043315025893557194,0.02415390129121571,0.0680736494421475,0.04172636404619137,-0.018356742995798623,-0.04646725129229641,0.006069561324495035,0.018904998938603715
2006-10-31,0.019447774314012456,0.03264493797770489,-0.0066797317733002055,0.02792617899784159,0.04912255201217097,,0.024416714877423935,0.09884745400370028,0.07522815432063727,0.025464581168864797,0.005761169051971275,0.037254083096050196,0.02945197917195541,0.02258007198959409,0.06568327621061516,0.07351084862705475,0.04805787741940394
2006-11-30,0.012733844843877119,0.0342828416080364,-0.031065597485034274,0.02642775707150695,0.0866824441215781,,0.02299675174128348,0.015325747877614778,0.01127893935608929,-0.0028827973720696233,0.0008544529528539551,0.027226329096479332,0.016402119770375312,0.0908571491476479,0.01635406908022612,0.014678129589802682,0.054465807640025066
2006-12-31,0.01742258563956416,0.0009058009603097209,0.05706066035486157,0.003839541866346082,0.005450969588360222,,-0.021537033420580505,0.007603800037889426,0.02578409134937363,0.01249901445214977,0.017601648876886637,0.0406902828233338,0.008878876054492684,-0.026980318201412428,-0.028079153075341236,0.02883469552152018,-0.00834548180377559
2007-01-31,-0.007119897548492138,0.013359724662827338,0.02404847739338149,0.012417257050633984,-0.03810409629020972,,-0.010410403662787457,0.026363585845755138,0.01430357855409251,0.043205258116208865,0.03542454030876,0.012631923737971479,0.03459600578901996,-0.003261645437269795,0.02667395140572735,0.008192269499143692,0.08630653588980636
2007-02-28,0.08036792755321595,-0.0009779153723291133,-0.05831204422871198,0.0017668784064122226,0.014492686754116635,,-0.026816597574583236,-0.05390942070421358,0.003334206194927236,-0.018961373717205632,-0.008755144442044949,-0.03539811315024303,-0.006863437535666346,-0.018024658757773895,-0.01158008322028028,0.04059305071907793,-0.038345751626319674
2007-03-31,-0.00440075526186443,0.005795056416274329,0.022475642827771185,0.009502207810860731,0.026825496208765065,,-0.00166080585501212,0.0247072797194563,-2.8803860882287147e-05,0.0007614203384473606,0.02484920864549041,0.0020066170949536583,0.009043661217035991,0.06643357007801019,0.024966568899601492,0.0395355549321647,-0.005038641729425364
2007-04-30,0.026396794149439563,0.027952976781030852,-0.0049652232443148465,0.02549301025865661,0.032617104781381245,,0.0557158865779934,0.00663354927710232,0.06402882254891151,0.03478224656692201,0.05810018126523794,0.03594073582884557,0.044022341673230096,0.04033671489459215,0.014335074632496392,0.04146806640125928,0.013783961615672857
2007-05-31,0.012998383215761921,0.02030069936511437,0.057017726508862276,0.02040826858155599,-0.016748609899488787,,0.055832137192725076,0.08063987871965896,0.043053396704952104,0.009287372109626657,0.034777735101149926,0.05466541527147315,0.05537986501652169,0.07092001380175739,0.0450814299374801,-0.020041635972673357,0.009676772355704952
2007-06-30,0.03867663465580125,-0.011180921761578665,0.023098535633568822,-0.009404981717478748,-0.012542195780110399,,0.012779641642850734,-0.026605147605942885,0.005292976996275478,-0.004726429560534429,-0.03204551645160013,-0.024106442088847498,-0.006180270694312618,0.021703384100042484,0.020850956533163333,-0.05657729341171046,-0.06310662546469094
2007-07-31,0.06231516673001207,-0.019670448977058125,-0.053173203637615275,-0.015513620176524036,0.0007746933912922138,,-0.008638009577687107,-0.01809283911662518,-0.02623892788344904,-0.015436334475478953,0.0078067734600275095,-0.05625344074918796,0.015951606027339568,0.019667467114325845,0.06653746559009158,-0.03902746502255631,-0.044939021250830644
2007-08-31,0.011836709165396364,0.013176752677033766,-0.047935317079046524,0.006331588769220084,-0.07181529546100462,,0.028281410385450036,-0.030793672396473477,0.061280275010570914,0.01543990810223399,0.040509689995077355,-0.00018847406394566224,0.0057766775907870825,0.0008697525657696151,-0.0077318087822997985,0.04172146163374361,0.05837439194506733
2007-09-30,-0.019534958017830072,0.039279048542796575,0.0014986749971795204,0.03662717808891174,0.24728991121806665,,0.05917424068911702,0.05053791394113199,0.010653741231240932,0.038816560728671734,0.02271678819448795,0.039974312464817835,0.032797218001195914,0.0876550405581091,0.11973757177843805,0.03281775994125624,0.06767633450073207
2007-10-31,0.02662159802188535,0.030123644957922868,-0.018113294379744554,0.024870172627689077,0.07352941176470584,,0.04365738437624171,0.039079066272693384,0.017031638580060238,0.029675757369280954,0.052731350208718615,0.048101285432853275,0.005654217929009027,0.03418934595898039,0.05673873063293,0.06428142985750755,0.07412879741004272
2007-11-30,0.001604222817313361,-0.03795340138024533,-0.12179852634037776,-0.026909429003326248,-0.06224705771718364,,-0.09534922838445266,-0.08597538262072489,-0.029204795866161915,0.0335853484582479,0.01771913303123587,-0.03785257088938517,-0.022442884197344675,-0.036525240579208265,-0.03132685691766279,0.02041802229072222,-0.028942203134851158
2007-12-31,-0.007665926093839781,-0.003797706973467121,0.013134899775982145,-0.006151127038483096,0.026211290683160415,,0.015968808347460957,0.037095609605303524,-0.04444738325038067,-0.027200813911741173,-0.007874961569144997,-0.028213612309260068,-0.010553065928859925,0.07018966550783493,0.026847418919634648,0.0003555107543679524,-0.04563649618530485
2008-01-31,-0.02216364232998975,-0.03020504587579536,-0.10124803707501491,-0.03147995552983034,0.06691499796738354,,-0.1057417463194226,-0.07853116137595585,0.0020791463202371684,-0.024271926560985247,-0.09163535137535811,-0.01148206930772959,-0.02380113777110915,-0.10942280082315917,-0.051820786682016264,-0.07391621846601651,-0.08195795163455874
2008-02-29,-0.02793828679584722,-0.006889951641489498,-0.04187953677889892,-0.007119632516526393,0.09214458660149405,,-0.03312728458488645,-0.004232578935110119,-0.04500181074401283,-0.009964265441895525,-0.017415237685143123,-0.09972712707579823,-0.026902032059506437,0.12662118364696476,0.01280917838304727,-0.04443168723279719,-0.02028115844336706
2008-03-31,-0.007064621495249867,-0.0037720114536296903,-0.02387146670074188,-0.008364241572479492,-0.06450507677762629,,-0.01560155489323479,0.023193397042817438,0.02408687207575185,0.03289601692066766,-0.05153121712823373,0.004686408424990081,0.01152358163233101,-0.03423850218169839,-0.03236268865855545,0.03205707506221768,0.05497626137487539
2008-04-30,0.0008896759410956135,0.03888479850114543,0.1230216393068672,0.03145042211423063,-0.047717719390587776,,0.07699325803288248,0.08223264269656373,0.0687191001279207,-0.003542967207730255,0.00026336222851334275,0.10285569317801092,0.059755223321967026,0.11642182122012426,0.0750133485360966,0.05396823057480771,0.1104213230512748
2008-05-31,-0.011106056404453524,0.018230831636851005,0.0821193509685263,0.01737781735561755,0.0597455533293596,,0.09468375102883844,0.03032881162347429,-0.00840857675981833,0.021063394907520395,0.025937012347071693,-0.034371749707671,0.027526448076523238,0.03573779953215136,0.028853096229832963,0.016090710012661047,0.01654900557440543
2008-06-30,-0.0028087833816611727,-0.05327700786570219,-0.024440821687039278,-0.04806544228822395,0.02718141087387438,,-0.11354722831870731,-0.12466048461282293,-0.1332670105642854,-0.06623249862081264,-0.08371071825626944,-0.14478694142915638,-0.11490954114273828,0.01923326378431478,0.008779985357582908,-0.019444808020514643,-0.0865143410909418
2008-07-31,0.00013766377082997662,-0.0038904589636947215,-0.002185948394245907,-0.016067457950173628,-0.11458952741614137,,-0.05725018997865449,-0.0013842652277939857,0.007570199756115892,0.019557293875080487,0.04255168748392251,0.08952887280865203,0.012560867748226682,-0.13994125334888124,-0.05081513733006397,-0.02829654391588164,0.020614592515604782
2008-08-31,-0.00400861429804833,-0.002586952566675228,-0.045802825241718303,-0.0009229038309823171,-0.1374251544079419,,0.04904834903283929,0.02197347709651617,0.044999648811651805,0.05283897474031107,0.029823737524071373,-0.00021283303986483742,0.03594736101281117,-0.0026339936724957902,-0.037991042021459955,-9.42259579580337e-05,0.007436421277725952
2008-09-30,0.11184077590766395,-0.07918890456436112,-0.01797486172605241,-0.08076884944973543,-0.13874671829816454,,-0.1100244048514383,-0.09184351978272488,-0.044518171094425865,-0.010838165545232899,-0.0928501139588089,-0.07837334463395677,-0.1089809160131377,-0.12047251476676525,-0.17724441332069488,-0.0750589271620609,-0.03941105673504573
2008-10-31,-0.03519041089581605,-0.16628830558105795,-0.00100842470629936,-0.15140842850918848,-0.3160920681797518,,-0.16553791625667266,-0.1072094986599915,-0.1831758374035543,-0.13497249489135107,-0.1517832763701232,-0.19564818001813417,-0.17483442286025797,-0.1688072262860392,-0.2555426147978089,-0.10844945661934373,-0.20951674233372175
2008-11-30,-0.08650048489644047,-0.05852637889590761,-0.25597442385732777,-0.04153226911438682,0.15597499433602913,,-0.1575214131245044,-0.007777140616731103,-0.04899869226193877,-0.0559652647428795,-0.09040686969815097,-0.12844464862367191,-0.04768164249591344,-0.0075723676066464475,-0.027727485433013222,0.02895841392571698,-0.21543976571122628
2008-12-31,-0.038389142380153785,0.052416654926625575,-0.22385324402159412,0.051465007318791764,0.20710006518273572,,0.014507929270537694,0.0567843227989168,0.030814718891085037,0.010276456827545926,0.10425392530707246,-0.05216249539491959,0.035787191900647754,-0.06357838154182573,0.04516236595191514,-0.0052493550424829805,0.17440285677775322
2009-01-31,-0.045756623758826186,-0.07731667315540242,0.27129840312343806,-0.0539117164509746,-0.01686248409348634,,-0.013911948070381977,-0.03118228704960654,-0.07368774855026766,-0.07727480385602589,-0.03993939703038207,-0.18027141799672924,-0.10363969569104922,-0.04292723646984257,0.004326521070215072,-0.017744933413171165,-0.10530568466794925
2009-02-28,-0.07663092306081656,-0.08416668981342659,0.06026009033466647,-0.06871444631623634,-0.019944046051079134,,-0.028315714217393546,-0.04412256427770432,0.008971311487302158,-0.07871370487574,-0.13217822951667924,-0.16056313358579022,-0.1624059957325142,-0.14558585073158717,0.004664146425769511,-0.10002376765501579,-0.13813607531794447
2009-03-31,0.062228566491634794,0.07177749904137132,-0.11037169691017079,0.06341840748288134,0.08770872728273349,,0.19004012945124785,0.0911490880103173,0.13779458090513322,0.06479907877617651,0.08400968775054637,0.27531570599663546,0.07558268543155976,0.05966027675253722,0.16973408574213594,0.02914241071044093,0.09453274244519297
2009-04-30,0.05421831967522885,0.09158723234123385,0.16777205404257037,0.07824297897372356,-0.01496762195054191,,0.13012508898994296,0.0850451251439284,0.2830936531744607,0.04805986298033992,0.056896582447168935,0.2596870264853556,0.1374812746704008,0.08965251380712383,0.08169514958440531,0.0015630942024255873,0.23189125816880993
2009-05-31,-0.010390757387764316,0.06429306703090742,0.11515479183476855,0.06314828797767297,0.3075932794824323,,0.03801153252948059,-0.020761750033984838,0.006889015924689235,0.06851201637013633,0.0765478133210827,0.09838923283975926,0.04641152698320321,0.12825375338508235,0.08472863090397442,0.029062848553589333,0.0031935470900026353
2009-06-30,-0.009474057619821053,-0.0016668401556933438,0.03347229374286753,-0.0014473522474403428,-0.080023125062755,,0.03134797224692592,-0.014032471099338504,0.006626062935432287,0.000906339562765686,0.035644738463707186,-0.048600417929718004,-0.021850542676125576,-0.04028662728599164,-0.04272592904436836,0.06457480158693792,-0.0015890800170176855
2009-07-31,0.06341327466735655,0.07111097317242224,-0.00533933208301333,0.0618889307005447,0.03273759849587621,,0.10643228280298551,0.03623715780651996,0.12187828009672386,0.07127851996146975,0.08826991964345421,0.05203062357831509,0.0976890891063834,0.04857769286052912,0.10694982265441717,0.030290808287728628,0.11489454951615574
2009-08-31,0.023093715275632087,0.024779944281153394,-0.038391108878907655,0.028135294266989602,0.0030625612393910817,,0.05155082328039539,-0.037813840371327255,0.02848734766384009,0.009492266992454323,0.02037929720569521,0.25517553047762237,0.051464670102072826,0.01118665260831526,0.004198388107803175,-0.0028002830774160404,0.04305351098540429
2009-09-30,0.031163814425505375,0.038702087292149204,-0.029858383801413407,0.04041356191171226,0.15725195059544483,,0.04369921209486608,0.06807647397597048,0.059725356890880744,0.03454231520801385,0.0037202262984750755,0.008219707999269554,0.047120966889269846,0.05525952209139916,0.07912260786717255,0.005101533427384207,0.07040562622773175
2009-10-31,0.014705130831289881,-0.026509185001783623,0.024623802948901725,-0.01879484591545834,-0.03852243960526691,,-0.0462200527384277,-0.03899732289176886,-0.010377413710071814,0.028524652545030702,-0.0005677314586228691,-0.02106378846408744,-0.007242021581932175,0.04274045905020326,-0.005187214886057623,-0.02357652945419551,-0.02452633814816907
2009-11-30,-2.791731573807965e-05,0.04504086545769587,-0.06743787053581059,0.039738450955601426,0.10899323949274597,,0.09261122217474309,0.0604894638115207,0.13219603240319067,0.045912708901956485,0.09022903903590507,0.03904666653983796,0.10647597849329303,0.04620255837831312,0.09846608163791126,0.05667187227363651,0.10019022726013421
2009-12-31,0.009437597457177338,0.018677367412012494,0.21537541079556824,0.015212498902368173,-0.026398405078473908,,0.13517375937998105,0.07675089519209051,0.03476385930609064,0.007405362566850668,0.03469694680658164,-0.008911785596363304,0.007927566421361668,0.014600151308718612,-0.036814853689528394,0.04459021753572039,0.059325548493047386
2010-01-31,-0.0053939645040904875,-0.027920413499964065,-0.0716513996435582,-0.020291979474970977,-0.10058099630011275,,-0.10725216610777437,-0.08474820799233439,-0.02797237203442483,0.0022185467778646243,0.009492761372364485,-0.017603902881880525,-0.03483641070497912,-0.045890168977288245,-0.08045540517423078,-0.049215023543971545,-0.03717092767775615
2010-02-28,-0.013488151300858009,0.0241144420190325,-0.008974567564083843,0.018634355510864162,0.031007751247065007,,0.053624856064402274,0.029773633703613682,0.0673733945526391,0.039211110985957094,0.01168250525934353,0.015131858173363592,0.05939093823165645,0.013816989804673592,0.0274315043369338,-0.014911325802037436,0.020935631501518878
2010-03-31,0.032667017326270885,0.043657125022147164,0.07603747588612775,0.03973182649157201,0.03773310066131019,,0.08168657004411523,0.10243832669767494,0.07891126736345948,0.04066282849628227,0.0353272082173462,0.09147652150578545,0.08691186287644066,0.04468420819398354,0.0780633744482769,0.03107605166714392,0.06741199990313032
2010-04-30,0.07292295479811335,0.023189743923176093,-0.04630395943647114,0.018495529904846267,0.12612381160642694,,0.01008373255217477,0.06181663126192627,0.07066918794267578,-0.005069619186042005,-0.02999778767291194,0.00904317230430202,0.03288263690772728,0.09240953756716909,0.03313124046977536,0.02312079057758243,0.023188898307092587
2010-05-31,0.026710402193637184,-0.05653293613293192,-0.10047929799024997,-0.05134549933143432,-0.07676993217479544,,-0.06253411410727551,-0.009602108088084165,-0.07802283257421304,-0.050632480827409315,-0.0563206114301004,-0.10977972697625876,-0.07761347190432745,-0.1157040287799618,-0.06400391447763762,-0.058733322101689245,-0.042184229739872875
2010-06-30,-0.03137944012595308,-0.02524877030429337,-0.10747386850085028,-0.02059789953743427,0.04765581400193675,,-0.07425604815259498,-0.039836724880267634,-0.10081768085056028,-0.023046543208767787,-0.02633284545348724,-0.05077956742511105,-0.06459120513873993,-0.05654052261650327,-0.024479764539964678,0.00298161881177929,-0.029501837116728755
2010-07-31,-0.008634168429166356,0.052603931262299085,-0.03575455021248689,0.049667943963422494,-0.026626858703860612,,0.05679781308659308,0.0780030294550731,0.071309097747315,0.06579761379881947,0.02156160003335779,0.07470428513273898,0.09735931803374373,0.06396018860177079,0.09450580977351983,0.08272308949411387,0.08444966303779969
2010-08-31,-0.023892370083241698,-0.02200575341059215,-0.13992035018939974,-0.01627089395692332,0.06876859880959763,,-0.05676596372347005,0.007623862541165459,0.0018189612424501687,-0.014692118781246726,-0.020716707536645427,-0.09062529344236017,-0.057556484727747735,-0.05789679378307312,0.016651295547633782,0.018192985053617487,0.0064345996157850055
2010-09-30,0.06360648156182895,0.06950808821082935,0.004761014796819452,0.0630110823151198,0.07856414402052847,,0.12053024069943181,0.12378925620506506,0.1226096966342027,0.06939965660452327,0.0981302783805827,0.08098005242567649,0.10293209799865245,0.08444383689732415,0.09332820786827675,0.03042655382382677,0.06191274915272278
2010-10-31,0.012167858156656686,0.026245726698488948,0.014336974420293544,0.024823263982773885,0.04976921868348838,,0.06753283286353029,0.07118569057498828,0.048723216030329745,0.031248617222968768,-0.0020393642141686838,0.03979126410859184,0.03101267635097492,0.062008508618478855,0.018495356431087063,0.007266140775975046,0.005121156610218128
2010-11-30,0.02558988170730516,-0.0038731274487061483,0.11268574584642461,-0.004387166228693833,0.07314195144851277,,0.006742890248505725,0.02884196075703013,0.10073793554103118,0.006765850689128383,-0.017398886706634382,-0.01527358115666273,0.005738522002261037,0.03932120573684291,0.005480290648982056,-0.036653920656281244,-0.022106273251651973
2010-12-31,0.002213796256599454,0.04702556956379901,0.2073520289161883,0.042440861216240355,0.025709204463586488,,0.0710818868281236,0.038800923078760326,0.020725842205107304,0.04539334491178073,0.04273233313568847,0.10614103181022712,0.06382460123030614,0.08913396722843944,0.08072565699667282,0.02970796579296962,0.04074288825039868
2011-01-31,0.0329636611293878,0.004748622851635111,0.012751840533201664,0.007603216742175381,-0.12993390762593515,,0.08137297522027254,0.041803921731215624,-0.01443135627335109,-0.023886311470249423,0.03540284547388528,0.016663182541191063,0.0380209413101345,0.07170084664159661,-0.054968484190473024,0.005740907299320134,0.030507447451215627
2011-02-28,0.016822655978194146,0.02867866961005856,0.0292371118909045,0.026897461625972563,0.05496713108669482,,0.04189071629402398,0.060877072366526744,0.018721400760872153,0.031706933269241615,0.02678395981699585,0.01652302214072667,0.025302673796319296,0.0791611815836218,0.015775646162326584,0.02334746152990974,0.04582941468382454
2011-03-31,-0.0005346385770994555,0.01096625671220592,0.01896817498624781,0.004526840393963167,-0.00502204410337348,,-0.039946506637169366,0.043157045191119514,0.01020064644391643,0.011545138534482064,0.028274948137953556,-0.017335385724014177,0.030575598175581288,0.016389717091207637,0.0212663970960425,-0.001825207813554505,-0.004812942994650585
2011-04-30,-0.008237830550906012,0.03636714300648515,-0.06024331786053194,0.02963567259735784,0.040693886134911095,,0.04605322792376306,0.005170317297091577,0.033318748263769106,0.0462698581764061,0.07049303799995682,-0.003321560385943863,0.04346782798743173,0.011999921770898023,0.0419377229218167,0.0314189202165425,0.038356165552028976
2011-05-31,-0.003555821250678237,-0.01128044618828855,-0.08769181598192621,-0.005512289095229958,-0.07968944193824778,,-0.010497124412605027,0.017180871548518106,0.004295217257478982,0.028793639388726568,0.03002798674026034,-0.015220609880566015,-0.026958429761478643,-0.03813624821118142,-0.011365498893882298,0.024938423666508447,0.012551847159907342
2011-06-30,-0.001552091018868329,-0.01899149435552287,0.03796105155731019,-0.014877769206699518,-0.05767981858480664,,-0.05973920827870627,-0.02373908885262264,-0.0036362596268485667,-0.0191022157588791,0.001018794154425509,-0.021190378932506214,-0.01461935387451391,-0.016481570911095006,0.010638149960836275,0.0002282709616792587,-0.025941999095619922
2011-07-31,0.0884436263602725,-0.004372584169111313,-0.12868296977747518,-0.004495733432921646,0.02868143246423882,,-0.02278425647321603,0.00014215205340698374,-0.015861615854352095,-0.0041340814961907365,-0.03351162336264154,-0.029815610327106844,-0.06700438428279831,0.002612561819520002,-0.03849612234927977,-0.012936734204544553,0.020298279421872997
2011-08-31,-8.467375050125181e-05,-0.035911253326133076,-0.2155281112288018,-0.035384253560086905,0.05440323344356646,,-0.06118673808707664,-0.10845272752860137,-0.05118462588328306,0.01293917892127261,-0.025637392901515232,-0.07616699575936883,-0.04841237314299489,-0.09773839835217076,-0.007881657337912417,0.03131647620778687,-0.0305856420873752
2011-09-30,0.00985312624649184,-0.07047797050920224,-0.10190013675432903,-0.05917977692400768,-0.12963554841664793,,-0.045678508463344085,-0.1297971491043163,-0.05293548641059092,-0.03153196776412313,-0.034709921017175675,-0.10146344325044596,-0.09382813119098238,-0.12864754261398434,-0.1069458414430395,0.00541670282577335,-0.06512007264880812
2011-10-31,0.03247250904762953,0.08755435005615703,0.09109954866181898,0.07860736503173511,0.08039999596695724,,0.1258554571738271,0.02891411997989162,0.12767916945894714,0.0558082178571423,0.06274983898409695,0.12848080423102234,0.14276989785851643,0.199112254776726,0.1419969646513438,0.03136088176144677,0.10531973798827579
2011-11-30,-0.019669971764889937,-0.004135989813616147,-0.050126418715742194,-0.0077728842316291515,0.0009626292978357487,,-0.015341455849728606,-0.030424809021754057,0.008366291640123443,0.04015414831825997,0.017824009554676643,-0.037072375903889676,0.006226383310892943,0.03774570668635813,0.009769042929669448,0.012396303988373325,0.006338161723436611
2011-12-31,-0.027304470450534236,-0.0011614743250487872,-0.0933038268792199,-0.0003509448000812948,-0.09251561357477589,,-0.03269416119662551,0.058347364556679056,-0.004634930637919828,0.015547151551431755,0.026166191374560752,0.01372070020777492,0.018566372870779536,0.004114990502043497,-0.02000980781732977,0.042754561744554324,0.0404102046438678
2012-01-31,0.011700679533893487,0.05243776788585803,-0.055426401308865926,0.04501785009296877,0.1019473337047867,,0.12017276297644582,0.10744870741723711,0.0900102715527913,-0.011898125261757476,0.018013837870276193,0.08110967450084201,0.07239582828889765,0.04169156372788187,0.07212182903472028,-0.03027398911591723,0.0766912277839033
2012-02-29,0.018229162885964788,0.02529922529729376,0.1271370763329318,0.025108945440542863,-0.019404063465563448,,0.07519271259129319,0.0557280042189925,0.052982731982814606,0.03781837750054587,0.029550316283366504,0.07715199085381863,0.019977443986224096,0.06753411943914148,-0.013628169424652992,-0.0006847820774257908,0.029415310663239005
2012-03-31,-0.00833571502064323,0.005504120916608134,0.13227256505845872,0.004940441971718041,-0.08939946839212132,,0.043263441842547386,0.005562726618303275,0.07119818928198222,0.0422177059886584,0.05222857876974203,0.07125727689585094,0.006548503602032437,-0.005249909377563002,-0.024886276863016542,0.01681993769177002,0.05208767551750035
2012-04-30,0.013657606326809813,-0.001325592383757205,-0.14293957846019523,-0.0022605265415492075,-0.04695382087261979,,-0.0505762434196976,-0.05792556022089163,0.005911377262292665,0.007703550503416242,-0.007672976377521708,-0.013609983625418693,0.004205410503256498,-0.006523994653860727,-0.016533067506260758,0.028071718881166725,0.037144736211521756
2012-05-31,0.027779110569180965,-0.04905445585095857,-0.16253286066979677,-0.04644723415431036,-0.08542653671224498,,-0.0882311959009176,-0.0412830673652294,-0.06602265636787863,-0.01524517009697023,-0.030726155666744935,-0.10800441898294082,-0.06527438813724212,-0.09506262382779558,-0.06769553249955336,0.006489175390214081,-0.037931895929907894
2012-06-30,-0.025011324919116375,0.030371595871615715,0.05661030981108831,0.027713326008066783,-0.00624149931445106,,0.03839894492984998,0.04472513158648912,-0.006011811189040771,0.04053006802315653,0.04339752185088624,0.04846702595848876,0.045327063499213054,0.050404375351455186,0.04907053592310047,0.03863974609881958,0.07136556281596204
2012-07-31,0.023590640674925157,0.009625113942995861,-0.11543590912665425,0.009761107265277867,-0.010767497443916807,,-0.025844878975860977,0.025845027425280456,-0.031523742365955815,0.03366029975075884,-0.019859895517888828,-0.0005840158416385071,0.004162674011487333,0.06572992681701431,-0.03599104012850374,0.025223731664261013,0.024534091029452865
2012-08-31,0.004853224217117114,0.02205314271248346,0.02780994554922726,0.018383204749903258,0.031746235345424756,,0.05123120634216845,0.0037201273277401165,0.04700857161574837,0.011587290987490865,0.023207830931448292,0.04184307673863902,0.018232421004971532,0.04306888204804547,0.046783632289605984,-0.0334530710166881,0.014329421656358157
2012-09-30,-0.00032349559670115103,0.01703272432673142,0.05364967779913591,0.020806611822835296,0.10769244430867819,,-0.0010014447722797156,0.078578003915686,0.029995422691580214,0.010865746205381539,0.030990373934696374,0.04114897351325442,0.004888123646123706,0.0382184927056371,0.04470924068663469,0.007355789274744292,-0.0018457142376569202
2012-10-31,0.014070577790596395,-0.010429024382584253,0.056950665261170506,-0.005037637772404938,-0.047619177413618985,,-0.07840031792501896,0.015026788457356749,-0.014107108662978837,-0.013259829369112498,0.015661089441908974,0.028878538099530487,0.0028822295800110974,-0.009678403085309806,-0.00037261100453638284,0.017409407846646796,-0.00707931446477611
2012-11-30,-0.02687117379065853,0.010630059700172336,-0.06956710986687198,0.006095217562299611,-0.06844546001380813,,0.02969112290912453,0.050558395182643295,0.07837633960415748,0.009845840388053634,-0.004472668596973586,-0.004412442973422829,0.006689060252412419,0.003441945341934094,-0.003811842682960598,-0.042606838969251375,0.011220454901818805
2012-12-31,0.03700554986916042,0.013386170841629894,0.11024377221920216,0.012506461443751638,-0.02136363007948372,,0.012560671011549503,0.003161402260457233,0.01724802188328543,-0.029882583259034225,0.006234420005696799,0.061582005722042706,0.02108453943589763,0.016830933572208974,-0.016354722372617682,0.0047971883887656065,0.050977544460184473
2013-01-31,0.0006619990658204067,0.030973798683498244,0.1398102177074899,0.028696692803275133,-0.02275886737777799,,0.03909650769833162,0.14956399369020978,0.06044934203638062,0.05079504381588896,0.08549698806133653,0.07613083146863378,0.05050668585401515,0.08790900749877847,0.004170816226700236,0.05489650365988601,0.03652606605020453
2013-02-28,0.02538637068886951,-0.0005030870052023952,-0.06665650257693867,0.0024514919211658893,-0.1045628330239794,,0.02344244829154106,0.026543559653679438,-0.009408711495292515,0.027781216095858072,-0.003597840457258147,0.0008002418431353056,0.023304459014350232,0.012331781020871846,-0.01749669603067585,0.024424660801097557,0.0038090349121569778
2013-03-31,-0.005912224955298928,0.020890384913683228,-0.005278581566223702,0.020299341861921737,0.022293072935857472,,0.03806424206108182,0.027767690250650415,0.03767004776689591,0.04659209427664881,0.05524930980520456,0.04517098290871736,0.02697073334787261,0.032375200965364434,0.02956012616532726,0.05695013840284023,0.014450797243389199
2013-04-30,0.023007416917188328,0.015799593965015804,-0.09492806769371576,0.012121543613892128,-0.1910697550080095,,0.008313492363261033,0.07399733211752009,0.07016631601934313,0.03677304791342426,0.040131449691365444,0.017566388387948256,0.01093651135604461,-0.011542384292945452,-0.044061073120668356,0.05169870634484137,0.08482572084395723
2013-05-31,0.06437595771538014,-0.006198884645643219,0.3306852528672292,-0.0025205946431924495,-0.07773074275728342,,0.058582375847757134,-0.014676827029220518,0.11941112168464779,-0.025231489138845722,0.015439942718284225,0.08183588096659336,0.04146316493456528,0.019045051128478672,0.03251218022569806,-0.08714302647875391,-0.07102595972994219
2013-06-30,-0.0032569775074984264,-0.023828904522789653,0.17260924839958047,-0.02350149506537815,-0.11436559098131527,,-0.009762838219076263,0.026689018587331137,0.011174017381582293,-0.008749833752159491,0.0034552091431995858,-0.014320437662884907,-0.0077783093415710585,-0.038642002342920055,-0.03738484163618914,0.011779449371436648,-0.03843485286725547
2013-07-31,0.004335701696702521,0.039195234223807496,0.031016817480293096,0.03519665452718313,0.07401594496004305,,0.04020066394341784,0.09151086934627768,0.068335081892403,0.03557378257810144,0.04408455174681531,0.06030323577075986,0.05407028661025531,0.05525145140162988,0.06983737822774434,0.038884000880104526,-0.0025403626277458458
2013-08-31,0.029196175586247007,-0.016874643462615222,0.07312024835123003,-0.01607498152719943,0.05131966846094804,,0.0025494110445891606,-0.0003660531486063684,0.007357091683368751,-0.04414207177418114,-0.032522930174459716,-0.0430789822349556,-0.014027829887411861,-0.0014806447386225385,0.00722894308009796,-0.04345033620818983,-0.04860672265426101
2013-09-30,0.028002176912180633,0.03343398243071985,-0.05968882987615609,0.03048076497303326,-0.07601134737251325,,0.06358865796719704,0.07170709676944996,0.07357893340292343,0.02081761062836089,0.01327416215714744,0.04066881557079898,0.047918474151768996,0.013303889248133926,0.0298410338293575,0.013218491700487913,0.04491515552412284
2013-10-31,-0.0071477324788538745,0.02419359122928306,-0.031810273500563944,0.025318686838951575,0.06641522502851238,,0.018028871370711158,0.07367773385393393,0.03388524700613995,0.05005216249911595,0.04101759919867438,0.04157522156181909,0.051930554536823784,0.04518664293248052,0.045134336859413704,0.037919692054569465,0.028224746734468273
2013-11-30,0.026760762393736547,0.009001815105269687,0.0555251164261071,0.006188457981869747,-0.08563125420907858,,0.04399571197835421,0.008484386933710064,0.016513564877020343,0.019080711272382363,0.049919589738709906,0.05725356081236143,0.041323809840351104,0.01693304934406591,-0.024727555870918794,-0.008203256049455503,-0.051513708741299166
2013-12-31,0.020479810434538327,0.010250304267229043,0.14121852892285314,0.010041886215470362,-0.04068851474256818,,0.055817482635404314,0.0814284323617189,0.018047191074060654,0.0029662334363200356,0.02408381676675368,0.034014630713085886,0.04386890447436254,0.04581512676017674,0.013452147441887807,0.006988442816441938,0.007071844928670426
2014-01-31,0.041547441577622,-0.011951444872138766,-0.11358004163235318,-0.007475181626383705,0.06443701467213292,,-0.006583607553568649,0.021205310816728093,-0.039611471071834804,-0.07092343498830068,-0.014031643276913213,-0.04070037999778033,-0.033967537461796565,-0.04960635037275897,-0.06636743973249185,0.042642060052799184,0.0394291755245673
2014-02-28,-0.012173800295777793,0.04051149509528099,-0.00378951621994957,0.03739661445945313,0.10498078143589185,,0.07311124491274437,0.027657075060829664,0.08280328289003741,0.029322256905545907,0.05889435331243442,0.035085055420321226,0.027816338265943333,0.04002869292941108,0.070847018145334,0.02749136583405473,0.051233401517619875
2014-03-31,-0.005417092579270566,-0.00030511340390003807,0.054028319703719054,-0.0007059062255497208,-0.07004168102701835,,0.008337643864661978,-0.033611451822679383,-0.03232671101921381,0.012874111484260846,0.012862684166642577,0.017801193228874877,0.012249483662966002,0.026010792161431706,0.005954602930819774,0.036514722914294105,-0.010661348396413986
2014-04-30,-0.015930271533486827,0.0004591999075607885,-0.02863779986458766,0.003622920504444762,0.023862950144924344,,-0.007794241026308428,-0.024111818314747444,-0.013099547698761982,0.04457888515815478,-0.024595354847003332,-0.021829662153281675,0.022162911697211275,0.041227924414234375,0.012301416236102859,0.04001446764818813,0.030665064598438402
2014-05-31,-0.016546437651360324,0.017414126983406046,-0.06826324595452397,0.014635691731617148,-0.04888242435122381,,0.0462087408864296,0.09089826661410313,0.02499625242731195,0.010351696330608678,0.03538564448225349,0.018643031740111674,0.02187628132251638,0.03326622444581634,-0.0020331883176273767,-0.006922110257826504,0.029399337658099628
2014-06-30,0.02621378165453909,0.025298184170031653,0.031578920648621,0.021033107497769325,0.12346618788984687,,0.05207202785287839,0.01864302791670691,0.02927455133860521,-0.001928793924222516,0.018564149366460194,0.021475064292261974,0.0027834460229652523,0.05752395650142372,0.05897224987629479,0.036563894234167074,0.007173651268667397
2014-07-31,0.07289093231283827,-0.019333515179700528,0.030910886312438695,-0.016221366596601648,-0.01638216289921779,,-0.015486697403880782,0.009752265811892771,-0.016460117730574014,-0.021817958219449388,0.00021632757205851196,-0.014560220025945134,-0.034711879015227924,-0.01939859069534894,-0.005511142716193307,-0.06628990103682554,0.007960035621831965
2014-08-31,-0.02402558948206319,0.028750647633813742,-0.07655828924946358,0.02446958909342742,0.00069387933829268,,0.05574511410968535,0.014151835627129655,0.06852671806151593,0.04050715230223661,0.036493063319487436,0.041892974061344644,0.041429112964111135,0.04320618510694828,0.031758901927790184,0.051206319620624816,0.03690234296614847
2014-09-30,0.04988737486791377,-0.030527621637941094,0.06888190553037303,-0.029455522921794184,-0.1844660049045438,,-0.006878845345448019,-0.00499414475196748,-0.027659041133635726,0.01262445195833854,0.004768669462047245,0.0065710115793976105,-0.000586108893551196,-0.06709132019611905,-0.05595047033664309,-0.010836891463236662,-0.04584517340956089
2014-10-31,-8.516661265549619e-05,0.01890858015084039,-0.07004064328032629,0.013120571675091274,-0.1258503424031524,,0.013238402920661722,-0.015811215398802564,0.021943509495691387,0.027147189793483354,0.054855774368973445,0.03457223392133207,0.03982916925617643,-0.009450511770984271,-0.06492608537098943,0.07243503215842237,0.07656670174921046
2014-11-30,0.006863159053731471,0.008554502823075436,-0.057547072381656905,0.011903680665110284,0.046719990484175744,,0.051379196892470974,-0.006170161929569332,0.056508754458510946,0.0668474708381566,0.042305791781268,0.025320179162603075,0.03065895219048038,-0.06109571451554324,-0.0021031907195873554,0.014304121793859648,0.04226233811983768
2014-12-31,0.09022110675974818,-0.006613258876608213,0.009237371313880879,-0.005003800349819579,-0.058659102657458884,,-0.004890127857366474,-0.024834520541208382,-0.003080344422501167,-0.01808602942045616,-0.0016547169018074942,0.021907079171212596,-0.0025907492306867547,0.010520961714493482,-0.023350928124220148,0.03276243034499417,-0.001971518119036883
2015-01-31,-0.005938936332811151,0.0005428400376655494,-0.23039304433525343,0.003463758269327438,0.1730956479110326,,-0.04251727658411912,0.03403320142548823,-0.0209697161109003,-0.017543693325104567,0.006915787249120017,-0.0853724005003255,-0.03006154879543983,-0.03390724731556657,-0.0013300745284922978,0.016414542017880254,0.06101849523827341
2015-02-28,-0.024684812035794222,0.03029908888618978,0.20605613354134902,0.027356215576912552,-0.03288345262069803,,0.11776033651627665,0.081179567608866,0.09271900000843293,0.05324334802033031,0.04451591894435787,0.0842273951124982,0.06543760935919547,0.05064405589725838,0.11600237172339152,-0.062342478876941554,-0.02211906030088924
2015-03-31,0.022444598796540084,-0.004832947727116981,-0.04729442207217438,-0.005648498553397964,-0.12118569536378665,,-0.03936911997961103,-0.030612993080362222,-0.01112318755361813,-0.022946671977906827,0.014652665600398811,-0.011962789082960439,-0.02718471980888605,-0.009463842529195233,-0.07647272019961086,-0.012141985819785064,0.007853015723494727
2015-04-30,-0.01080724678643501,0.008589058759988192,0.06293082960719724,0.008474784398265496,0.074404735051397,,0.016768810950105354,0.06831971508053812,0.010725857576128853,-0.004137669895256405,-0.012080063984618123,0.012814060237535304,-0.0038849663872290606,0.0504913275597625,0.07769810348034371,-0.0015337510247385325,-0.028996826903019773
2015-05-31,0.0037791879855424647,0.005478731397028415,0.025143571863180354,0.0019633055090634813,-0.012945750637088138,,0.03923143977062831,0.03340201930679142,0.015067601586222418,0.013646333149346239,0.0492103499101741,0.024959967391483377,-9.646415204951353e-05,-0.02764970643241025,-0.014512998494371687,0.002149057120225284,-0.0005515321170020543
2015-06-30,0.052803258472633584,-0.01901095608812455,0.10485893517112081,-0.01700629068516907,-0.08997187684140551,,-0.06340799370591745,0.020188578203254093,0.0013103874878418464,-0.020378382222049553,0.010821175860413137,0.0013101026576251137,-0.025663992858890688,-0.008470546383370326,-0.05770617419156028,-0.05792627012907086,-0.03433361684376661
2015-07-31,-0.059049622259444566,-0.004765099249071314,-0.05394595003742871,0.0015343833413317938,-0.1884655557543795,,-4.802950864061174e-05,0.08582362411809942,0.047713817500324336,0.04643488409952707,0.02689295392210714,0.03358132061249964,0.012098438863208568,-0.06917376999516288,-0.1214644141585964,0.054554236825320644,0.07204535321055588
2015-08-31,0.21697871366573668,-0.042762243331099535,-0.0018076307965378586,-0.03793650711569697,0.0190355907666655,,-0.06399983008062801,-0.04904813293188906,-0.03150502219364427,-0.05914529999773243,-0.07196934581426308,-0.06910510463152442,-0.06526191050182548,-0.04173871293352138,-0.05046078264658349,-0.03699388943178507,-0.03793188422317198
2015-09-30,-0.05256230902659831,-0.021302245880190224,-0.06291961230982006,-0.021418630207456518,-0.02615200814849039,,0.004005586780329271,-0.020838722284579003,0.012465201286881278,0.014830953485639736,-0.040493602917167644,-0.043574775980752094,-0.0188366223303759,-0.07447583097810763,-0.04955616385256663,0.012123304933762806,0.02273574585134293
2015-10-31,-0.013564480236709864,0.05010264091861384,0.05795009678765036,0.043390042033322966,0.008951434025060934,,0.09960974548851824,0.08110513944343688,0.09158678885209147,0.049577842081212305,0.06097600233346777,0.07189022568759187,0.08427229547044778,0.11879051003669802,0.14143441186010158,0.009274554727915687,0.08238734920564392
2015-11-30,0.023220465102106493,-0.00029017037631878177,0.04434767502172406,-0.0028374062952323652,-0.09001883733112159,,0.026225594024168287,0.0094304039953136,0.0059563553099918065,-0.009246583870814834,-0.0031906665525394434,0.026611523004689303,0.018285962866227648,-0.0037534762213365493,-0.07370052901806708,-0.021706117828292206,-0.00633089764838797
2015-12-31,0.00460547847747983,-0.014961350057404114,0.03141094377171975,-0.01513298746170003,0.0013966848821675981,,-0.0023870242415495865,-0.006071266212002768,-0.007729900866748259,0.02334283901413804,0.026403300048634153,-0.021895261118914332,-0.023117865654436343,-0.14056118823319613,-0.07222465321878398,0.022879280781260464,0.030106291640982275
2016-01-31,-0.032707206747284515,-0.04386472276664975,-0.15827305803894867,-0.030702764227649476,0.05020916980096657,,-0.10481089402581312,-0.006812577478193832,-0.07366707482288115,0.0062778171227794366,-0.05558244892668989,-0.10969251635465757,-0.0571354269041002,-0.04936985849528377,-0.06350238356026798,0.05165164273460159,-0.012799906581017081
2016-02-29,0.0005360772037978023,0.006806776803048424,-0.07896797564889597,0.006524486643533416,0.26958818362158743,,0.001522206019288724,-0.01136976017330435,0.014269924883519533,0.006031550923771026,0.0039928877816561925,-0.033009136353771625,0.033409911941889844,-0.04444222672694661,0.19336482034615157,0.013566094128724273,0.004574293173729024
2016-03-31,-0.007698270844322885,0.05553104427816533,0.010542476121491543,0.05196878552372878,0.0711298592120666,,0.10989993811073274,0.06017926151611172,0.07113309415842134,0.047503042352728335,0.049231871186674096,0.06773155421334115,0.07253014113945906,0.07367360263019777,0.14054258616324802,0.08488212107501243,0.09277049736835183
2016-04-30,0.025769938834534177,0.019580598400756623,0.026989663099240706,0.019671182320782705,0.3281249896024203,,-0.00513914431806035,-0.017139095955634898,0.008239523302458815,-0.005937308201319092,0.033291069245536806,0.04828167804485711,0.0319089540266999,0.08728377903631344,0.14794318486537641,-0.02599224485666058,-0.016475556775035677
2016-05-31,-0.004551645667036053,0.008310074538410078,0.01897221258999941,0.0029672761814581545,-0.13318507768139976,,0.08324540720537629,0.03832676636884971,-0.01469862816039367,-0.005329967031995882,0.005220705517664522,0.01969899642486347,-0.015567794642178619,-0.009239212589379663,-0.06982030172102467,0.013088044847028033,0.031406792701344624
2016-06-30,0.017327213132329745,0.02139967994975903,-0.18906976152753144,0.01420689117557927,0.2557347755341677,,0.0006516075287440405,0.0027078470518314274,-0.017645203648242614,0.03809099155541174,0.019760201142749876,-0.062360940564661654,0.027925209979040563,0.027803628932769497,0.0519984364298733,0.08165809354623284,0.08675936198543863
2016-07-31,-0.01038492445912571,0.026078508420485973,-0.01752789540322937,0.029783482860331785,0.08457372770898619,,0.08946989107096837,0.04010395138923589,0.05365256243359671,0.011730047952170747,0.08345570283565204,0.055467612541394616,0.030063452082393662,0.005412814788863907,0.07502923460283661,-0.0035026706871929625,0.013105645301640614
2016-08-31,0.0307855230566628,-0.0005787871028185812,0.08006874322424544,-0.003415838880735688,-0.14784765616047513,,0.034030197965587435,-0.009090557691151108,-0.014568326575365062,-0.012870584882437268,-0.03946322800995072,0.06053452641752246,0.01538655838250625,0.044679455410800276,-0.041758105834592094,-0.05518680009275826,-0.03517025681622185
2016-09-30,0.002491081850258503,0.008505435706522966,0.017411812930655007,0.005419756085467547,0.08491924800475958,,0.03049096577264181,0.005105416075924046,-0.02106343212372248,-0.01125492833758482,0.00020798260246369344,-0.01463023013135959,0.008480960109664844,0.02843359992113308,0.007565887026105967,0.0031600898057568667,-0.004659855278903002
2016-10-31,0.036784148953482185,-0.021560217083662344,0.1282217115545737,-0.021076904944490608,-0.06882588199062611,,0.0032105521641750236,0.018798556773077513,-0.02623971545060517,-0.007615188006528445,-0.053341491876883494,0.029582099774627186,-0.012664441940920822,-0.01708893405622991,-0.031125765698267038,0.01376741356419618,-0.046669621935685024
2016-11-30,0.0010912529421522655,0.012156746402987204,0.28442763519844655,0.005414283360174861,-0.21552804177967155,,0.03383868992295802,0.021286779839345335,0.045375232843484305,-0.034770573401707174,0.026004399993944986,0.11037683555026499,0.10128712744972511,0.06935444115199989,0.07632889741180471,-0.06447042855190181,-0.057415144499268475
2016-12-31,0.028470799465821494,0.016326453218009046,0.034237264522870424,0.01208206693804784,0.021276437200933307,,0.026023319150948597,0.04243009536186158,0.015527464097638083,0.024120628800046052,0.01545098802142644,0.03202891100861922,0.008059446908637743,0.01868909269251573,-0.019969325065641686,0.05249434879209217,0.04550036286941339
2017-01-31,-0.01529988759672174,0.016822081212271904,-0.005105742075384463,0.01933117508333101,0.1367755186252544,,0.055748811509324446,0.059450096919646755,0.04659401855801465,0.007582778013801594,0.030254277748822563,0.015213055747775768,0.01213751391879992,-0.02873300709184068,0.0668896146419751,0.013456261057812502,0.0027599383198722155
2017-02-28,0.04365334734871422,0.024371390820992826,-0.026607658550705016,0.018508714480544343,-0.03266920089050718,,0.0521775588222651,0.009451139164114913,0.03755957552898912,0.0468330305892841,0.05789867131832823,0.05121690037237244,0.03638530951179371,-0.019121223796747445,-0.04241990208604347,0.05039785073705689,0.04737701683221604
2017-03-31,-0.007170550933545261,0.0013072826462255992,0.01967516147901797,0.0036514960324464285,-0.0065897916267788625,,0.016920256757213255,0.01692232663141595,0.02741511266522394,-0.004461826467954919,-0.0011247462740603873,-0.022461033160154523,-0.006137740765455502,0.007413034607137947,-0.009850763018823816,-0.0066057168166882485,0.006849391420932341
2017-04-30,-0.0138679812855242,0.009379123567938153,-0.04267587033405906,0.009041512350894178,-0.010779526166945108,,-0.002861951450224165,0.025972750442639123,0.03226640362582517,0.01561748309667496,0.028273892564896676,-0.0026378349143472537,0.027915814996233523,-0.019735758619878762,0.020470493999051143,0.0058162802723004114,0.005584818188475726
2017-05-31,-0.003937596612300131,0.038467844797251065,-0.03577087916038635,0.00987853198970611,-0.002478552241744314,,0.05672939087823022,0.016881676546734115,0.02046841858579589,0.04756184390837062,0.014041218842450394,0.004332781845064556,0.01791551911433804,-0.035082812259993414,0.004821958570979046,0.050561944467553764,0.01791752427816165
2017-06-30,0.023717918023075192,0.0037704836864838726,0.04023148418185082,0.006194076161949568,-0.01599347000927731,,-0.0012181296726123082,-0.048432898249518186,0.0006365415004570274,-0.029567053700081836,0.035274467520465654,0.04994583502920864,0.014990518504624118,0.015486597659109102,0.0009216757087741279,-0.02996445675158751,0.014014177824874699
2017-07-31,0.0006313818169333852,0.01904470117341479,-0.004012724851198746,0.01402103832743047,0.023096819289318393,,0.02835635261610508,0.0752734782052252,-0.001951052992256369,0.009999256584997097,0.003269791994473906,0.02399917058989615,0.02443335013657041,0.04109078673158227,0.06647341970388769,0.02244377065462801,0.013197305468835865
2017-08-31,0.006812967017758886,0.02299977794043624,-0.06751171531579918,0.004304990955416613,0.050167014114889996,,0.031639290785373066,-0.010781403048479285,-0.0039239753347853805,-0.005983859045728926,0.03348115862852731,-0.011981093401709511,0.008564478727042883,-0.04613414288627633,0.0176110762396553,0.030703241039028408,0.03398072105411286
2017-09-30,0.0019017929612506813,0.012548451197623035,0.09151993434458872,0.012614814478879157,-0.05413988590769947,,0.02290572463405547,0.00033988643620637415,0.027222245895015734,0.006890740453775085,0.035706468520612974,0.05021030521447519,0.04871897493513534,0.0820754521902998,0.001344239308012396,-0.02097371201536548,-0.018136792263354864
2017-10-31,0.03590551836270772,0.016603647081241565,0.02344250520959923,0.009406637696601685,-0.035353385430598405,,0.07564157782786947,-0.0059966442218317845,0.03868256478969251,0.004415744211615341,0.01036725961312843,0.037616525657904305,0.016339277376788603,-0.0052390227069939455,0.016439543532900402,0.054823998400341675,0.0008086044471761478
2017-11-30,0.0447733389992365,0.025997717734398528,0.022988709698766246,0.013671219499546925,-0.034067193623093406,,0.026107965189564347,0.02769088972662638,0.03419006194676571,0.05637797363868884,0.05112847804321461,0.026964229211083716,0.04271265520107715,0.024311528840664322,0.026988521292293854,0.03012910374163689,0.028194117176140288
2017-12-31,0.0011313577074646198,0.015749657265471707,-0.002961966789328807,0.011449178513043726,0.02443418843394607,,-0.007753214210850212,0.035681279985348036,0.020057493126132826,0.030487944822592275,-0.019813637193362408,0.018409065626711102,0.029782863714098565,0.05265968195629227,0.0782167046653696,-0.05467525877534681,-0.0029631650867333464
2018-01-31,0.08795788354009026,0.025533570379072924,0.1164146553007146,0.02334325092938661,0.02120173705177919,,0.10043378940030596,0.0881017412265953,0.06790478514266025,0.032155084533411496,0.07629836687940987,0.07338226625087946,0.057369339588757014,0.03867938072676356,0.04088567611662701,-0.03691317914026071,-0.02127192750717849
2018-02-28,0.06517115700219873,-0.03204999845417888,0.05573834968929706,-0.031603138057003245,-0.10640167776369114,,0.01636365527609847,-0.05626917450114009,-0.02940396971855232,-0.05690454672206739,-0.0390676721697372,-0.02322238869960215,-0.050258172740288584,-0.10323488544235575,-0.05468167544882689,-0.024777426362478434,-0.06492880937574823
2018-03-31,-0.0150852054187957,-0.004407870670251003,-0.0423525572495671,-0.0005649443071099414,0.008712761424738646,,-0.023477863648194316,-0.03032798909894191,-0.02962963628879159,-0.0022805554525059998,-0.04498138468487972,-0.04230425567384439,-0.02663688353184456,0.01617354412837223,-0.0020411866481256703,0.026803305993880238,0.03756044286509527
2018-04-30,-0.03771083232712853,0.005809485031438117,0.06726795215822905,0.002163418031140061,0.011516209139310396,,-0.00035169190762786865,0.001268163126907057,0.032766551165144014,-0.045163175047132874,0.030534164180218346,0.0011457632790121228,-0.008642946976378336,0.0899670527360051,0.001472955949883259,0.014388218740159433,-0.014689348369509483
2018-05-31,0.022672055024380366,0.014051412818899555,-0.03982945866360096,0.011916521942918276,-0.011421064671041203,,0.09860712917888466,0.02247292977313066,0.03272843614555137,-0.008605738313071905,-0.0014458952436164352,-0.003048598238734007,0.03657343865894264,0.03921148751698077,0.021225339090706164,-0.00933615171833708,0.02879812975372739
2018-06-30,0.011330598250124547,-0.005172934921255465,0.011237695390014993,0.00017607598395483467,-0.019230919165761695,,-0.017613815079218553,0.04757729713785966,0.008257865350012486,0.03733642459868786,0.013060598243571237,-0.015187331598136893,-0.03683723620574814,0.00445647140754003,-0.006143195410326374,0.039934362629100474,0.05616135971156963
2018-07-31,-0.01621694280545638,0.01687867695275672,0.03890993295964066,0.015792556565334376,-0.03333327655122109,,0.03034066840099134,0.01060564057154506,-0.005892485273704275,0.04179447826019302,0.07074424681318765,0.0501376385800577,0.07609699151808656,0.0438205629561829,0.009472355790936238,0.022409007946205737,0.014000353703432333
2018-08-31,0.03063067484810773,0.010351580549506951,-0.03360155146110707,0.008306946275981943,-0.10750478364792748,,0.09279125997402328,0.03555236481938161,0.03168573302596916,0.010404752692355624,0.05189113416764769,0.012195464861835,-0.002655928768636399,-0.02560918109595184,-0.05418036378533213,-0.001988573923932559,0.027188526489928075
2018-09-30,-0.013482860060819469,-0.006229860521468305,0.07038627419226384,-0.0030181850329702056,0.007954693415006098,,0.024019040927080293,0.003819900858515704,0.007072306569355452,0.019325889678491803,0.038172859879648975,-0.019791993860452495,0.030685230693104026,0.009154707383999382,0.008087697647202163,-0.007794361449057747,-0.0204091624709863
2018-10-31,0.08606875049619397,-0.059527307990790465,0.03701869153737647,-0.0517256144124534,-0.021420742881327337,,-0.12808898632519775,-0.039055451751304995,-0.027387339236440367,0.007530342896398423,-0.04615119369017303,-0.06143279738623339,-0.09460286504411325,-0.1097420758797923,-0.04114928220204674,0.016769235225121224,0.002849920631896735
2018-11-30,-0.019264110816818468,0.008175073958315723,-0.04016845948927698,0.012280286173628583,-0.0011808189977295935,,0.007834926881492526,-0.0008059370004523114,0.021518942501034033,0.005446410365355244,0.08086424879217353,0.019784369047111196,0.024230934752577375,-0.01697748553974988,0.02443756019394041,0.06196074589879509,0.05207100533049522
2018-12-31,0.0026174033176761926,-0.05235456062548497,-0.1047230048496085,-0.044707457556273686,0.09237888865556831,,-0.06774899352500867,-0.07260580613232213,-0.0718651301990219,-0.08723482482713091,-0.07873975346708287,-0.1055998157199756,-0.09848834626474848,-0.11378112087649694,-0.03034844025489214,-0.041526721406390146,-0.059407078911094605
2019-01-31,0.002302536813926426,0.06874482012216392,-0.017280882664468405,0.06013155026252818,0.09408028137804947,,0.10405879019446727,0.10863086540414692,0.07651862024453286,0.06615000532668824,0.03142212940591062,0.09650811651458449,0.12074074301508211,0.13091942884870342,0.05270406209769385,0.04787851288019523,0.10116230128647938
2019-02-28,0.008713974257391621,0.022597397100078426,0.02769262231145057,0.020248010932265567,-0.017391272754306186,,0.07083769493008413,0.02493056025458648,0.023586002352576258,0.04033658546186431,0.013920627917122999,0.022555597299397594,0.06356944522665879,0.010879116543149814,0.06826661091988187,0.040011115447393254,0.013623774358673235
2019-03-31,-0.010116968241753233,0.012693133910136626,-0.10007658877087011,0.011889578350832365,0.007866322016144789,,0.044681601674980705,0.011768152397142934,0.011408305202244876,0.06008981619058673,0.0003515218844185676,-0.007290240416077241,-0.004117375439175053,0.013874813085602756,0.03620949719290294,0.03217837382561955,0.05839620877675891
2019-04-30,0.02053715277021433,0.02544221216739765,0.03285185003253085,0.018657709231643903,-0.06731718063911785,,0.07011439628608995,0.07350520779993772,0.05056086717703088,0.018717276462943674,-0.030679595855197448,0.09059857194084694,0.04907773724322518,-0.020631890077422166,0.015386346308087199,0.016896440780213556,-0.008566182997974278
2019-05-31,0.027018219635009343,-0.030634051088702378,-0.1410891193221142,-0.031094513954784523,0.0366631759442122,,-0.11615450478083673,-0.047866971479177664,-0.09781598170906486,-0.029430569771844398,-0.01942545891268705,-0.06593880671014599,-0.06551269358388746,-0.11368953242167537,-0.052301033315530765,-0.007052524425339419,0.03291961768622133
2019-06-30,0.018005553092502447,0.05613340312126453,-0.05842909119573769,0.0475573810129386,0.15555541286097796,,0.10239714021180958,0.04767407682838093,0.10384788223504708,0.05966078984937739,0.04489662756057596,0.06987015699630664,0.07210271850343979,0.10336697845138847,0.11697288839664553,0.028988744156550457,0.014203367411241521
2019-07-31,0.023658678637797026,0.0037113773101299574,0.019674508464784763,0.004543840634508783,0.03409097989108223,,0.03443577671344326,0.01961006801115857,0.02464048104923409,0.017746456597175695,-0.010093000953613698,0.03820831877901329,0.01839310693617934,-0.013125331608038726,-0.018074824707361263,-0.014073897834310314,0.015026142122341588
2019-08-31,0.01310200778042887,-0.0048171376125328074,-0.24030177106002584,-0.0026303949446126683,0.12426026638389254,,-0.037898653064268005,-0.01318999187895166,-0.0039769810698578045,0.03901599612631818,-0.006881016626387603,-0.045094894802621216,-0.033894817003391954,-0.09024610201198044,-0.026209622518563562,0.055158785112901176,0.06336854987624167
2019-09-30,-0.01681332400290909,0.009287191822534183,0.1012975415357722,0.008151861395456147,-0.09624049412585356,,0.0016947197141871711,-0.0019915331437651146,0.00663757742122396,0.007483238638915767,0.010007018738800484,0.03640801267063978,0.020324812760946945,0.05667380830959423,0.006144469924881347,0.04473019649138304,0.0032051342536403016
2019-10-31,-0.019687434022418036,0.016755124765972917,0.005810195514236634,0.014433338299479475,0.05906813043526338,,0.04144537248663953,0.034284503996986834,0.01901728352230563,0.0018601101443377446,0.06298898020315766,0.02607469295521463,0.0184225185455526,-0.018018943801366184,0.005192934655138148,-0.00465577292166776,-0.0070245038302244045
2019-11-30,0.02210682536310451,0.015095715753404132,0.04218709470258745,0.016713159010864002,-0.04083548468129283,,0.0435372551317713,0.03154038196295299,0.01999691363274995,0.030011516813922667,0.05904211420427296,0.053607067249836646,0.043321690963030256,0.01528672398706502,0.043854477940758536,-0.011975924263674649,-0.02038124785990207
2019-12-31,0.040075830867794336,0.02405562811723231,0.06995260215113386,0.022192721311831764,0.11721333517711896,,0.04423747480741574,0.014350897990790604,0.05423955453898116,0.024350998363631405,0.042861284428628625,0.02435353866114985,-0.004764441136368232,0.06415624674710234,0.07465131574279239,0.028868660257775142,0.01219126366003058
2020-01-31,0.06858809972863408,-0.004993078439878719,-0.1937488527450627,-0.002919388171894837,0.024945015815830196,,0.04567648230495681,0.0011204992354616888,0.026657411761789568,-0.004210356211803071,-0.03362627184744619,-0.01233835964919816,0.0037503640164074183,-0.1041624491229923,-0.043935203372597216,0.07507956599154311,0.020707630667731347
2020-02-29,0.15901675632131865,-0.04839244805517992,-0.2469117755683651,-0.04494047005166948,-0.11739440856908356,,-0.06409582302857099,-0.0337543340135574,-0.07137577881976498,-0.07538751269338952,-0.07141564207202465,-0.11833594504896808,-0.08931432190337699,-0.14002213562095195,-0.0713729925176247,-0.09601737136479048,-0.06163161883100095
2020-03-31,-0.04959030398907014,-0.1266053723755449,-0.38714161983673884,-0.11022722212542291,-0.16382799086568023,,-0.09316482069459386,-0.10261980149885554,-0.19291565774252875,-0.0550982080163876,-0.026854537377639827,-0.21351506827700606,-0.1577665814927034,-0.3716546318548164,-0.1460705831814957,-0.11130246468222628,-0.15795495486857802
2020-04-30,0.03332073359401975,0.0824845510763126,-0.08393295763268442,0.08690882582190627,0.3375358782961151,,0.13954319934787815,0.1144338705289949,0.16554625237054046,0.06996219060787096,0.12752805534874884,0.10210404495089478,0.06002960252785826,0.3060302302920864,0.20376806776385664,0.03801543208604736,0.09612318732036543
2020-05-31,0.004920803829616127,0.04843932098093777,0.011444804158548613,0.039793857498726756,0.11027570111687801,,0.07998299831463977,0.0564605142460881,0.0853832050045397,0.027196790599192545,0.03687244507480767,0.04954047921726904,0.03290601431150226,0.027919068664034086,0.05704023116568207,0.049750664662083874,0.02503532331666282
2020-06-30,0.04707254691571068,0.020959564467220783,-0.013401495734674973,0.018619990816339856,0.1450983226890028,,0.03873307454855648,0.0005522622591234566,0.02854039853297108,-0.009850298221328718,-0.018448804948994035,0.00458219908650299,0.02290159840065041,0.02555540944968724,0.05273427594441656,-0.06148189670818823,0.032507946537339474
2020-07-31,-0.004379237387699542,0.04806593174769484,-0.19499334633313678,0.03931529039717694,0.34474859802218516,,0.05648531017045228,0.05924668163301822,0.07064659784893847,0.06767949492597697,0.05204457883676905,0.018690505885379217,0.03366870997795966,-0.06035907894731753,0.08484667708743199,0.07105128067177782,0.03701073170169196
2020-08-31,0.07528403783559909,0.03403689784899998,0.244279165975655,0.027682236934931142,-0.011884596934075398,,0.10641517275195277,0.07929424181073805,0.16905332896386108,0.07087335472176233,0.03169587582020371,0.044720415242322814,0.10287989200111108,-0.021528633416002085,0.05612111306584831,-0.03324801036767306,0.020089298717302154
2020-09-30,-0.029974328167631126,-0.02349963589524379,0.0021754284044754137,-0.018268893811158145,-0.08591055894257726,,-0.017992132303370822,-0.04370149387991251,-0.023923215402107217,-0.01103592970506597,-0.021727804088648234,-0.040568776442171085,0.0068776187808883135,-0.14416889556493767,-0.0003207796374427506,0.017940183561323746,-0.011144118687893945
2020-10-31,0.07311050837708917,-0.003909814247234637,0.2671001692694223,-0.011988719216653844,-0.07236843116166458,,-0.04593591417740816,-0.01864037315640911,-0.00693148158880182,-0.024080251380184478,-0.026236272380254833,-0.0037278101707871472,-0.006456568947722189,-0.049902337339876,-0.0025627635767819313,0.06393378380147298,-0.026744923671826404
2020-11-30,0.013555793664477966,0.099353571178971,-0.036442397801135486,0.08377598926485484,0.009108220296217606,,0.16181133668865497,0.11463928543939872,0.17697130172091521,0.09226039515140959,0.10604121501613326,0.2008567893019431,0.1794047887208662,0.3296324985538087,0.1455475863607861,0.008973830731099,0.07061651900452867
2020-12-31,0.06349529927374031,0.04315217163079925,0.04337956637538731,0.03386184109899942,0.09844285719251578,,0.043022251557440196,0.04269161028486461,0.04381031812344454,0.025764956824713327,0.0338215510797882,0.06131978745698457,0.003649306814997925,0.04216409535524662,0.02608041859029921,0.006441266657659285,0.014231517776733121
2021-01-31,0.09743148029401265,0.007613050190210438,0.18262471325462126,-0.0029750478991983765,-0.0374941169582973,,-0.005046360087700214,-0.03159732417008869,0.008077986457223768,-0.056301962965590466,0.024377085963593108,-0.03530053272417201,-0.05002007195657075,0.042275483548116735,-0.02188579036435959,-0.00990453047619731,0.006473888739298661
2021-02-28,-0.005363047462212811,0.0250143782108216,0.4206157185824706,0.017032108017412728,-0.1064133447458433,,0.01538165390741531,0.029904414434791027,0.040480242199231346,0.005287571232181326,-0.029454756124082097,0.13475880544038285,0.07936819029203132,0.2229530323997193,0.06304808607991315,-0.06527669752242339,0.020774304135619717
2021-03-31,-0.03684782730901892,0.018572743846468953,0.1720063445137093,0.015440145364155762,0.06060611635441404,,0.007329297292219895,0.0393911635961834,0.051925738945293294,0.0832712258731895,0.054264578458094015,0.0530262915828183,0.09820176748290482,0.03403012033545808,0.06913251894254593,0.1147710134839758,0.0661538834807801
2021-04-30,0.022701805282192254,0.029799077551765658,-0.06778425501970597,0.03204456351927589,0.09223046539190549,,0.03554967297641555,0.05000863869691527,0.03746265916732624,0.029116389562044764,0.03922659748922662,0.0722026093304265,0.029086788736670515,0.004386841005712838,0.04275288408029684,0.04243149434572535,0.08639342386479545
2021-05-31,-0.017761760539228132,0.010578855097567175,-0.042561370990102265,0.012542869856907007,0.11611818138666807,,0.007993007167276888,-0.005191427161356538,-0.0008816361784284484,0.027509035082272426,0.03204119485477329,0.04053836755739546,0.037887384466287234,0.07552649743112116,0.05742410491759242,-0.020878928273656734,0.012499246404831132
2021-06-30,0.007839904911573558,0.008987563798376532,-0.0223043072205306,0.007842608922094995,-0.11271083777817736,,0.061894881369289015,0.014532243149843235,0.012730123858514714,0.011107929393843762,0.01856901714554911,-0.01803483908522239,-0.03114343330445719,0.046531106754011856,-0.06753511873143074,-0.02064099470952298,0.04819464762717031
2021-07-31,0.032537539272762726,0.0072827091576286,-0.13915298292395195,0.009041119698855845,0.02503486765880436,,0.028288230418296038,0.018148844678336717,0.0175724660494611,0.03776212882312347,0.040417446269279796,0.002487865525888481,-0.002910648408244672,-0.08824261168794528,0.01627979356611991,0.04188556428724076,0.0314144224476408
2021-08-31,0.0011987296602329113,0.013792145300093126,0.05547566387204802,0.012447900701896296,-0.05020359232307148,,0.046695363719516055,0.026864548152076034,-0.004647734629663974,0.008627239919349479,0.025013039882498773,0.044245940059196756,0.004162827806289618,-0.02105828183627696,-0.013992426886879803,0.03730809886595903,0.033615987474787
2021-09-30,0.046002791156103416,-0.02837551952008168,0.1832073519028198,-0.027758106876651874,-0.10047621840801346,,-0.030527766213582816,-0.04437515645725347,0.003368495560603498,-0.055381291051126706,-0.05292921476503165,-0.017596259196988786,-0.06377677930356955,0.08699733181031294,-0.06706361393665682,-0.05542471411348626,-0.0717580422649836
2021-10-31,-0.011007269965820155,0.04512452968374275,0.0460618746495877,0.03264536205793304,0.09422970654634888,,0.07417095468537839,-0.004068637984960863,0.10133283184020837,0.0533040714929667,0.08225575264617146,0.06475674780292921,0.0749282787036444,0.09438222654104467,0.06829802927120225,0.04718121659734106,0.08008437337067924
2021-11-30,0.11726550348080919,-0.02022935532151411,-0.06167298970949656,-0.018635256352518653,0.0019014073966161504,,0.059061474233035316,-0.0602080616763553,0.02409374912476368,-0.020465467419846176,-0.024759789511349644,-0.07116579569190279,-0.03780758405712981,-0.06588952733199269,-0.0012085451767636566,-0.026632333096624623,-0.004276021536347721
2021-12-31,-0.04825575635073067,0.024435826528592695,0.07070347710692104,0.02716253520189412,0.018840655692677677,,0.019210893033937297,0.031122927276015774,0.04758512404529917,0.09328220763068064,0.11600967268995328,0.04484856146024724,0.0563354688249577,0.027312942214859127,0.08099483639456527,0.09985906595298014,0.09777429573713681
2022-01-31,0.033949610389836946,-0.04087413010464083,0.18593116544798183,-0.03889554975552852,-0.04030352280815519,,-0.09242410422053808,-0.058780284860927026,-0.07379731296427519,-0.017755434276234907,-0.049801820847035334,0.020916949303468175,-0.02394825751090472,0.20093535237740995,-0.05630145546721331,-0.008271357472955725,-0.0769741842698795
2022-02-28,0.024600136776300553,-0.005156189301415343,0.046106514172306344,-0.01034007502015109,0.08646233116859259,,-0.024073489544658606,-0.04430243666487464,-0.0691361914474243,-0.027716672158295805,-0.010490369911986652,-0.030617491091641157,0.007740966407568909,0.05713151432671182,0.016555166040196023,-0.0008530692468174315,-0.05339964762723268
2022-03-31,-0.04284881074529645,0.011189881533689614,0.2648631378894127,0.005713014580106238,0.019099629333127144,,0.0035981400845992322,-0.006705803437260446,0.007194513141088155,0.01246364520422952,0.06467289866545786,-0.011622499472781175,0.04757759780344167,0.09336396045590119,0.0880915991739518,0.11215497839436643,0.08346922714105959
2022-04-30,0.05107205522344085,-0.06181386076581651,0.21560178019215784,-0.05793159115606697,-0.0825523018326223,,-0.1317961938544288,-0.14381261023195113,-0.08472648159786865,0.02736753775223231,-0.03118211147392319,-0.08897336019639634,-0.0857423936930689,-0.012455075239483703,-0.04937944722967326,-0.03810988182520452,-0.03403555789081575
2022-05-31,-0.04719747611686977,0.0030974929194973184,-0.004084099407434964,0.004097280179532916,-0.10996747886967351,,-0.019887845884528587,0.05276810789008014,-0.010780024111606104,-0.061659328525393665,0.025704905535601428,0.036627433830363945,0.003454999900836812,0.1569877590107737,0.01095538274775151,0.040831590054636005,-0.040163477685261254
2022-06-30,-0.04513559031116208,-0.07145520904414349,0.044649022947677995,-0.06178351402034534,-0.19792250002860368,,-0.08569503699911539,-0.0749345497958002,-0.12644789191623965,-0.041292466951526004,-0.01893000258367968,-0.11362764535992405,-0.056767317193544435,-0.17028907543837066,-0.1324563011677986,-0.049512969990827056,-0.06167616275455612
2022-07-31,0.025715378880752992,0.06289675646429514,-0.08679614270218228,0.05513412931336431,0.031356466662295635,,0.1016110626819865,0.03996174608020492,0.16054333859974063,0.04933628224623077,0.027638142200151254,0.08249966496112049,0.08342760558682823,0.08977373333250627,0.013428849065939219,0.055243142932558956,0.08716536770832173
2022-08-31,0.01231970330296579,-0.03804562784718761,0.16629416698111563,-0.03256461525610178,-0.07534694995745028,,-0.03335236195945459,-0.02314608335253618,-0.016753505911819094,-0.017816699783998812,-0.0533768666197394,-0.023555513396011776,-0.014649768175139515,0.043739798550064414,-0.023088825476057746,-0.0038211660196933056,-0.058236944501256604
2022-09-30,-0.032356670232300135,-0.07922194255567547,0.20045510515006412,-0.07327607712678322,-0.10436029798584201,,-0.13090777652142296,-0.10793279767645796,-0.09696147905233547,-0.08834855962826414,-0.018992758357553135,-0.09085427179265793,-0.12553583795419979,-0.08353845121627726,-0.06934381852524309,-0.12041245044990294,-0.14176048163944108
2022-10-31,0.037252039220902186,0.04457425487928652,0.07986395633756538,0.04160623913344259,-0.027932888563243052,,0.08389642871891374,0.05944371098666777,0.088607054666878,0.08029215781282416,0.10141480856946719,0.13372220236643936,0.14869003347231474,0.23053281674806278,0.09232200518123057,0.0027625828863783175,0.03438998019043765
2022-11-30,-0.005827119791904867,0.061425654184295374,-0.09350947711905862,0.06203889706146408,0.17167856977070528,,0.0720135231068296,0.06950791445056358,0.059344349819613174,0.07180083408103655,0.05606643949479655,0.07584189749342883,0.09023337461803903,0.024800143667465812,0.11969286126720528,0.05615197511634865,0.08336761368671033
2022-12-31,-0.04029501875596926,-0.032139079503957585,0.043800564526950435,-0.028269371801005496,0.003506346171774588,,-0.08814428754884018,-0.051265376506497165,-0.08719490181417089,-0.021902562414765826,-0.019136004406421887,-0.048857712928233495,-0.029283043698565995,-0.037538114259444054,-0.03262794287493794,0.007213837440863394,-0.03451601391988411
2023-01-31,0.0378118804059836,0.07101851274590133,-0.08657436652171469,0.05789596312400426,0.1418588492465187,,0.12801456631975802,0.1501900594210677,0.13754466388790654,0.01918995638445836,-0.04009935993680219,0.07965429340784755,0.03404557810999389,0.025111177773799252,0.09882852926694581,-0.01770819495267043,0.1022216577586553
2023-02-28,-0.006052476034689791,-0.03247661742055165,0.1096991946742365,-0.03012200904911243,-0.11811517780002445,,-0.00030258484977001217,-0.04090513856366697,-0.020437509278286452,-0.027591722306669963,-0.053388570778702196,-0.03201282270808131,-0.014861056199255877,-0.06983636897543982,-0.048458656309950686,-0.06447009212053881,-0.05859677227841266
2023-03-31,-0.005116196867699152,0.020346230267361223,-0.10098741541674883,0.01853276082819954,0.11242211098492794,,0.10706881032987348,0.06245676081517121,0.02014096210237787,0.0317211788196492,0.007802549049866777,-0.09932634034587542,0.021665859528181928,0.010689050048781156,0.01954879696211734,0.04533064330242704,0.006586415309487587
2023-04-30,-0.026988194980771894,0.0044191459555036625,-0.011924107059213873,0.00772186662574684,0.039925151112321755,,-0.024942111951180596,0.02330721230247522,-0.003477284097571485,0.03559397998477362,0.02858430031795203,0.030112238183524584,-0.014553025710940562,0.007991400418103778,-0.0027073912415779117,0.02224154106860234,0.003103269414571272
2023-05-31,0.030300082766767367,-0.02232107814477112,0.05350958784557706,-0.018656553763256412,-0.055854193010260955,0.0,0.11924956660926232,0.0018796651643854662,-0.012267046587442765,-0.08181252404545736,-0.03244432527241977,-0.04107057705517701,-0.041440963401336336,-0.08659032719190773,-0.08403935297850354,-0.0732605474623536,-0.04513083279589819
2023-06-30,0.0026437321602298613,0.0464731136797012,0.05132545423095092,0.037237582857608746,-0.05467262069999035,0.0,0.06386909521041799,0.03918891728389433,0.11923044781022618,0.04333984455077053,0.03854337482251689,0.06753619520812514,0.09563821346045927,0.07628732066125206,0.10218992380340516,0.017288350791257186,0.04694868847848363
2023-07-31,0.03372698934465905,0.031521752722893356,0.03011031046600802,0.024860796000556816,0.04169475336228046,0.0,0.05342713504763688,0.019912771064995644,0.022476015421214728,0.011211684739816041,0.024891261088467804,0.06766923819752195,0.033654371695748926,0.10146607894198038,0.028153268495361324,0.022962919134712743,0.00824610556920502
2023-08-31,-0.023804748008358145,-0.02573124324056695,0.031810732115459706,-0.021786205150192892,-0.03938014551581226,0.0,-0.01253720094119669,-0.006104574991034908,-0.020847037461166396,-0.035993523849203644,-0.014265148525828672,-0.05278607500651961,-0.032529901988855844,0.011678944292021176,-0.04987084406815342,-0.059153507937302105,-0.040381469707438986
2023-09-30,0.017791534018592393,-0.03780183752964907,0.10772323665194021,-0.037392898464366,-0.10416674988226338,0.0,-0.055927900321228345,-0.03336496904220487,-0.04565810440446833,-0.043273729391107275,-0.024269137159016962,-0.029342619909493363,-0.05884440277961666,0.019423089697453887,-0.04373078198911749,-0.05633261322429498,-0.06339943989247497
2023-10-31,-0.01936130728815897,-0.02133938971433206,0.05921606811189554,-0.024983490227328764,0.018004451760405882,0.0,-0.008899535144438028,0.02064234027409695,-0.0581674640442924,-0.014845461425115296,-0.031337065153405605,-0.03461672701362325,-0.01455040063791618,-0.037015964413986024,-0.026386300465365244,0.004476381395540249,-0.011867138937485117
2023-11-30,0.01687280974908738,0.07178305839121096,-0.10539805978826193,0.07044972173029555,0.12910346528897,0.0,0.1607597332994213,0.08416226255713125,0.08835593647786678,0.051280568783186535,0.042415063820391063,0.14042841539309034,0.07954894338525623,0.010580656766355279,0.057026145194897536,0.05312472159448404,0.14189312487055025
2023-12-31,0.04638740609008081,0.05624911432978133,-0.10923186155649393,0.05103424264170583,-0.016329299383022855,0.0,0.06612280134854784,0.031148983731746988,0.0786251501962268,0.03438652131290223,0.045784581397373174,0.08520403201523911,0.06844228995232475,0.0019182367664060894,0.04887693851780255,0.014483544977644655,0.078054181381252
2024-01-31,0.030313682180505407,-0.0068626289409596045,0.028610367231301614,-0.007841605577851324,-0.032536512517509775,0.0,0.04553995096402203,0.07691319121414303,-0.02071589506389787,0.011175809591716601,0.028488149163544547,0.01711728641559452,-0.01544361488499819,-9.714353750126526e-05,-0.05500719195977092,-0.02767167425205963,-0.04524530984480141
2024-02-29,0.024818296468740807,0.04081649913127095,0.06923000365927656,0.021762921579596646,-0.08030196444537951,0.0,0.0459563048260663,0.039501566129777635,0.059250195079200846,0.035603766995792936,0.043857382392475344,0.03482645485842767,0.03598665505537227,0.022458521271973387,0.03604209153291454,0.010916788303928615,0.03332359557527732
2024-03-31,0.014900800422879956,0.034992585882348354,-0.00887196637915936,0.029047521815763602,0.14626861510582434,0.0,0.01514574861919655,0.03549181275528439,0.004513679199020811,0.04048401549823785,0.029042276897584356,0.058125385503652746,0.04695985908575309,0.10979919762404541,0.089090501828,0.05755724279252905,0.0053216389737097
2024-04-30,-0.0007366937316872768,-0.038124565017366135,0.11157322965441015,-0.029950136830572183,0.12695312658343805,0.0,-0.07210669109077528,-0.04972169299896216,-0.04886017610495314,-0.003913387793802812,-0.05636955813119428,-0.029572962853322796,-0.03195382888600394,-0.02734033305615661,0.0035223151672518294,0.01735687696414428,-0.09824878561497255
2024-05-31,0.0028278190829824634,0.039406188238060344,-0.035600814037390315,0.030945267625609067,0.06359275544147613,0.0,0.03240215970710963,0.0608003895191007,0.00395960124339458,0.013788070927449513,0.006127479083603512,0.036284285281117934,0.009645366119673681,-0.007167699085520207,0.04135771654898585,0.08210911745945067,0.07666387941739213
2024-06-30,0.0114938387314359,0.00017908965616584207,-0.03802503366824709,0.0042217356906863145,-0.046220589109077226,0.0,0.09089386086709698,0.022746236046344265,0.01852782389221035,-0.009401963232342991,0.015012668764003312,-0.009663184723865155,0.002713319832680631,0.0015865924101302498,-0.02581394456075587,-0.05364547439259334,0.008885086958749885
2024-07-31,0.09279568211200533,0.03537783211946856,-0.053140407957767755,0.03047504177266974,0.09007974515763606,0.0,-0.02194311249280511,-0.014915890974706456,0.007169306693596056,0.026797561298089714,0.048966144881036525,0.0628148839877315,0.05105038762078699,0.01700949378467952,0.029739508593670156,0.0832068660769431,0.07834949732680152
2024-08-31,-0.010502923319969026,0.009681470451786928,-0.053011367537134424,0.017265920183439636,0.021966720038817167,,-9.943712590282079e-05,0.031072599892315284,0.051670991456187525,0.05603760561959894,0.04071857815889273,0.024079613575962194,0.023620052538290255,-0.010611760977937413,0.04143904536316886,0.043827815692459825,0.06739900638785382
2024-09-30,0.03727938301196367,0.022288770252982967,-0.02659761676178496,0.016358395209482405,0.06345927580938038,,0.03473118935731162,0.05820707366462394,0.05010268727023646,0.010104177817416893,-0.00440374628979986,-0.005603275572741964,0.00716212463819829,-0.03742551933647411,0.037222384587734005,0.03605165333097081,0.04335004344158233
2024-10-31,0.06818890983578366,-0.014799317187988492,0.12345544016900216,-0.01902917569690953,0.057266649832607985,,-0.01669052843880337,0.026803467262506972,-0.0036626673919535613,-0.04574476221769035,-0.05097738871500084,0.03866703095782966,-0.012624404487509129,0.006338536009272522,-0.048134871463124514,-0.013521170127690354,-0.044140918466177445
2024-11-30,-0.02271255014730289,0.04266216697103605,-0.02424399170256712,0.03336709658711618,-0.07099187312235311,,0.07287728412788233,0.07160736430394313,0.10469409057159433,0.025622828825734564,0.008294399972949895,0.10599345390964016,0.06166271571579199,0.07721771068018007,-0.008412498693714696,0.024447799069334697,0.029931557685232965
2024-12-31,0.025469901272520246,-0.03818508593268906,0.09029622537605404,-0.03432182025176349,-0.00833743524834163,0.0,-0.0351928516587017,-0.03161319514618882,-0.032356199117976,-0.04239866220059993,-0.071473036654416,-0.04811906054588261,-0.06829539400454787,-0.08532313137740308,-0.10039323920407874,-0.07285366859643834,-0.08960262628253629
2025-01-31,0.01264092222542037,0.028658158845060865,0.00037125793123723067,0.02641529724889754,0.15677549737279373,0.0,0.018182880569350333,0.047968666347977654,0.03080910811044758,0.027831102035662473,0.07480215397451574,0.06958386565337302,0.040423747250799585,0.015417681909469983,0.07258240232581321,0.0234446048145294,0.025835655613092284
2025-02-28,0.014100440551854398,-0.0031247360639334826,-0.07089276672763194,0.0011920025627864398,0.04360845743347053,0.0,-0.0007148623517672151,0.03641516826141135,-0.023429141794153868,0.04174100335933455,0.021354812977807336,0.0040114430746207375,0.000871097701360853,0.04284035795201492,0.00806625939132864,0.03191466546301393,0.05829261385198081
2025-03-31,-0.02330263865938198,-0.018952820757540567,0.004617561759608739,-0.019529537589672904,0.23473974594789926,0.0,-0.07947793390223425,-0.038449436369151685,-0.0771759697725818,-0.02287679866863038,-0.004861706377837426,-0.05321588442548248,-0.027285673732964866,0.022290507544407402,-0.0063385191100603045,0.02026081280733833,-0.010613891677504747
2025-04-30,0.010803388825056316,-0.0036609608165946096,-0.019835329125268048,0.001253312414849219,-0.005308498729310607,0.0,0.00914832189843178,-0.005939141287268038,-0.011829710086636127,-0.006359947829897451,-0.04555049673077298,-0.02075717626039082,-0.02496605681303302,-0.12899691459476043,-0.028853008346669946,-0.005269551071839161,-0.002696491337240342
2025-05-31,5.9555413615219875e-05,0.03284443339499331,0.056899728014535876,0.030850744535317276,0.05680385314317071,0.0,0.11201549276204441,0.07087893191485191,0.06768038812498962,0.02326750433338193,-0.06116328086448291,0.06880988756749444,0.0811520444725091,0.03497068905140345,0.03741978561794303,0.005247723566805362,0.007939952707707629
2025-06-30,0.022406046105751497,0.03658832987751904,-0.039598156845333486,0.032338461207460596,-0.0025276708181064533,0.0,0.11717568836564421,0.052576535025337434,0.023284789880497408,0.01133229417089447,0.02183177225642302,0.05246378258691365,0.023579100765691665,0.05014998749456519,0.03945988384436826,-0.0033277669191006548,-0.009598396246020269
2025-07-31,0.015134929405991326,0.011173829358077387,0.032200277662383904,0.004991356250618409,-0.019638832903415726,0.0,-0.017241291574224115,-0.016986249146661095,0.01111858947031144,-0.0068558231123646155,-0.05838235493244096,0.005114174523286944,0.01623361616573537,0.01941240265013212,-0.025114448018731115,0.04584054257545039,-0.004129938966070654
2025-08-31,0.011102978965407684,0.02508379604882844,-0.03002303461678531,0.02715530596697967,0.2158320191938714,0.0,0.02307090087925322,0.035811741371916256,0.0591901886136142,0.012677408665700683,0.0872029669709772,0.04389064927782255,0.009067488202681743,0.04446162660875269,0.07457327573093367,0.003955571874611184,0.03208740816536185
2025-09-30,0.03993839221817388,0.028722466015708294,-0.015797551163869716,0.023617688755340305,0.21711385866873245,0.0,0.07486964631745212,-0.008767916870224032,0.013515282413349391,-0.01917923213946069,0.015742439716307257,0.004844951229200902,0.025831943662304093,-0.00105023007774937,-0.03149462337167652,0.03591200191782302,0.010935439735960159
2025-10-31,0.03673053606023315,0.010154045316763066,-0.009484102151237775,0.008647699030302169,0.003493484086346532,0.0,0.09375613238537235,-0.058139189836930436,0.002808624369061624,-0.017713674705501205,0.0262203283084582,-0.006535602460405763,0.001862734506014078,-0.03057161430955795,-0.04452866866078058,0.02246950528694653,-0.011365749478205636
2025-11-30,-0.012925030679040227,0.007097079530675147,-0.017676811378229778,0.012560638145844592,0.14780340381907453,0.0,-0.05183525411186011,0.008956168430520176,0.025072908165275114,0.0280448259495842,0.08212909011096327,0.016978681250444994,0.0020443449992987232,0.016352754896204125,0.05681087435960398,0.03108628775463529,0.019344197085248135
2025-12-31,-0.018316504104007293,0.00329136089169268,0.03591594323293893,0.0030763260228032076,0.1318284534863119,0.0,-0.002057160609566394,0.000305789128418818,0.013485718500399943,-1.2936492332501794e-05,0.004738180743175359,0.05835189197880429,0.031057816919790985,-0.008953773170326262,0.029234972918427027,-0.06105393257457729,-0.022871222474648054
2026-01-31,0.05200894443880686,0.038323480635208365,0.015166185915312047,0.02504139117719298,0.0816156201081053,0.0,-0.017781473445590744,0.03406845102403176,0.025331341998260315,0.08888521711898732,-0.019509741986792475,-0.0089433955916334,0.08939724255412913,0.13154973773023768,0.11936150256626668,0.03328153296139332,0.036824396320493044
2026-02-28,0.021027853883590696,0.019031023116254927,-0.06330051542243609,0.025866882053462097,0.25952898142724523,0.0,-0.08060935918252037,0.03268515320971621,-0.0033200592013365358,0.07220763057608087,0.0328915434302308,-0.040918261837869285,0.0794182827092721,0.1019366989264052,0.10479664070012526,0.09402833970969549,0.09595174508969481
2026-03-31,0.013488121156777133,-0.03139292581418227,0.0890219286244609,-0.045915039224755816,-0.23692953797119864,0.0,-0.03579494582759559,-0.04432394119632385,-0.07736141348411184,-0.08416911571803656,-0.06565066708352722,-0.030225109435502946,-0.08506185181620227,0.11814991851573775,-0.0002701111391577423,-0.006177453392361373,-0.06897738721462228
2026-04-30,0.023819680335728323,0.06491766201576576,0.019241654405769044,0.0523831622914872,0.03256493883901279,0.0,0.2066806534473504,0.027910209773217676,0.03671415389030185,0.04311986204659748,0.037062605106495075,0.05925783418729386,0.041392882593491935,-0.015543244999543116,-0.0026934410660469483,0.00736112542903522,0.08783951449189961
2026-05-31,0.022508623694455387,0.019626651306893866,0.015624664391631645,0.019560113153511523,0.0037493806555224385,0.0,0.27485926097206254,-0.031100792207903863,0.04460263850428118,-0.004689054110793082,0.0190247600804694,-0.00916793447793484,0.0039264490109344186,-0.04598164275403582,-0.02280160138203949,-0.04107323943888451,-0.0035729431255183963
2026-06-30,0.01923380667362944,-0.004867552253347008,-0.005722542524382275,0.0023761940410242125,-0.1900388962563837,0.0,-0.06337264860272646,-0.0980178283173805,-0.02884160013484895,-0.0066994114546956585,0.047840906446909706,0.05075366166506891,0.0349288721600345,-0.04806947622589345,-0.015395953089014012,0.03802140164258578,-0.00877639088360957
2026-07-31,0.019793500054839062,-0.0044304904343306205,0.02722396242721703,-0.005401848162170324,-0.07590316474727188,0.0,-0.028692613265236377,0.04274259259569671,-0.001941377287294303,0.029956840234462042,0.01888634328956926,0.05299745491428902,0.01365968194806794,0.09739734543451303,-0.0002672255240064393,-0.0016429803759362902,0.040413788085711444
