Date,US Total Market,US Large Cap,US Small Cap,US Small Value,Intl Developed,World ex-US,Emerging Markets,Long Treasuries,Interm Treasuries,Short Treasuries,TIPS,US Aggregate Bonds,Corporate Bonds,High Yield,Municipal Bonds,Commodities,US REIT,Silver,PM Equity,Gold
1972-01-31,,,,,,,,,,,,,,,,,,,,0.08070000000000001
1972-02-29,,,,,,,,,,,,,,,,,,,,0.0223
1972-03-31,,,,,,,,,,,,,,,,,,,,0.0037
1972-04-30,,,,,,,,,,,,,,,,,,,,0.0252
1972-05-31,,,,,,,,,,,,,,,,,,,,0.1986
1972-06-30,,,,,,,,,,,,,,,,,,,,0.0875
1972-07-31,,,,,,,,,,,,,,,,,,,,0.0565
1972-08-31,,,,,,,,,,,,,,,,,,,,-0.0208
1972-09-30,,,,,,,,,,,,,,,,,,,,-0.0401
1972-10-31,,,,,,,,,,,,,,,,,,,,0.003
1972-11-30,,,,,,,,,,,,,,,,,,,,-0.0123
1972-12-31,,,,,,,,,,,,,,,,,,,,0.0204
1973-01-31,,,,,,,,,,,,,,,,,,,,0.0169
1973-02-28,,,,,,,,,,,,,,,,,,,,0.2879
1973-03-31,,,,,,,,,,,,,,,,,,,,0.0588
1973-04-30,,,,,,,,,,,,,,,,,,,,0.008100000000000001
1973-05-31,,,,,,,,,,,,,,,,,,,,0.2647
1973-06-30,,,,,,,,,,,,,,,,,,,,0.0741
1973-07-31,,,,,,,,,,,,,,,,,,,,-0.0621
1973-08-31,,,,,,,,,,,,,,,,,,,,-0.1047
1973-09-30,,,,,,,,,,,,,,,,,,,,-0.0338
1973-10-31,,,,,,,,,,,,,,,,,,,,-0.02
1973-11-30,,,,,,,,,,,,,,,,,,,,0.030600000000000002
1973-12-31,,,,,,,,,,,,,,,,,,,,0.1114
1974-01-31,,,,,,,,,,,,,,,,,,,,0.1804
1974-02-28,,,,,,,,,,,,,,,,,,,,0.22640000000000002
1974-03-31,,,,,,,,,,,,,,,,,,,,0.0646
1974-04-30,,,,,,,,,,,,,,,,,,,,-0.0217
1974-05-31,,,,,,,,,,,,,,,,,,,,-0.0739
1974-06-30,,,,,,,,,,,,,,,,,,,,-0.0797
1974-07-31,,,,,,,,,,,,,,,,,,,,0.0815
1974-08-31,,,,,,,,,,,,,,,,,,,,0.0
1974-09-30,,,,,,,,,,,,,,,,,,,,-0.0304
1974-10-31,,,,,,,,,,,,,,,,,,,,0.1041
1974-11-30,,,,,,,,,,,,,,,,,,,,0.1018
1974-12-31,,,,,,,,,,,,,,,,,,,,0.013600000000000001
1975-01-31,,,,,,,,,,,,,,,,,,,,-0.0574
1975-02-28,,,,,,,,,,,,,,,,,,,,0.0338
1975-03-31,,,,,,,,,,,,,,,,,,,,-0.0248
1975-04-30,,,,,,,,,,,,,,,,,,,,-0.057800000000000004
1975-05-31,,,,,,,,,,,,,,,,,,,,-0.0
1975-06-30,,,,,,,,,,,,,,,,,,,,-0.0045000000000000005
1975-07-31,,,,,,,,,,,,,,,,,,,,0.0027
1975-08-31,,,,,,,,,,,,,,,,,,,,-0.0414
1975-09-30,,,,,,,,,,,,,,,,,,,,-0.1161
1975-10-31,,,,,,,,,,,,,,,,,,,,0.011699999999999999
1975-11-30,,,,,,,,,,,,,,,,,,,,-0.0332
1975-12-31,,,,,,,,,,,,,,,,,,,,0.0152
1976-01-31,,,,,,,,,,,,,,,,,,,,-0.0863
1976-02-29,,,,,,,,,,,,,,,,,,,,0.032400000000000005
1976-03-31,,,,,,,,,,,,,,,,,,,,-0.0204
1976-04-30,,,,,,,,,,,,,,,,,,,,-0.009300000000000001
1976-05-31,,,,,,,,,,,,,,,,,,,,-0.0226
1976-06-30,,,,,,,,,,,,,,,,,,,,-0.013500000000000002
1976-07-31,,,,,,,,,,,,,,,,,,,,-0.0913
1976-08-31,,,,,,,,,,,,,,,,,,,,-0.0756
1976-09-30,,,,,,,,,,,,,,,,,,,,0.11539999999999999
1976-10-31,,,,,,,,,,,,,,,,,,,,0.0616
1976-11-30,,,,,,,,,,,,,,,,,,,,0.057699999999999994
1976-12-31,,,,,,,,,,,,,,,,,,,,0.0326
1977-01-31,,,,,,,,,,,,,,,,,,,,-0.016399999999999998
1977-02-28,,,,,,,,,,,,,,,,,,,,0.079
1977-03-31,,,,,,,,,,,,,,,,,,,,0.0431
1977-04-30,,,,,,,,,,,,,,,,,,,,-0.0111
1977-05-31,,,,,,,,,,,,,,,,,,,,-0.0292
1977-06-30,,,,,,,,,,,,,,,,,,,,0.0003
1977-07-31,,,,,,,,,,,,,,,,,,,,0.0077
1977-08-31,,,,,,,,,,,,,,,,,,,,0.0132
1977-09-30,,,,,,,,,,,,,,,,,,,,0.055099999999999996
1977-10-31,,,,,,,,,,,,,,,,,,,,0.0484
1977-11-30,,,,,,,,,,,,,,,,,,,,-0.009000000000000001
1977-12-31,,,,,,,,,,,,,,,,,,,,0.030600000000000002
1978-01-31,,,,,,,,,,,,,,,,,,,,0.0655
1978-02-28,,,,,,,,,,,,,,,,,,,,0.037000000000000005
1978-03-31,,,,,,,,,,,,,,,,,,,,-0.0036
1978-04-30,,,,,,,,,,,,,,,,,,,,-0.0592
1978-05-31,,,,,,,,,,,,,,,,,,,,0.07780000000000001
1978-06-30,,,,,,,,,,,,,,,,,,,,-0.006
1978-07-31,,,,,,,,,,,,,,,,,,,,0.094
1978-08-31,,,,,,,,,,,,,,,,,,,,0.042199999999999994
1978-09-30,,,,,,,,,,,,,,,,,,,,0.04019999999999999
1978-10-31,,,,,,,,,,,,,,,,,,,,0.1175
1978-11-30,,,,,,,,,,,,,,,,,,,,-0.2028
1978-12-31,,,,,,,,,,,,,,,,,,,,0.1686
1979-01-31,,,,,,,,,,,,,,,,,,,,0.0341
1979-02-28,,,,,,,,,,,,,,,,,,,,0.0753
1979-03-31,,,,,,,,,,,,,,,,,,,,-0.0446
1979-04-30,,,,,,,,,,,,,,,,,,,,0.0217
1979-05-31,,,,,,,,,,,,,,,,,,,,0.11939999999999999
1979-06-30,,,,,,,,,,,,,,,,,,,,0.0106
1979-07-31,,,,,,,,,,,,,,,,,,,,0.0683
1979-08-31,,,,,,,,,,,,,,,,,,,,0.0629
1979-09-30,,,,,,,,,,,,,,,,,,,,0.2607
1979-10-31,,,,,,,,,,,,,,,,,,,,-0.0384
1979-11-30,,,,,,,,,,,,,,,,,,,,0.08810000000000001
1979-12-31,,,,,,,,,,,,,,,,,,,,0.2318
1980-01-31,,,,,,,,,,,,,,,,,,,,0.2754
1980-02-29,,,,,,,,,,,,,,,,,,,,-0.0245
1980-03-31,,,,,,,,,,,,,,,,,,,,-0.2237
1980-04-30,,,,,,,,,,,,,,,,,,,,0.0475
1980-05-31,,,,,,,,,,,,,,,,,,,,0.0338
1980-06-30,,,,,,,,,,,,,,,,,,,,0.22039999999999998
1980-07-31,,,,,,,,,,,,,,,,,,,,-0.0601
1980-08-31,,,,,,,,,,,,,,,,,,,,0.0277
1980-09-30,,,,,,,,,,,,,,,,,,,,0.0562
1980-10-31,,,,,,,,,,,,,,,,,,,,-0.056600000000000004
1980-11-30,,,,,,,,,,,,,,,,,,,,-0.0147
1980-12-31,,,,,,,,,,,,,,,,,,,,-0.0484
1981-01-31,,,,,,,,,,,,,,,,,,,,-0.1412
1981-02-28,,,,,,,,,,,,,,,,,,,,-0.0346
1981-03-31,,,,,,,,,,,,,,,,,,,,0.0506
1981-04-30,,,,,,,,,,,,,,,,,,,,-0.0603
1981-05-31,,,,,,,,,,,,,,,,,,,,-0.0073
1981-06-30,,,,,,,,,,,,,,,,,,,,-0.11109999999999999
1981-07-31,,,,,,,,,,,,,,,,,,,,-0.046900000000000004
1981-08-31,,,,,,,,,,,,,,,,,,,,0.046799999999999994
1981-09-30,,,,,,,,,,,,,,,,,,,,0.0088
1981-10-31,,,,,,,,,,,,,,,,,,,,-0.0040999999999999995
1981-11-30,,,,,,,,,,,,,,,,,,,,-0.029300000000000003
1981-12-31,,,,,,,,,,,,,,,,,,,,-0.040999999999999995
1982-01-31,,,,,,,,,,,,,,,,,,,,-0.0264
1982-02-28,,,,,,,,,,,,,,,,,,,,-0.063
1982-03-31,,,,,,,,,,,,,,,,,,,,-0.1175
1982-04-30,,,,,,,,,,,,,,,,,,,,0.12890000000000001
1982-05-31,,,,,,,,,,,,,,,,,,,,-0.09970000000000001
1982-06-30,,,,,,,,,,,,,,,,,,,,-0.023799999999999998
1982-07-31,,,,,,,,,,,,,,,,,,,,0.08
1982-08-31,,,,,,,,,,,,,,,,,,,,0.20010000000000003
1982-09-30,,,,,,,,,,,,,,,,,,,,-0.0352
1982-10-31,,,,,,,,,,,,,,,,,,,,0.0661
1982-11-30,,,,,,,,,,,,,,,,,,,,0.0301
1982-12-31,,,,,,,,,,,,,,,,,,,,0.0479
1983-01-31,,,,,,,,,,,,,,,,,,,,0.0932
1983-02-28,,,,,,,,,,,,,,,,,,,,-0.1822
1983-03-31,,,,,,,,,,,,,,,,,,,,0.015300000000000001
1983-04-30,,,,,,,,,,,,,,,,,,,,0.035
1983-05-31,,,,,,,,,,,,,,,,,,,,0.0192
1983-06-30,,,,,,,,,,,,,,,,,,,,-0.049100000000000005
1983-07-31,,,,,,,,,,,,,,,,,,,,0.0144
1983-08-31,,,,,,,,,,,,,,,,,,,,-0.0184
1983-09-30,,,,,,,,,,,,,,,,,,,,-0.0223
1983-10-31,,,,,,,,,,,,,,,,,,,,-0.056799999999999996
1983-11-30,,,,,,,,,,,,,,,,,,,,0.0602
1983-12-31,,,,,,,,,,,,,,,,,,,,-0.0558
1984-01-31,,,,,,,,,,,,,,,,,,,,-0.0226
1984-02-29,,,,,,,,,,,,,,,,,,,,0.0548
1984-03-31,,,,,,,,,,,,,,,,,,,,-0.0146
1984-04-30,,,,,,,,,,,,,,,,,,,,-0.0327
1984-05-31,,,,,,,,,,,,,,,,,,,,0.0225
1984-06-30,,,,,,,,,,,,,,,,,,,,-0.0291
1984-07-31,,,,,,,,,,,,,,,,,,,,-0.0823
1984-08-31,,,,,,,,,,,,,,,,,,,,0.0172
1984-09-30,,,,,,,,,,,,,,,,,,,,-0.0129
1984-10-31,,,,,,,,,,,,,,,,,,,,-0.0298
1984-11-30,,,,,,,,,,,,,,,,,,,,-0.013500000000000002
1984-12-31,,,,,,,,,,,,,,,,,,,,-0.0629
1985-01-31,,,,,,,,,,,,,,,,,,,,-0.0054
1985-02-28,0.0138102407732498,0.0138102407732498,0.0316457032309329,,-0.0438906277765263,,,,,,,,,,,,,,-0.085397901739191,-0.0616
1985-03-31,5.211127394777471e-05,5.211127394777471e-05,-0.0498465280714586,,0.0583588274160964,,,,,,,,,,,,,,0.1470587550332678,0.1442
1985-04-30,-0.00284260775964,-0.00284260775964,-0.0072638548616195,,0.0247647716230525,,,,,,,,,,,,,,-0.0606060151317083,-0.024
1985-05-31,0.0603328375607992,0.0603328375607992,0.0439024721284651,,0.0636744437583927,,,,,,,,,,,,,,0.014695877437598,-0.0229
1985-06-30,0.0143583400173197,0.0143583400173197,0.0023363910788076,,0.0025415859557254,,,,,,,,,,,,,,-0.0222222757289882,0.011899999999999999
1985-07-31,-0.002225455360885,-0.002225455360885,0.0015536089724002,,0.0958415017995142,,,,,,,,,,,,,,-0.0757573834623097,0.030699999999999998
1985-08-31,-0.0066936116328966,-0.0066936116328966,-0.0085331869751088,,0.0102308733012483,,,,,,,,,,,,,,-0.2015601033448953,0.0176
1985-09-30,-0.0314082762381997,-0.0314082762381997,-0.0860721785025615,,0.0405467681682667,,,,,,,,,,,,,,0.0588240541169953,-0.0225
1985-10-31,0.0439651053818579,0.0439651053818579,0.0402397545141715,,0.0485804664503346,,,,,,,,,,,,,,-0.0718956597398257,-0.002
1985-11-30,0.0694451074290838,0.0694451074290838,0.0609049431396413,,0.0108307219915655,,,,,,,,,,,,,,0.0212762289399055,0.0006
1985-12-31,-0.0221288956913284,-0.0221288956913284,0.0519785430916335,,-0.0666056622212181,,,,,,,,,,,,,,-0.0176054491817735,0.0046
1986-01-31,0.0043502598520441,0.0043502598520441,0.04203548172964,,0.0446455554847453,,,,,,,,,,,,,,0.1612897724835631,0.0725
1986-02-28,0.0757898062117696,0.0757898062117696,0.0820954047390729,,0.055744996529907,,,,,,,,,,,,,,-0.1055917842784592,-0.0352
1986-03-31,0.054801344924265,0.054801344924265,0.016349908025111,,0.0816494895591903,,,,,,,,,,,,,,-0.0069933242607297,0.0173
1986-04-30,-0.0134514787954934,-0.0134514787954934,0.0205920173054978,,0.062636487978634,,,,,,,,,,,,,,0.0316907367975456,0.0051
1986-05-31,0.0545386466368724,0.0545386466368724,0.0510719275749376,,-0.0125581386386695,,,,,,,,,,,,,,-0.0208529630456978,-0.0074
1986-06-30,0.0166822718701427,0.0166822718701427,-0.0035991921969946,,0.0322523563410928,,,0.0321831498262625,,,,,,,,,,,-0.1024737560612611,0.0103
1986-07-31,-0.0574255798908621,-0.0574255798908621,-0.1149910053539481,,-0.0027830930854371,,,-0.0077585404082762,,,,,,,,,,,0.0,0.031
1986-08-31,0.0745061361961143,0.0745061361961143,0.0,,0.0593762445734229,,,0.0469749940649741,,,,,,,,,,,0.1105243441991163,0.0761
1986-09-30,-0.0830210647946855,-0.0830210647946855,-0.0993192201504058,,-0.0220495139845846,,,-0.0362521567944543,,,,,,,,,,,0.0935254098169546,0.1001
1986-10-31,0.0563266648598341,0.0563266648598341,-0.1049852965084413,,0.0323058933765625,,,0.0162391579588672,,,,,,,,,,,-0.069078600083703,-0.0525
1986-11-30,0.0255354711254187,0.0255354711254187,0.0050631666004219,,0.0461059451062919,,,0.0190523199444188,,,,,,,,,,,0.0801484656121467,-0.0287
1986-12-31,-0.0987879667192602,-0.0987879667192602,-0.0176320400972282,,-0.1095575398856274,,,0.0038138046036872,,,,,,,,,,,0.0204082004896508,-0.0019
1987-01-31,0.1326738835008836,0.1326738835008836,0.1264952168848823,,0.0589903906574553,,,0.0096971428671834,,,,0.0130210614525572,,,,,,,0.0733340602552747,0.0302
1987-02-28,0.0396505116388854,0.0396505116388854,0.08042504893717,,0.0412906941775699,,,0.0108377610799863,,,,0.0054734880949465,,,,,,,0.0907012680647285,0.0134
1987-03-31,0.028499474919053,0.028499474919053,0.0035115988080762,,0.0443373068338477,,,-0.0157428329180062,,,,-0.0064357913412028,,,,,,,0.3631127956553035,0.0373
1987-04-30,-0.0099246071900909,-0.0099246071900909,-0.0167953121130749,,0.0500113035595322,,,-0.047926517400371,,,,-0.031849832381846,,,,,,,0.1099361268739342,0.0766
1987-05-31,0.0103701903593362,0.0103701903593362,0.0298933861549066,,0.0414076705297326,,,-0.0148704316871084,,,,-0.0039702473206852,,,,,,,-0.0882242429697474,-0.005
1987-06-30,0.050228729291545,0.050228729291545,0.0089839162366129,,0.0294610605701568,,,0.0144972058383889,,,,0.014254610877296,,,,,,,-0.0294733294344373,-0.008199999999999999
1987-07-31,0.0491477490432332,0.0491477490432332,0.0356171023950337,,0.0515199480547139,,,-0.0111114591177475,,,,-0.0011016014338309,,,,,,,0.2060733352407664,0.034
1987-08-31,0.0384138337397679,0.0384138337397679,0.0502644109200551,,0.0382777876232141,,,-0.0155397706108422,,,,-0.0076417442147445,,,,,,,-0.0431379974794916,-0.0197
1987-09-30,-0.0228291181844407,-0.0228291181844407,-0.0094461261627991,,-0.0052047446238834,,,-0.0370931969878717,,,,-0.0224514367607974,,,,,,,-0.0839695094970601,0.013500000000000002
1987-10-31,-0.2172694157519381,-0.2172694157519381,-0.3210428714767379,,-0.1773591116010866,,,0.0584864652297869,,,,0.0350298585699624,,,,,,,-0.2333334479582834,0.0202
1987-11-30,-0.081851149563383,-0.081851149563383,-0.0898871992042309,,-0.0038543833893885,,,0.0048442964761317,,,,0.0069911685479322,,,,,,,0.1881058156721471,0.0506
1987-12-31,0.0754514190328066,0.0754514190328066,-0.0072020787171802,,-0.347746849388349,,,0.0160339271357379,,,,0.0163952633359336,,,,,,,-0.0387406263335764,-0.0171
1988-01-31,0.0418291722813874,0.0418291722813874,0.0383426480937723,,-0.0076714634958993,,,0.0466223712230087,,,,0.0309855066738542,,,,,,,-0.0755668187136539,-0.053899999999999997
1988-02-29,0.045901718644731,0.045901718644731,0.0898200387192071,,0.0420677666578759,,,0.0116444947262859,,,,0.0119005703939476,,,,,,,0.0305178975217406,-0.0695
1988-03-31,-0.0303591655789126,-0.0303591655789126,0.049451277216219,,0.0352361851380722,,,-0.0223749523926665,,,,-0.0114068156816615,,,,,,,-0.0403231764739167,0.0723
1988-04-30,0.0101279041879027,0.0101279041879027,0.0331579957604946,,0.0387551848955076,,,-0.0113974065524721,,,,-0.0054719974907373,,,,,,,0.0,-0.0174
1988-05-31,0.0080988413040572,0.0080988413040572,-0.0244932989802124,,-0.0105235055930605,,,-0.0158912970517765,,,,-0.0095863887841788,,,,,,,0.01469418167649,0.014499999999999999
1988-06-30,0.0456404039828917,0.0456404039828917,0.0484851658556819,,-0.0045205110996791,,,0.0409665348416801,,,,0.0268704792232024,,,,,,,-0.0393265632153232,-0.0416
1988-07-31,-0.0036835049244647,-0.0036835049244647,-0.0115609353112153,,-0.0078406555666524,,,-0.018876196181367,,,,-0.0047113647127429,,,,,,,-0.0321632204437727,0.0006
1988-08-31,-0.0340112147370809,-0.0340112147370809,-0.021720628234999,,-0.0352318630211596,,,0.0041081411044889,,,,0.001833503870313,,,,,,,-0.0728041614928348,-0.0207
1988-09-30,0.0425757186014015,0.0425757186014015,0.0213490170599088,,0.0246890573373654,,,0.0387299417926705,,,,0.0219022034476812,,,,,,,0.0033225339345253,-0.0726
1988-10-31,0.0273466182143096,0.0273466182143096,-0.0083612656209526,,0.0426607448379861,,,0.0245477573872214,,,,0.0146675295891907,,,,,,,0.0066225826565591,0.039599999999999996
1988-11-30,-0.0147483378148109,-0.0147483378148109,-0.0480605692442862,,0.0351159620275802,,,-0.0187359716749674,,,,-0.0085128170141269,,,,,,,0.0773233481963751,0.024700000000000003
1988-12-31,0.0175899264289491,0.0175899264289491,0.0653675708518659,,-0.120136919047847,,,0.0130159242927292,,,,0.0046096553841041,,,,,,,-0.0287538383850719,-0.0292
1989-01-31,0.0732152765961162,0.0732152765961162,0.0492896488438179,,0.0275911536620478,,,0.0204538368120001,,,,0.0087602011909215,,,,,,,0.0394737381620471,-0.039599999999999996
1989-02-28,-0.0246825681396133,-0.0246825681396133,-0.0183110328730122,,-0.0058523320526948,,,-0.0169656716444072,,,,-0.0061143403469802,,,,,,,0.0441870515200764,-0.0178
1989-03-31,0.0226339909835107,0.0226339909835107,0.0291965877213589,,-0.028801150405101,,,0.0086821872675051,,,,0.0025901603500435,,,,,,,0.0339508724977575,-0.0098
1989-04-30,0.0518438195875972,0.0518438195875972,0.0425528695524519,,0.0371695588182863,,,0.0259767267437895,,,,0.0198558677374531,,,,,,,-0.0119402524582896,-0.0147
1989-05-31,0.0403577528338106,0.0403577528338106,0.0393047791748313,,-0.0261891238813578,,,0.0311290274345703,,,,0.0254576356511277,,,,,,,-0.0182954367288257,-0.0417
1989-06-30,-0.0059052367903456,-0.0059052367903456,-0.0320001624248043,,-0.0014902638754122,,,0.0608465736344066,,,,0.0293276002412858,,,,,,,0.0125385218765587,0.031
1989-07-31,0.0900609637679934,0.0900609637679934,0.0315554475579031,,0.0994638144261763,,,0.0207529138887621,,,,0.0219141337816588,,,,,,,0.058824074048049,-0.0126
1989-08-31,0.0185894809532345,0.0185894809532345,0.0422431641053118,,-0.00520673753578,,,-0.0289346606189609,,,,-0.0160022458891849,,,,,,,0.0149874907754032,-0.0231
1989-09-30,-0.0039803022423553,-0.0039803022423553,-0.1646202651985563,,0.075609608717462,,,0.0014786211718529,,,,0.0048114732151534,,,,,,,0.0527858610427143,0.018600000000000002
1989-10-31,-0.0233916153364011,-0.0233916153364011,-0.0673397894521958,,-0.0459698677983724,,,0.0388348436213272,,,,0.024695601187159,,,,,,,0.0835651948235656,0.024
1989-11-30,0.020360189271021,0.020360189271021,0.0054149110059809,,0.0337293653623183,,,0.0083454870611894,,,,0.0075463684435734,,,,,,,0.1847544776198408,0.0875
1989-12-31,0.0239670632283728,0.0239670632283728,-0.002376468900323,,0.0503288423137713,,,-0.0004571320498146,,,,0.0074356687837531,,,,,,,-0.0133329933588876,-0.023399999999999997
1990-01-31,-0.0671819388212421,-0.0671819388212421,-0.0831077431583631,,-0.0043170293294676,,,-0.0365383618268574,,,,-0.0188991298825447,,,,,,,0.1441442647098862,0.041299999999999996
1990-02-28,0.0127466727111331,0.0127466727111331,0.019704828986309,,-0.042118405558664,,,-0.0032656104346735,,,,0.0075194287627593,,,,,,,-0.1662154501483473,-0.0177
1990-03-31,0.0260837164081457,0.0260837164081457,0.0483095109618334,,-0.0031022611806708,,,-0.003591135590815,,,,0.000798251274422,,,,,,,-0.0047728456934488,-0.09609999999999999
1990-04-30,-0.0250149434924953,-0.0250149434924953,-0.0341023069207623,,-0.0085946929719246,,,-0.0272269174502144,,,,-0.009025158703977,,,,,,,-0.0791369183799709,-0.002
1990-05-31,0.0969269562355052,0.0969269562355052,0.0706111251959822,,0.0716903395432588,,,0.0449729795104796,,,,0.0286497474375324,,,,,,,0.0231980207825224,-0.0128
1990-06-30,-0.0065550517196076,-0.0065550517196076,0.0026733544380674,,0.0212240451132372,,,0.022939199092252,,,,0.0160806107974582,,,,,,,-0.0594307194228692,-0.029900000000000003
1990-07-31,-0.003506940487264,-0.003506940487264,-0.042665977433113,,0.0402830467242396,,,0.0069666923415014,,,,0.0126900687963966,,,,,,,0.041208415271265,0.0571
1990-08-31,-0.0903220017899083,-0.0903220017899083,-0.1290629760585012,,-0.1099615249551443,,,-0.0424302637977415,,,,-0.0120772396034966,,,,,,,0.0599246608354864,0.0415
1990-09-30,-0.0490441395508064,-0.0490441395508064,-0.0884859979308143,,-0.1147672628244799,,,0.011609256535968,,,,0.0073061874912043,,,,,,,-0.0025251880503794,0.0533
1990-10-31,-0.0040927862771005,-0.0040927862771005,-0.0596489773131019,,0.0772433749199885,,,0.0216720103242431,,,,0.0149632874785781,,,,,,,-0.1012655350398704,-0.0708
1990-11-30,0.0643834760459298,0.0643834760459298,0.0783587651295141,,-0.0309317700219227,,,0.0461343693295288,,,,0.0223473241389913,,,,,,,-0.0385186679933688,0.0141
1990-12-31,0.0269846589659292,0.0269846589659292,0.0287168621764599,,-0.0057527997024843,,,0.0206721212546838,,,,0.0146265706621488,,,,,,,0.1295179105601727,0.0034999999999999996
1991-01-31,0.0435340145517793,0.0435340145517793,0.0858122364463522,,0.0060152722095434,,,0.0108823093998386,,,,0.0112140408104073,,,,,,,-0.1066662029936896,-0.052300000000000006
1991-02-28,0.0711656121246007,0.0711656121246007,0.1138045975259531,,0.0840807203043965,,,0.0050496862466871,,,,0.0078694769681204,,,,,,,0.0990156208125885,-0.009000000000000001
1991-03-31,0.0240351506552987,0.0240351506552987,0.0690626676023917,,-0.0482480120531705,,,0.0028378439027865,,,,0.0069336114376843,,,,,,,-0.0165743522392033,-0.0194
1991-04-30,0.0019708265829589,0.0019708265829589,-0.0044248165210919,,0.0145671076239324,,,0.0128669658603155,,,,0.0099959210984448,,,,,,,0.0196631244365239,0.0059
1991-05-31,0.0427207548141959,0.0427207548141959,0.043556304646023,,0.0075374608776599,,,-0.0014174893497589,,,,0.0067747956393453,,,,,,,0.0784315695290476,0.0074
1991-06-30,-0.0455559840249056,-0.0455559840249056,-0.0553665914848585,,-0.0539314103546759,,,-0.0077720384598786,,,,-0.0005632903742611,,,,,,,0.0909085664077196,0.022099999999999998
1991-07-31,0.0462675823374116,0.0462675823374116,0.0378719812065895,,0.0395587661561307,,,0.0153905669447917,,,,0.0132246796465593,,,,,,,-0.0428572908155124,-0.0149
1991-08-31,0.0233314695113633,0.0233314695113633,0.0408338860369674,,-0.0003653045980559,,,0.034863288010327,,,,0.0204806173287384,,,,,,,-0.1085179216670352,-0.0426
1991-09-30,-0.0166894735580023,-0.0166894735580023,0.0041735472306612,,0.0340809120914997,,,0.0294961835431426,,,,0.0202443111152466,,,,,,,0.0934838914116196,0.0216
1991-10-31,0.0132754171104083,0.0132754171104083,0.0274314764868823,,0.0024974744667638,,,-0.000765398126258,,,,0.0095984449781167,,,,,,,-0.0129530809141995,0.0072
1991-11-30,-0.0401069012917074,-0.0401069012917074,-0.0501613337795026,,-0.034875395020279,,,0.0002570547848588,,,,0.0075187969924812,,,,,,,0.0724149678277663,0.0248
1991-12-31,0.1139291403902664,0.1139291403902664,0.081288731336524,,0.052598711097155,,,0.0626966486228954,,,,0.0305522874005266,,,,,,,-0.067164241544611,-0.0359
1992-01-31,-0.0185698937469843,-0.0185698937469843,0.0795738843716187,,-0.0064792545886495,,,-0.0310715041229369,,,,-0.0135563026385815,,,,,,,0.1066665670066568,0.0027
1992-02-29,0.0124419307667318,0.0124419307667318,0.0349541576758494,,-0.0068841795531224,,,0.0056507526119204,,,,0.0063993971123827,,,,,,,-0.0653518172169934,-0.0028000000000000004
1992-03-31,-0.0192530863340141,-0.0192530863340141,-0.0337736289251152,,-0.0422973908639982,,,-0.0109545469889731,,,,-0.0049708952372372,,,,,,,-0.0598964289026004,-0.0323
1992-04-30,0.0291420757818106,0.0291420757818106,-0.0303956615053447,,0.0107608350186487,,,-0.0006676371513979,,,,0.0071728365401855,,,,,,,-0.0747916204822407,-0.015700000000000002
1992-05-31,0.0048469466683476,0.0048469466683476,0.011755981006319,,0.0513307464049304,,,0.0270615254560115,,,,0.0185476883339512,,,,,,,0.0900570660465762,0.0034000000000000002
1992-06-30,-0.0149157415292306,-0.0149157415292306,-0.0480246900236701,,-0.0125634914643746,,,0.0112487152488165,,,,0.0132000764177007,,,,,,,-0.1111107723681956,0.0175
1992-07-31,0.0404354207687462,0.0404354207687462,0.0358012654841388,,-0.0362294104070735,,,0.0392029439964032,,,,0.0191841279769826,,,,,,,0.0031247954999213,0.0421
1992-08-31,-0.0206774187618066,-0.0206774187618066,-0.024351877621509,,0.0153432513601252,,,0.0080535044083189,,,,0.0098338848081409,,,,,,,-0.068783683133262,-0.0499
1992-09-30,0.0117113509530897,0.0117113509530897,0.0169083043325237,,-0.0286806447130172,,,0.0136076459724991,,,,0.0126763068483921,,,,,,,-0.0610175863990877,0.0265
1992-10-31,0.0032872859268067,0.0032872859268067,0.0316704693151526,,-0.0348744098447819,,,-0.0188143175908982,,,,-0.0121518764755927,,,,,,,-0.0938625999043715,-0.0279
1992-11-30,0.0340216640265276,0.0340216640265276,0.069839054539486,,-0.0097442800766199,,,0.0050298490986819,,,,-0.0001176933280447,,,,,,,0.0481226890107924,-0.0149
1992-12-31,0.0192443377592674,0.0192443377592674,0.0336907239947676,,0.0133908513315577,,,0.0299066735913655,,,,0.0148419959116652,,,,,,,-0.0154438959038136,-0.0039000000000000003
1993-01-31,0.000969925960863,0.000969925960863,0.0376691463575129,,0.006955985843406,,,0.0285679274714054,,,,0.0178583958803193,,,,,,,0.039215043436829,-0.0074
1993-02-28,0.0135588787981459,0.0135588787981459,-0.0184931150075478,,0.0223486351212498,,,0.0321376037382841,,,,0.0198529771811606,,,,,,,0.1055571628905471,-0.0086
1993-03-31,0.0210661817841875,0.0210661817841875,0.0307049531986336,,0.0688154008354908,,,0.0019749244623687,,,,0.0036794195157547,,,,,,,0.1418680418428841,0.0311
1993-04-30,-0.0242402432675861,-0.0242402432675861,-0.0284360897009721,,0.0752606113033613,,,0.0076159638258401,,,,0.0074363510724686,,,,,,,0.1000000828755152,0.048799999999999996
1993-05-31,0.0265309525380217,0.0265309525380217,0.0425085031679619,,0.0221762968792123,,,0.003800574888132,,,,0.001406235806397,,,,,,,0.1105939473291948,0.0653
1993-06-30,0.0026430808064683,0.0026430808064683,0.0026739145625678,,-0.0252681696954375,,,0.0417285657011778,,,,0.0180642520130294,,,,,,,-0.0401003555171112,0.0026
1993-07-31,-0.0042407040781551,-0.0042407040781551,0.009333247897604,,0.0220665439540244,,,0.0139792622948518,,,,0.0060921038230419,,,,,,,0.0391645907886357,0.0616
1993-08-31,0.0378518628261632,0.0378518628261632,0.0422723511714895,,0.0520903581916336,,,0.0399382239360313,,,,0.0169332468539977,,,,,,,-0.0979618984920986,-0.07519999999999999
1993-09-30,-0.0079085649356196,-0.0079085649356196,0.0278834405764298,,-0.0097861527826577,,,0.0032607538975499,,,,0.0039758751916001,,,,,,,-0.047886796913069,-0.0432
1993-10-31,0.0207853272640983,0.0207853272640983,0.0265104954352484,,0.0244226085411627,,,0.0061753030875357,,,,0.0031143874373074,,,,,,,0.0887573164335824,0.0397
1993-11-30,-0.0099549484886367,-0.0099549484886367,-0.0288288252098437,,-0.0534792734868964,,,-0.024780055270096,,,,-0.0096805439222861,,,,,,,0.0048444879640854,0.0034999999999999996
1993-12-31,0.0122407805055919,0.0122407805055919,0.0324995153230307,,0.0721276474607151,,,0.0042945118347821,,,,0.0048955245319606,,,,,,,0.0765030529196495,0.0562
1994-01-31,0.0337662712572812,0.0337662712572812,0.036375065275672,,0.0734536114617205,,,0.0223439893324481,,,,0.0139361468627048,,,,,,,0.0253805804387647,-0.0354
1994-02-28,-0.0271460043623983,-0.0271460043623983,-0.0036939275075943,,-0.0108042945539887,,,-0.0398549156246296,,,,-0.018793799649728,,,,,,,-0.0695403461885105,0.0097
1994-03-31,-0.0438884616164625,-0.0438884616164625,-0.0506800470553375,,-0.0315644481987972,,,-0.0382112773553876,,,,-0.0219751374243638,,,,,,,-0.0672050780923889,0.02
1994-04-30,0.0129007336219959,0.0129007336219959,0.0071611339140669,,0.0304266649849467,,,-0.0128752910438248,,,,-0.0082769607935521,,,,,,,-0.0259362142153853,-0.032799999999999996
1994-05-31,0.0160372164260271,0.0160372164260271,-0.0084034889042354,,-0.0048704439582681,,,-0.0046787684251139,,,,0.0001230855830722,,,,,,,0.035468727178654,0.0296
1994-06-30,-0.0244495348881638,-0.0244495348881638,-0.032594137002139,,0.0108412668314601,,,-0.0081204930188217,,,,-0.0017888575165926,,,,,,,0.0433530151536993,0.0017000000000000001
1994-07-31,0.032767984122854,0.032767984122854,0.01752039848948,,0.0161588263574974,,,0.0294704396245371,,,,0.0185024333130483,,,,,,,0.024930777294577,-0.0109
1994-08-31,0.0407598794406154,0.0407598794406154,0.0549667139141158,,0.0228019523921483,,,-0.006632531264362,,,,0.0015176931294458,,,,,,,0.0820961033749141,0.0046
1994-09-30,-0.0244798814254916,-0.0244798814254916,-0.0031390144673874,,-0.0253220022512449,,,-0.0299393802597963,,,,-0.014428725462903,,,,,,,0.0656568080902881,0.0236
1994-10-31,0.0224662364016823,0.0224662364016823,-0.0037779612654834,,0.0190964965861109,,,-0.0034640219856545,,,,-0.0006124097103497,,,,,,,-0.0900474106382549,-0.0279
1994-11-30,-0.0365463104512771,-0.0365463104512771,-0.0391911440619864,,-0.0490777682290206,,,0.0062683603637714,,,,-0.0017967706901647,,,,,,,-0.081425429508796,-0.002
1994-12-31,0.0145631167250459,0.0145631167250459,0.0255783579706643,,0.0059408737728876,,,0.0162096404386045,,,,0.0081218735585384,,,,,,,0.0286530109716334,0.0004
1995-01-31,0.0258317861823964,0.0258317861823964,-0.0100067742937179,,-0.0349426822842634,,,0.0262616852607695,,,,0.019022131628076,,,,,,,-0.0389972950186149,-0.0218
1995-02-28,0.0387937328967891,0.0387937328967891,0.0363882479757564,,-0.000329347630305,,,0.0273519999600733,,,,0.0217749657438914,,,,,,,0.0142311817455604,0.004
1995-03-31,0.0295394555508565,0.0295394555508565,0.0214564982720368,,0.0378518002028398,,,0.0072423688186196,,,,0.0068062901990719,,,,,,,0.0809246266616172,0.0414
1995-04-30,0.0294118125157649,0.0294118125157649,0.0222784150085924,,0.0405493139682957,,,0.0165543751877224,,,,0.0131490166006265,,,,,,,-0.0614973016531146,-0.005699999999999999
1995-05-31,0.039544721671981,0.039544721671981,0.0186806360126667,,0.0009203460454174,,,0.0752956604742201,,,,0.0395341657706311,,,,,,,0.0117307207366252,-0.013999999999999999
1995-06-30,0.0231041374612532,0.0231041374612532,0.0495105115286742,,-0.008360308454648,,,0.0113144431452076,,,,0.0066492957357267,,,,,,,-0.0199433514682951,0.0072
1995-07-31,0.0330400452749091,0.0330400452749091,0.0582409224576787,,0.054687681912386,,,-0.0138828012074475,,,,-0.0024947807497929,,,,,,,-0.026162791019948,-0.0096
1995-08-31,0.0026491959085841,0.0026491959085841,0.0214639578325019,,-0.0331855197340617,,,0.0206294446370554,,,,0.0118132666766179,,,,,,,0.0356831869325691,-0.0026
1995-09-30,0.0421140336859917,0.0421140336859917,0.017241534038362,,0.009595504868614,,,0.0182072392703558,,,,0.0095123496319555,,,,,,,-0.0145774687365006,0.0043
1995-10-31,-0.0036376795568281,-0.0036376795568281,-0.0434321757924867,,-0.0174364689202759,,,0.0297364233007866,,,,0.0147282608881003,,,,,,,-0.1183431903160819,-0.0034999999999999996
1995-11-30,0.043804024099725,0.043804024099725,0.0393136197431192,,0.0105852012677569,,,0.0232062787792561,,,,0.014406937525685,,,,,,,0.0603178364535401,0.013500000000000002
1995-12-31,0.0193501345021236,0.0193501345021236,0.0283173634399918,,0.0381718432570499,,,0.0272654721757448,,,,0.0144687076374969,,,,,,,-0.0480766609180484,-0.0021
1996-01-31,0.0338546226679061,0.0338546226679061,0.001611912492009,,0.0192866328692791,,,-0.0005157909090369,,,,0.0063506521829121,,,,,,,0.2525242446945204,0.0479
1996-02-29,0.009235275815824,0.009235275815824,0.0343349401460992,,0.0037842984075577,,,-0.0492778052562079,,,,-0.0176150095968947,,,,,,,0.0214487750476555,-0.0121
1996-03-31,0.0097885276215783,0.0097885276215783,0.0187397459626177,,0.0151347246055246,,,-0.0197130486672862,,,,-0.0076145728979379,,,,,,,-0.0106385104948818,-0.010700000000000001
1996-04-30,0.0145629492895695,0.0145629492895695,0.0558969196238616,,0.0261514811972329,,,-0.0178158832823971,,,,-0.0048847244152415,,,,,,,-0.0053762546426158,-0.0127
1996-05-31,0.0254445384864556,0.0254445384864556,0.0393397332490728,,-0.0121356601207389,-0.0087804067994484,,-0.0045756046468229,,,,-0.0017419431886834,,,,,,,-0.0097228166897201,-0.0019
1996-06-30,0.0038278790431394,0.0038278790431394,-0.0383177228018432,,0.0037482522997136,0.0049215863323022,,0.0214596943754339,,,,0.012845131326945,,,,,0.0178981392022132,,-0.1428565683461475,-0.0219
1996-07-31,-0.0442044415561432,-0.0442044415561432,-0.0840621487080776,,-0.0285094450488012,-0.0342807640323969,,-0.0004416420332912,,,,0.0025261721977467,,,,,0.0019571216197953,,0.0448709662814121,0.0086
1996-08-31,0.0209613374816743,0.0209613374816743,0.0594163846100397,,0.0121211562012562,0.0060856612772428,,-0.0129818711886793,,,,-0.0016488765115664,,,,,0.0380859908591659,,-0.0233263594451319,0.003
1996-09-30,0.0560639073190045,0.0560639073190045,0.0375565612314479,,0.0167504505359006,0.025201825917243,,0.0279212898934799,,,,0.0170162298088103,,,,,0.0226745882057441,,-0.0253171191466863,-0.019299999999999998
1996-10-31,0.0275591671497226,0.0275591671497226,-0.0144789520114682,,-0.0003113744157691,-0.0117997020658404,,0.0388346029810486,,,,0.0220991830845553,,,,,0.0259981393863524,,-0.0097394602978135,0.0013
1996-11-30,0.0756362090634978,0.0756362090634978,0.0435848430146617,,0.047381638724699,0.0378108658123923,,0.0325035778493723,,,,0.0175899654093403,,,,,0.0452489527264776,,-0.0057730740164809,-0.0216
1996-12-31,-0.0196803969926685,-0.0196803969926685,0.0243285542381872,,-0.0035476678195663,-0.0107822611306088,,-0.0239076903489385,,,,-0.008514471891172,,,,,0.1131054401078062,,-0.0764118007621992,-0.0055000000000000005
1997-01-31,0.0623186482762547,0.0623186482762547,0.0227386389896195,,-0.020697300121657,-0.0236688768856658,,-0.006444187314646,,,,0.0024926478589806,,,,,0.0015849088501309,,-0.0215830403017643,-0.0643
1997-02-28,0.0078945428076029,0.0078945428076029,-0.0246495996910914,,0.0170559716032123,0.0181822613298499,,-0.00108779390215,,,,0.0011439886673278,,,,,-0.0031646472088419,,0.1084704792192394,0.0379
1997-03-31,-0.0413661791886351,-0.0413661791886351,-0.0473892653498695,,0.0151354873926132,-0.0009925174962891,,-0.0228762244465725,,,,-0.0096923003966173,,,,,0.0038346284314052,,-0.093645643318751,-0.0291
1997-04-30,0.0595553773443451,0.0595553773443451,0.0036536309944124,,-0.0136379618321307,0.0019864030559799,,0.0235280898368188,,,,0.0149070105587294,,,,,-0.0310013870405355,,-0.0627303768314871,-0.023
1997-05-31,0.0608817047542677,0.0608817047542677,0.110764346060441,,0.0582958246194569,0.0654109982701409,,0.0098923786330482,,,,0.0088044279301313,,,,,0.0295321797302379,,0.0249608560316267,0.016
1997-06-30,0.0445080469628218,0.0445080469628218,0.0524343487825131,,0.0649717380516028,0.053953587595795,,0.0178231086179456,,,,0.0116136030417854,,,,,0.0522528972656921,,-0.0465117939845508,-0.032
1997-07-31,0.0796569537904403,0.0796569537904403,0.0542704536363021,,-0.0009944873134001,0.0158873217658259,,0.0533519150769965,,,,0.0281030149176682,,,,,0.0284611076580425,,-0.0203248712744709,-0.0245
1997-08-31,-0.0560909691703952,-0.0560909691703952,0.0223625559685307,,-0.0633920959439786,-0.0860125085529018,,-0.0257203032883085,,,,-0.0085574467454623,,,,,-0.0074794258915387,,0.0075014408035567,-0.0031
1997-09-30,0.0546648663048945,0.0546648663048945,0.0726377015157564,,0.040751161884295,0.0551334699191423,,0.0263706381869728,,,,0.0144957564008818,,,,,0.0924232638158359,,0.0249478204694355,0.0207
1997-10-31,-0.0335021427169741,-0.0335021427169741,-0.0442475607731198,,-0.0619678554468429,-0.0909910782959699,,0.0299696383138765,,,,0.0144730987421091,,,,,-0.0279722415962104,,-0.1399593094567072,-0.0623
1997-11-30,0.0459846637100429,0.0459846637100429,-0.0052334296149835,,-0.0330308047204482,-0.0118931828120176,,0.0127753266752939,,,,0.003308130096191,,,,,0.0172656982336198,,-0.2075897082568073,-0.046900000000000004
1997-12-31,0.0170612526952522,0.0170612526952522,0.0164872185195863,,-0.0418541798903678,0.0095015279809864,,0.0165907558301592,,,,0.0103982834108773,,,,,0.0223544723324029,,-0.0090360451566188,-0.0222
1998-01-31,0.0111023260082492,0.0111023260082492,-0.0159994289263145,,0.0750884625680614,0.0303959907040454,,0.0192172666219374,,,,0.0132195017143481,,,,,-0.0127114506830017,,0.1489360625618614,0.050499999999999996
1998-02-28,0.0719230392853842,0.0719230392853842,0.0748820805649768,,0.0529989216425954,0.068829650369339,,-0.0074738163012375,,,,-0.0009539882020593,,,,,-0.0164522886010418,,-0.0657928585609597,-0.024399999999999998
1998-03-31,0.0510174700447718,0.0510174700447718,0.0414455876908881,,0.0454239962991513,0.0321986063661101,,0.0014587587503998,,,,0.0033025758954268,,,,,0.0255858595227629,,0.0285712826662996,0.0121
1998-04-30,0.0100779475477015,0.0100779475477015,0.005001784463273,,0.0022753907565478,0.0053474575850656,,0.0041469423536319,,,,0.0052114465853656,,,,,-0.0335957391172706,,0.1416669753771264,0.0322
1998-05-31,-0.0174353187648991,-0.0174353187648991,-0.0535985523477533,,-0.0022702251073233,-0.0150707904783234,,0.0184154537192142,,,,0.0102407474962353,,,,,-0.0088756551781989,,-0.1265222936328397,-0.055
1998-06-30,0.0407248037404597,0.0407248037404597,-0.0012132000370795,0.0,-0.0072053666443655,-0.0027003355933226,,0.0235723470355062,,,,0.0081186508919397,,,,,-0.0002300329579344,,-0.1432580348479774,0.0092
1998-07-31,-0.0105406654755436,-0.0105406654755436,-0.0801947118147209,-0.091463718687842,-0.017188607367654,0.0108305885971757,,-0.0050888497482176,,,,0.0022881563677823,,,,,-0.069044380501282,,-0.0327875759166714,-0.025099999999999997
1998-08-31,-0.144735811864174,-0.144735811864174,-0.1928666275317975,-0.1789703060548173,-0.1344732427052307,-0.1366068824121873,,0.0484125366512535,,,,0.0190764953046611,,,,,-0.0920939644255121,,-0.2524731929466586,-0.0535
1998-09-30,0.0641171208391566,0.0641171208391566,0.0752861965141771,0.0544955721203372,-0.0089808436228241,-0.0206830494653758,,0.0329678933426322,,,,0.0197000065609076,,,,,0.0597146482964829,,0.5137610304286542,0.0748
1998-10-31,0.081640975020693,0.081640975020693,0.0421107901297703,0.0439276013201277,0.1295875901010572,0.1077084433507156,,-0.0169531628076482,,,,-0.0055557730553946,,,,,-0.0181035051200748,,-0.0030299097653785,-0.0053
1998-11-30,0.0607159211438537,0.0607159211438537,0.0530674560148183,0.0433172500982512,0.0585642542444426,0.0533845629211593,,0.0089346914795427,,,,0.0048878005572574,,,,,0.0158028309696267,,-0.060857124685465,0.008199999999999999
1998-12-31,0.0580559983627855,0.0580559983627855,0.0619260078862169,0.043525317314548,0.0091575915380583,0.0327226696032127,,-0.0015533311709385,,,,0.0039193832909423,,,,,-0.018040450922794,,-0.1862744221334211,-0.023399999999999997
1999-01-31,0.0420361511328617,0.0420361511328617,0.0122641465197579,-0.0114413311168782,-0.0306897217864479,-0.0062556864827877,,0.0098923679288405,,,,0.0079172855445022,,,,,-0.0243676240554332,,0.0843376109741116,-0.0083
1999-02-28,-0.0312445144942881,-0.0312445144942881,-0.081080996897673,-0.0810191662157228,-0.0119239964910872,-0.0215829722319027,,-0.0475041085544802,,,,-0.0176441026972573,,,,,-0.0157269003704435,,-0.0656444085033152,0.0058
1999-03-31,0.0399294327696841,0.0399294327696841,0.0148070763094687,-0.0037781506964857,0.0611729712133406,0.0496429268439551,,-0.0034119621085428,,,,0.0056858616160411,,,,,-0.0044459497070776,,0.0640002264586361,-0.0265
1999-04-30,0.0385197704521953,0.0385197704521953,0.0887099875377706,0.0876754335512715,0.0761085250157156,0.0508327366067755,,0.0018302760719324,,,,0.0039701962149496,,,,,0.0955111920924245,,0.1428573382182247,0.0256
1999-05-31,-0.02389040133451,-0.02389040133451,0.0166663179111548,0.0397191670664138,-0.0288005995310218,-0.0500420899286543,,-0.0167786019997264,,,,-0.0087290651585559,,,,,0.0209238072636572,,-0.1205583119951153,-0.06280000000000001
1999-06-30,0.055559009130502,0.055559009130502,0.057377261015902,0.0617977313235971,0.0510510237118919,0.0438983725139334,,-0.0104521461156047,,,,-0.0048903574060606,,,,,-0.0186393695102226,,0.0075475476577442,-0.028300000000000002
1999-07-31,-0.031302285452645,-0.031302285452645,-0.0215332989785627,-0.0158726013783547,0.027500256118953,0.0227086093431374,,-0.0057789214078759,,,,-0.0038567477935934,,,,,-0.02912604974168,,-0.0411987382090744,-0.0207
1999-08-31,-0.0049645292934719,-0.0049645292934719,-0.0378518548655611,-0.0419361400963959,-0.0024333411043665,0.003289199383301,,-0.0048410132951286,,,,-0.0008051049195977,,,,,-0.0100004525680711,,0.1382615930544235,-0.0031
1999-09-30,-0.0273965820173922,-0.0273965820173922,-0.0013723409291296,-0.0179568446582573,-0.0101044509296264,0.0081965989328021,,0.0091768161403671,,,,0.0126808490646657,,,,,-0.0411713450000638,,0.1522492412088554,0.17350000000000002
1999-10-31,0.0632643812696942,0.0632643812696942,0.0036640600335138,-0.0240004045558346,0.0168953974870764,0.0373986754266226,,0.0012819601315292,,,,0.0033518934928793,,,,,-0.0224831624346771,,-0.036035880363513,0.0003
1999-11-30,0.0202301649756326,0.0202301649756326,0.0597905415083892,0.0234192602696048,-0.0024229448535435,0.0407522395834645,,-0.0058578825993356,,,,0.0002404195563736,,,,,-0.0149996991889986,,-0.039502486191706,-0.0259
1999-12-31,0.0598919655983865,0.0598919655983865,0.1156174630928923,0.0284567937694599,0.0596804391277803,0.0939698914118658,,-0.0159959693677346,,,,-0.0047477924940046,,,,,0.0319032619361687,,-0.0098037923531896,-0.0038
2000-01-31,-0.0503216472248473,-0.0503216472248473,-0.0169491425364423,-0.0520715690608746,-0.077953269588885,-0.0621940093773485,,0.0125078855082969,,,,-0.0017657006820026,,,,,0.0060917799050994,,-0.075908000176763,-0.0239
2000-02-29,-0.0190629843292376,-0.0190629843292376,0.1650865097779692,0.0461924134442208,-0.0502794440916297,0.0283156223366389,,0.0296224331210586,,,,0.0118371280808597,,,,,-0.0151361879228623,,0.0579597602971568,0.0365
2000-03-31,0.0975991660680337,0.0975991660680337,-0.0668931457342286,0.0380107438153272,0.0767622214274643,0.0348108110513296,,0.0314170370536024,,,,0.0140768848633812,,,,,0.0349371586087543,,-0.0578232729935866,-0.0576
2000-04-30,-0.0300547515283167,-0.0300547515283167,-0.0595527280400439,0.0082838060078564,-0.0095484639677965,-0.054072308719946,,-0.0066042752419664,,,,-0.0048498712102135,,,,,0.0672688047541016,,-0.1119135710772228,-0.0060999999999999995
2000-05-31,-0.0203836796628135,-0.0203836796628135,-0.0577986047946502,-0.0152580789391225,0.0055619113896274,-0.0267260194665875,,-0.0044722580514997,,,,-0.0016296744788734,,,,,0.0103483634224934,,0.0056279055600088,-0.0102
2000-06-30,0.0248526780815101,0.0248526780815101,0.0942718473299806,0.028605483085496,0.0674778627734955,0.042714983375806,,0.0229727269913466,,,,0.0214967561840773,,,,,0.0248504153214772,,0.0530616896872158,0.0584
2000-07-31,-0.014908826813814,-0.014908826813814,-0.0350373575887319,0.0196988381774454,-0.0324698271831295,-0.0446232706057568,,0.0149236151445977,,,0.0079682670053895,0.0088712718994861,,,,,0.0877192668222419,,-0.0503880163971937,-0.039599999999999996
2000-08-31,0.0618992378552907,0.0618992378552907,0.0760364656703493,0.0590907561196465,-0.0185647567577741,0.0099541032911834,,0.020828653046188,,,0.0069169470051904,0.0140553895039008,,,,,-0.0398977552836063,,0.1164686144786433,0.0009
2000-09-30,-0.05289514731266,-0.05289514731266,-0.0297738101689927,-0.0021463165722449,-0.0483813479285198,-0.050038037122026,,-0.0084757378451512,,,-0.0049062406951476,0.0076497490714384,,,,,0.029415326092482,,-0.0110707310360052,-0.0121
2000-10-31,-0.0042979578730467,-0.0042979578730467,-0.0433717098225452,0.0053767758451543,-0.0019110395712661,-0.0303270729431373,,0.0157042761199419,,,0.0128201101497613,0.0056789971078177,,,,,-0.0462879651477219,,-0.1455221343392524,-0.0334
2000-11-30,-0.0787764436728255,-0.0787764436728255,-0.1026513531117981,-0.0641708005307574,-0.0202990362498438,-0.0444444374450421,,0.0299760983475971,,,0.0146057332332394,0.01586414429693,,,,,0.0173994716603733,,0.0282917357623266,0.0174
2000-12-31,0.0051256325077881,0.0051256325077881,0.080112020993579,0.1445216290591489,0.0455918099665577,0.037395978187197,,0.0245316061134199,,,-0.0076775656848537,0.017918801163463,,,,,0.0687236439031127,,0.0515019191533869,0.0199
2001-01-31,0.0354497328738914,0.0354497328738914,0.052469478190033,0.079792412059682,0.0291969198654487,0.010988667933711,,0.0028963366011922,,,0.0203098827239536,0.017621813574596,,,,,0.0043257523039101,,0.0801632798495262,-0.0363
2001-02-28,-0.0913769073038974,-0.0913769073038974,-0.0659822267282361,-0.0412670182994751,-0.0623365880616718,-0.0760869642081105,,0.0180413035295008,,,0.0170612492388153,0.009164899938495,,,,,-0.0172270112892265,,0.1603697691591816,0.0083
2001-03-31,-0.0636139862658359,-0.0636139862658359,-0.0486659085022848,-0.0406482635168093,-0.090343578239221,-0.0714929485379423,,-0.0060430235399958,,,-0.0009319292691216,0.0054744472344199,,,,,0.0081857440772217,,-0.1343833538258593,-0.0337
2001-04-30,0.0777063371911692,0.0777063371911692,0.0775577083039102,0.0602411374767661,0.0788094519023823,0.0789475226787215,,-0.0256338117386343,,,0.0055966849446205,-0.00461568493134,,,,,0.0228469191382367,,0.1649485006319149,0.021099999999999997
2001-05-31,0.0064996296342254,0.0064996296342254,0.0245022946187754,0.0258263601735098,-0.0133930415878121,-0.0352309474448745,,0.0022479999053786,,,0.0111320258027243,0.0074415973909722,,,,,0.0214780723972718,,0.0337740555361176,0.0165
2001-06-30,-0.0244769245660778,-0.0244769245660778,0.0403585763230036,0.0392750011533535,-0.0333196839071366,-0.0383891880943249,,0.0075739332643531,,,-0.000999185131589,0.0052956612127774,,,,,0.0590817554151203,,-0.0289196231156926,0.0116
2001-07-31,-0.0099984124198898,-0.0099984124198898,-0.0517240781016171,-0.0096902281942985,-0.0085110023348023,-0.0243426453617431,,0.0361424882542011,,,0.0158435053526275,0.0223502342852395,,,,,-0.0209681365568131,,-0.1024030096901053,-0.0174
2001-08-31,-0.0627404365542899,-0.0627404365542899,-0.0323228109395635,-0.0156552695196087,-0.0163088140209929,-0.022953983430944,,0.0202791471536532,,,0.002751905885995,0.0110898287154785,,,,,0.0354202569684345,,0.0329323257001719,0.026699999999999998
2001-09-30,-0.0809730432610629,-0.0809730432610629,-0.1346557487488177,-0.1431414456683146,-0.125654285371295,-0.1072523892507354,,0.0088676178659856,,,0.0054795481999563,0.0089837408237576,,,,,-0.0390413500111811,,0.0528408608578396,0.0736
2001-10-31,0.0189513328024606,0.0189513328024606,0.0579013132782502,0.0464038127771506,0.0264470592089087,0.0297486478913642,,0.0513312991124159,,,0.0229992220289947,0.0186773273852172,,,,,-0.0337267167305216,,0.0232055648604665,-0.049
2001-11-30,0.0765377529660493,0.0765377529660493,0.0775368518438821,0.0809316224468572,0.0593097442191861,0.035554757375221,,-0.0506347689884126,,,-0.0233807997521959,-0.013369082403708,,,,,0.0575906192557373,,0.0661770522163518,-0.011699999999999999
2001-12-31,0.0087525563833545,0.0087525563833545,0.0604836185770671,0.073290028319944,0.0263235657372462,0.0136146305755475,,-0.0181021353485647,,,-0.0220997090040727,-0.0066800125695443,,,,,0.0247922497601764,,0.0085735483325664,0.0036
2002-01-31,-0.0147326883910386,-0.0147326883910386,-0.0105952794642082,0.0184646691803576,-0.0267333501200063,-0.0463360379624243,,0.0119969580342726,,,0.0056499430155287,0.0079039342324076,,,,,-0.0024733451180325,,0.0974998398419575,0.021
2002-02-28,-0.0193613314191557,-0.0193613314191557,-0.0270271150031993,-0.0028626559488978,0.0190878784155195,0.0090399816336095,,0.0124549114396561,,,0.0159172624866985,0.0085712115037952,,,,,0.019834674720534,,0.1796422528488359,0.051500000000000004
2002-03-31,0.0374197011831194,0.0374197011831194,0.0801887375377832,0.087323010049104,0.0539057691516235,0.0571101530079769,,-0.0385284343143026,,,-0.0073575366172107,-0.0145810262089332,,,,,0.0624193345025461,,0.1258743723222757,0.015300000000000001
2002-04-30,-0.0607458837869591,-0.0607458837869591,0.0092187869864093,0.0406140174106814,0.0160380809675786,0.004237639094746,,0.0370658349121493,,,0.0288640326592677,0.0170250866404975,,,,,0.0061543455186543,,0.109385499535038,0.0226
2002-05-31,-0.0075438219232889,-0.0075438219232889,-0.0432690073474195,-0.0381614784241797,0.0200514457428355,0.0116033344408146,,0.0036274211346734,,,0.0153840670362792,0.0081292065642331,,,,,0.0129965564949166,,0.1713113755366433,0.059699999999999996
2002-06-30,-0.071397499851623,-0.071397499851623,-0.0457290343157108,-0.0423807841926316,-0.050606765109752,-0.0427528579345133,,0.0175483552453088,,,-0.002673534255461,0.0028764111477714,,,,,0.0281971494566917,,-0.1823998101205398,-0.0248
2002-07-31,-0.0771920057392546,-0.0771920057392546,-0.1500792122976011,-0.161958330605061,-0.0920703256599607,-0.0980391092136586,,0.0293720801207761,,,0.0169797902414265,0.0048847564787872,,,,,-0.0527878366285933,,-0.1262233126042626,-0.0435
2002-08-31,0.0065254799931016,0.0065254799931016,-0.0024775748242367,-0.0011237459473417,-0.0189228155405967,-0.0012077453569309,,0.0428348214692873,0.0252058035050068,0.0043080154112773,0.0360277449668668,0.0166112853956352,0.0363760632462564,,,,0.001570002029559,,0.1180402238036841,0.0268
2002-09-30,-0.1088798300179788,-0.1088798300179788,-0.0720500525979827,-0.0742406694255062,-0.1092977966076134,-0.1088274030383401,,0.0402271005001644,0.0385485910845386,0.0074017931750676,0.0161151145480653,0.0153465576831657,0.0209130980245444,,,,-0.0354834374775719,,0.0828859276237699,0.0348
2002-10-31,0.087828976419847,0.087828976419847,0.0321285021499104,0.0206560411641494,0.0505273400451042,0.056987431945112,,-0.0283764953684363,-0.0125091037100978,0.0024402252768735,-0.0275456127783846,-0.0060517560941858,-0.0061093604031364,,,,-0.0495456347997198,,-0.0718930276082867,-0.021
2002-11-30,0.0615612707443695,0.0615612707443695,0.0992217859385853,0.0702383750607757,0.0332981093756383,0.0440611746470762,,-0.0138882226036488,-0.0208924698876087,-0.0038650667856872,-0.0017169182778706,-0.0015421810608594,0.0071601643959515,,,,0.0460464539282241,,0.0083802575948896,0.0068000000000000005
2002-12-31,-0.0614950861349498,-0.0614950861349498,-0.0649551363701097,-0.0423624239459841,-0.0219630784023138,-0.0263116766109237,,0.0451275343820793,0.0354771659654742,0.0105291632867958,0.0180571685210444,0.0226815557223449,0.0392799276731272,,,,0.0068024702983227,,0.3632730213034107,0.0882
2003-01-31,-0.026247410449957,-0.026247410449957,-0.027458442745361,-0.041079732323247,-0.0403612572641124,-0.031707847877399,,-0.0043079027406458,-0.0076606178131537,-0.0007286245742775,0.0059120781937791,0.000602247759837,-0.0081150196397594,,,,-0.0270261476691034,,-0.0246462396535901,0.058499999999999996
2003-02-28,-0.0151862878474207,-0.0151862878474207,-0.0302036755427163,-0.0367196843829353,-0.026009807241029,-0.0184687175867027,,0.0303972294378835,0.0220386252131483,0.0039207331618058,0.0369437022043017,0.0138547676290008,0.0197985474723594,,,,0.0173606864199944,,-0.0904515341902195,-0.0546
2003-03-31,0.009547264244911,0.009547264244911,0.0121870405665318,-0.0038122475488598,-0.0318183890682953,-0.0193098293642235,,-0.0112349671395803,-0.0037996117002021,0.0017846823771048,-0.0161521005564179,-0.0012116294326506,0.0012087046784472,,,,0.0203748823248957,,-0.0417011402547259,-0.0363
2003-04-30,0.0825350242524325,0.0825350242524325,0.0936451129111677,0.0905617461218157,0.0956574269389527,0.0970455496649822,,0.0090896107204159,0.0013796452100245,0.0016031281566835,-0.0033112854891461,0.0086967610893433,0.0235774865173308,,,,0.0405406940061714,,0.0158500323422994,0.005699999999999999
2003-05-31,0.0526379960255467,0.0526379960255467,0.0954133926657392,0.0760232729816383,0.0594534100983359,0.0615388544018284,0.0912277271602386,0.0567189536359475,0.0379089119226874,0.0036402379151621,0.0473425601256907,0.0182277458722182,0.039053294844112,,,,0.0551946999118169,,0.0224334875352318,0.0732
2003-06-30,0.0126016770308801,0.0126016770308801,0.0200999943726483,0.0173912161989269,0.0404452962724322,0.0265703333902151,0.041974643458885,-0.0148057099462076,-0.0069161516138063,0.0016602445807909,-0.0088889950195282,-0.0012966568051422,-0.0018023308972492,,,,0.0225202342078101,,0.051532001946245,-0.0426
2003-07-31,0.0174410473972834,0.0174410473972834,0.0536398208295447,0.0448718324731352,0.06316801706578,0.0317647573269328,0.0567139077058422,-0.0857568508840646,-0.0502002940686069,-0.0050594345464785,-0.0447155318216815,-0.0333797586569502,-0.0580600673597303,,,,0.0518299814529925,,0.0511263385985332,0.0253
2003-08-31,0.0193253244238955,0.0193253244238955,0.0483116456909276,0.033742325390891,0.0251372334350012,0.0250852727923291,0.0798739962647883,0.0142726206984746,0.0071002604893231,-0.0004636675889415,0.0170209911823213,0.0061237102673175,0.0145066548008889,,,,0.0065213471384728,,0.0974586305573799,0.0588
2003-09-30,-0.0107384567114249,-0.0107384567114249,-0.0163524363388183,-0.0049456201244484,0.0129287376142466,0.0278084372279039,-0.0065051057203135,0.0507449585712715,0.0497544777015939,0.0095553756147854,0.0318302329438913,0.027068682938101,0.0453749529528693,,,,0.0340530980020494,,-0.0216639384777455,0.033
2003-10-31,0.0564129882061441,0.0564129882061441,0.081108042639052,0.0705767025423758,0.080105876935558,0.064934983698409,0.0918117883192424,-0.0257540535559649,-0.014663646717942,-0.0040782606527796,0.0048859906176725,-0.0095838096477697,-0.0126286800762351,,,,0.0162661564102297,,0.0235569755058573,-0.0045000000000000005
2003-11-30,0.0086425543405934,0.0086425543405934,0.0377450973335655,0.0389966822700789,0.0203749051606711,0.0213417998085501,0.0187993062362559,0.0031534537635649,0.0002252329426433,-0.0005966063500092,0.0008106497279158,0.0016539209959363,0.0030699604485198,,,,0.043144961521081,,0.0940827683736904,0.0313
2003-12-31,0.0522069604001327,0.0522069604001327,0.0240739443482289,0.0446250956015843,0.0672981176400568,0.0780481084867461,0.0898451288103807,0.0123909541692621,0.0204013054958573,0.0108673950079425,0.0088734206535023,0.0088898893302924,0.0257192278353755,,,,0.0307584092984658,,-0.0351996139279617,0.0449
2004-01-31,0.0182141272513105,0.0182141272513105,0.0393803845793065,0.0269798299997194,0.0255333779446849,0.0159779343463581,0.0242176802259423,0.0174580365958973,0.0101542819388156,0.0012123470717477,0.0122849442772705,0.008657188836519,0.0122098574574451,,,,0.0428199323334361,,-0.0747252754171146,-0.039599999999999996
2004-02-29,0.0137747346965748,0.0137747346965748,0.0136229427741485,0.0254239990627398,0.0211817350805967,0.024976074491033,0.0395472262893499,0.0196641568377582,0.0161171819210663,0.0048386093131798,0.0218450207401481,0.010348213912416,0.0150705046436108,,,,0.0164247320630792,,0.0152789738264158,-0.0098
2004-03-31,-0.0151386976827966,-0.0151386976827966,0.0117594155199556,0.0173553013102165,-0.00509470291941,0.004513160112914,0.0054998769976069,0.0144831576710593,0.0129715427771408,0.0028166862990388,0.0150313412280715,0.0079892609120468,0.0098899657772915,,,,0.0541093273930612,,0.0164319545765987,0.0704
2004-04-30,-0.0157683278056385,-0.0157683278056385,-0.0477372702289442,-0.0552389498558548,-0.0245060712743768,-0.0314466504271981,-0.098005496716933,-0.0551277423532337,-0.0434633616402085,-0.0106216701860747,-0.046948354091615,-0.0260793718518529,-0.0388765774972527,,,,-0.1455736654636976,,-0.1967667049333908,-0.08310000000000001
2004-05-31,0.013578779752595,0.013578779752595,0.0191801701375049,0.0171963509847168,0.0037495438993806,0.0046382703232354,0.011686546988717,-0.0055798211577745,-0.0053099702349167,-4.936151381207399e-05,0.0164201001157515,-0.004234855685529,-0.0052313677066361,,,,0.0709319276160289,,0.086874435399898,0.012199999999999999
2004-06-30,0.019277379809387,0.019277379809387,0.0406328435898104,0.0498733252172649,0.021666079999254,0.0240074420578835,0.0092415386042299,0.0087671141952108,0.0065330862278794,-0.0001961004333826,0.0008956804044424,0.005592124952352,0.0012642853314279,,,,0.0279558426791062,,-0.0411793249940996,0.006500000000000001
2004-07-31,-0.033109482155181,-0.033109482155181,-0.0587746738584968,-0.0354272844274375,-0.0296160247485967,-0.0333635046853524,-0.0363791327290649,0.0152486444051067,0.0121165366106812,0.0027839023121272,0.0098602884307392,0.0096412411181576,0.0156249634563425,,,,0.0051176930136178,,-0.0254919405752562,-0.0111
2004-08-31,0.0038264236945939,0.0038264236945939,-0.0034935365674465,0.0141905904593138,0.0135643091139012,0.0074629485762398,0.0353129201263802,0.0339404737121546,0.028297586823325,0.0073848440752048,0.0260375634769689,0.0194332629183231,0.0308104399634552,,,,0.0782938841259197,,0.1191443736155459,0.0405
2004-09-30,0.0106775807867305,0.0106775807867305,0.0420679565403498,0.0337448775011637,0.0319702950528291,0.0296293684931765,0.0697672863745972,0.0093872467474624,0.0032231956904871,-0.0009496844520495,0.0024094123871765,0.0016545299594048,0.0031132617653526,,,,-0.0022536094799073,,0.0913265630394242,0.0206
2004-10-31,0.0151471692511875,0.0151471692511875,0.0222877718278684,0.0151271595618032,0.0216138167227109,0.0323740984595775,0.0284637767174624,0.0146461869683858,0.0098924480629849,0.0029549080480435,0.0088140431868912,0.008475584597978,0.0118289312678963,,,,0.0538918552809581,,-0.0250118834759212,0.023799999999999998
2004-11-30,0.0404592097513585,0.0404592097513585,0.0752779853252292,0.0807844214146407,0.0645274261901898,0.072299099418992,0.0994867207294423,-0.0224951636495419,-0.0197785022923611,-0.005755234219452,-0.0031768002878341,-0.0080180139547133,-0.012198588498073,,,,0.0414774229615053,,0.0770178514686872,0.056100000000000004
2004-12-31,0.0339381693346534,0.0339381693346534,0.0362178766179108,0.0301924581570249,0.0408711066544216,0.0443808490407295,0.0474606616020962,0.0223391441246068,0.0116727193107069,0.0023222113435645,0.0183003548027138,0.0092205472433088,0.0139103707930243,,,,0.0478542255201157,,-0.0975009664328924,-0.028900000000000002
2005-01-31,-0.0245434507006711,-0.0245434507006711,-0.0354212988531641,-0.0372228233602913,-0.0113159856801072,-0.0166669360977048,-0.0053008884279364,0.0260024453427347,0.0087114970974877,-0.0003684437055293,0.0,0.0065366546537841,0.0122841525535748,,,,-0.0841322649132564,,-0.0667491565518355,-0.0358
2005-02-28,0.0209365822731506,0.0209365822731506,0.0208736060096612,0.0230488428628423,0.0539568079016128,0.0468122377522146,0.0968218894590178,-0.0124293945868598,-0.0136832236208068,-0.0025727684488583,-0.0047733725884006,-0.0062149027593383,-0.0093628524437129,,,,0.0284883773448914,,0.0749672045663403,0.0311
2005-03-31,-0.0175973106218514,-0.0175973106218514,-0.0226441362194658,-0.0187522179553825,-0.0319576859699781,-0.0292983578830232,-0.0791029090450742,-0.0074386431739543,-0.0040345218289843,0.000160751676542,0.0013136508486109,-0.0048745738908562,-0.0126231385653307,,,,-0.0158193052977337,,-0.0396746824307804,-0.015700000000000002
2005-04-30,-0.0191195691980486,-0.0191195691980486,-0.046106302700117,-0.038519026204878,-0.023397569007548,-0.0206511614880544,-0.0124746953620493,0.0322294246170513,0.0251640052113466,0.0052053609515083,0.0184441846609033,0.0135602697975234,0.0162166756665689,,,,0.058105901093312,,-0.1008470029079086,0.0127
2005-05-31,0.0316747934288825,0.0316747934288825,0.0617383513739848,0.0539296109785443,0.0049229014710685,0.0008108611808017,0.0316071577706658,0.025591119571378,0.0183828825710201,0.003955495123106,0.0070861885925967,0.0106032922784371,0.0062263078595417,,,,0.0323991306659414,,0.0462021993657653,-0.038900000000000004
2005-06-30,0.0012424589866388,0.0012424589866388,0.0351950693567373,0.0387421560756828,0.01045065268894,0.012965902969549,0.039690334725003,0.0164235880904981,0.004783924824613,0.0024683744791162,0.0033344210763512,0.0055647304295141,0.012198620923399,,,,0.0495198346165262,,0.0653129806872678,0.0433
2005-07-31,0.0370637810065463,0.0370637810065463,0.0624544736000083,0.0570023284120635,0.0426631533675712,0.0368001532569464,0.0768153561293656,-0.0257806514511389,-0.0218692281550764,-0.0037510060045121,-0.0198725209166128,-0.0099047585149218,-0.0082649944793611,,,,0.069672414662921,,-0.0309117229111837,-0.013999999999999999
2005-08-31,-0.0091318505406234,-0.0091318505406234,-0.0166958133036226,-0.0213050143364582,0.0303783032042868,0.0285491873055994,0.0132295197808363,0.0288069734209377,0.0200048114102664,0.0065901897631786,0.0218974552205142,0.0136082337444134,0.015031388970975,,,,-0.0373560680794906,,0.0313660379949678,0.0139
2005-09-30,0.0079427755955439,0.0079427755955439,0.0070744760548258,0.0054422739522996,0.041817219069723,0.0472616848783564,0.086533390367534,-0.0277349207354362,-0.0175228947266905,-0.0029916976910842,-0.0009943739267276,-0.0110078553366124,-0.0186094749602846,,,,0.0057588564541855,,0.2059277583008372,0.0764
2005-10-31,-0.0167838188030516,-0.0167838188030516,-0.032314854762051,-0.0297701430802014,-0.0384061460516275,-0.0336674317524346,-0.0633834512542079,-0.017387145686988,-0.0123918115507338,-0.0008210815654671,-0.0128207841622759,-0.0080961975710298,-0.0158173307206268,,,,-0.0235115939473672,,-0.0252190155508935,-0.0060999999999999995
2005-11-30,0.0376459541811364,0.0376459541811364,0.0460979103862402,0.0376573507450572,0.0363360197096722,0.0266867212746162,0.057861490696311,0.0057967049106812,0.0062532128182752,0.0038954996052285,0.0016233125369902,0.0048154997985427,0.0065692143351987,,,,0.0425205933171721,,0.1032452418184841,0.058499999999999996
2005-12-31,0.000226601877294,0.000226601877294,-0.0005413490976901,-0.0042224657115311,0.0576158299346185,0.0513810222369977,0.0610592169826611,0.023320188499931,0.0136584756059929,0.003491618158959,0.0110749608118716,0.0099159056494084,0.0086097878403434,,,,-0.0009415946000588,,0.1079553182700665,0.0509
2006-01-31,0.0264529950076846,0.0264529950076846,0.078541117070414,0.0707418655293556,0.0798391290739943,0.0686752120375897,0.141983053514813,-0.0089776638788265,-0.0070315331924444,0.0017458303670123,0.0016445668556033,-0.0010790226374376,-0.0043637733512362,,,,0.0752529843597544,,0.2481368092161384,0.09960000000000001
2006-02-28,0.0025431603567338,0.0025431603567338,-0.0016252972380922,0.0012826600101856,-0.0079785927347098,-0.0072133684241671,-0.0384995966847373,0.0081030572498084,-0.0010358090509487,0.0003371522361268,-0.0016418666960537,0.0038182092279748,0.0068245059954845,,,,0.0183180631992352,,-0.1058839919232482,-0.0108
2006-03-31,0.012398135593896,0.012398135593896,0.0418463062401175,0.0358205770437156,0.0369973981743176,0.0317044124152865,0.0216718690043353,-0.0339599288754139,-0.0135793645024332,0.0017410880298529,-0.0213887434351495,-0.0099735380231693,-0.0168339704127492,,,0.0279091014177994,0.0483850030919545,,0.0588044221557282,0.0366
2006-04-30,0.0133343173031705,0.0133343173031705,0.000312495554481,0.0006184469052059,0.0473110635122473,0.0512165281201215,0.0651515147534746,-0.0195952172271793,-0.0062703744346863,0.0022069999534324,-0.0008411335290097,-0.0020062371869983,-0.0020213980825128,,,0.0701753116517029,-0.0362839176404258,,0.0696922013465,0.1206
2006-05-31,-0.0289660297136322,-0.0289660297136322,-0.0493748134442066,-0.0383421871059782,-0.0429520279631273,-0.0444582332163273,-0.111427437834112,-0.0002730284078895,-0.0010681320404577,0.0016706652482931,0.0025257645722809,-0.0009075410993222,-0.0019009851615502,,,-0.0039030956470196,-0.0280070417406459,-0.0857225594927877,-0.0988124326094804,-0.0129
2006-06-30,0.0012744258756094,0.0012744258756094,0.0019725639517431,0.01093264251085,-0.0020636062473338,-0.0038240224816472,0.0021345776693995,0.0070921522708993,0.0022952917425838,0.0023645911394889,0.0030199502399543,0.0010540082276093,-0.0008589495080301,,,-0.0086207774292921,0.0528288361953457,-0.1179125981824604,0.0222541680138617,-0.0464
2006-07-31,0.0060690510920686,0.0060690510920686,-0.0331366402814135,-0.0146311355319345,0.0136985634277146,0.0115165345674186,0.0234292325813583,0.0184650759297226,0.0167740552012327,0.0066492248858633,0.0162397213119378,0.013480288132031,0.0145891011585279,,,0.0221344763583517,0.0349050459420288,0.0247778098932132,-0.0335163695018727,0.0318
2006-08-31,0.0236196819413472,0.0236196819413472,0.0223955490084046,0.0232405562584516,0.0216725804310427,0.025300295322008,0.0158168642553084,0.0273643307581397,0.0176343633827074,0.0075195470334981,0.0168213777245787,0.0164219661043729,0.0222557343690548,,,-0.0332561379365011,0.0372308978483399,0.1307928195801075,0.0084268830087639,-0.0134
2006-09-30,0.0256231464609857,0.0256231464609857,0.0089613939887189,0.0088330073050115,0.0057399579979577,0.002467670995413,-0.0087069746557804,0.0158111017268127,0.0120770585956893,0.0043902102663189,0.0019054774904225,0.0081613978404375,0.0087248995221607,,,-0.0419997865466451,0.0190744667503826,-0.1128757189036824,-0.0840433796332559,-0.045
2006-10-31,0.0325097640242393,0.0325097640242393,0.0519737997408269,0.0481549253829232,0.0347395658606193,0.0399999380652513,0.0705791986170658,0.0077177140844384,0.0053845747406333,0.004173999658497,-0.0016750769697368,0.0072494255130985,0.0100137228633943,,,0.0100205854414356,0.0610620557751706,0.071347429934796,0.0491228121176532,0.013300000000000001
2006-11-30,0.0188132273421199,0.0188132273421199,0.0309568095230983,0.030429550631011,0.0330933179374361,0.037278269368332,0.0598456057245646,0.0191518987724905,0.0131138307125193,0.0048341196694421,0.0117451360517208,0.0111171833315157,0.0146133108185528,,,0.06572989884288,0.0469057968452866,0.1385719605128448,0.0866824541295923,0.0692
2006-12-31,0.0140128057671538,0.0140128057671538,8.865652973932825e-05,0.0046834360110901,0.0296477377059252,0.0308821359560342,0.0545977805587685,-0.0213489565367368,-0.0127557315248675,0.000658777883153,-0.0232174265259026,-0.0047441257843429,-0.0089609257332999,,,-0.0231994998521263,-0.0183184531478939,-0.0790378049105213,0.0054512889066249,-0.018000000000000002
2007-01-31,0.0149317344208312,0.0149317344208312,0.0239113294896664,0.0199417758609445,0.008676290689926,0.0096209735013192,0.0011390410164073,-0.0084054770193909,-0.0040035462370809,0.001626079280786,0.0016972062409335,-0.0007698371044053,0.0009372536476266,,,-0.0240032071410097,0.0852230385993277,0.0506840374168888,-0.038103982566931,0.026000000000000002
2007-02-28,-0.01969212129034,-0.01969212129034,-0.0011975823500801,-0.0057507181938982,0.0014743854416376,0.0005604438612412,-0.0323709189546206,0.029296029760643,0.0205503187424889,0.0072686572020259,0.0203397327400989,0.0150993749251704,0.0200052804203232,,,0.0508544444129017,-0.0241353594689716,0.0450577253089121,0.0144926819777779,0.0258
2007-03-31,0.0111204112365117,0.0111204112365117,0.0121722229212994,0.0059619738419229,0.0220860940566312,0.0280109993495472,0.0533451918735612,-0.0112524696198627,-0.0013821723850844,0.0045076441262084,0.0018157353583601,0.0002161047321642,-0.006750254059911,,,0.0067433268414291,-0.0237240221176907,-0.0547256469726562,0.0268249460595739,-0.0108
2007-04-30,0.0441795400463329,0.0441795400463329,0.0266587537109379,0.0184124416968001,0.0367346152425935,0.0392371745609014,0.0372532492526105,0.0086469386498153,0.0060655993267453,0.0030558788615902,0.0075188563960266,0.0051243066944759,0.0089165751045148,,,0.0074862375405952,-0.0003801223092876,-0.001273232329473,0.0326173225768962,0.0209
2007-05-31,0.0347703903190252,0.0347703903190252,0.0441433029698334,0.0367228882201213,0.0368224587071857,0.0309387827066682,0.0506456625764835,-0.0192660209067558,-0.0139350712323348,-0.000674735925219,-0.0124378582116133,-0.0077709809882596,-0.0123078652846965,0.0037318376988728,,-0.0023465761662805,-0.0011412782937929,0.003599575219801,-0.0167486098994887,-0.022799999999999997
2007-06-30,-0.0167440270748021,-0.0167440270748021,-0.016026556387732,-0.0250685594450718,0.0078176779385907,0.0061035721856572,0.036783057084784,-0.0088007783983207,-0.0046763087011646,0.0047509613343457,-0.0018650950230334,-0.0038080795425675,-0.0081002430286828,-0.0315242397870593,,0.0074481797910528,-0.0926429066834527,-0.0771874739232469,-0.0125418841805033,-0.0191
2007-07-31,-0.0309177247379923,-0.0309177247379923,-0.0575680253387211,-0.0721070646508985,-0.0132977494157006,-0.0106169920131264,0.007141523612919,0.023868706439287,0.0225677791675957,0.0090407464265611,0.0224524111781907,0.0083735729524083,-0.0082411831009955,-0.0388015275798067,,0.0190660974065022,-0.077740501063117,0.0365991619712686,0.0007742724037786,0.024
2007-08-31,0.0149824835226288,0.0149824835226288,0.0134086257054053,0.0144578227721694,-0.0143754206094475,-0.0071534452302668,0.0104089811844889,0.019716228229337,0.0226306928409962,0.0104890383510571,0.0092911042334113,0.0134015507592872,0.0238614237326257,0.0519395791794898,,-0.0190911901603018,0.0649477610930877,-0.0628026791081856,-0.0718153030091069,0.0115
2007-09-30,0.037260751424722,0.037260751424722,0.0214644159074459,0.0089072749173808,0.056061968311053,0.0638187470935554,0.1157153478265391,0.002181795789615,0.0008827370813273,0.0055188395353673,0.0126311835104067,0.0072499094060454,0.0073337980658731,0.0292246345545552,,0.094199968681734,0.0425150647011349,0.1381063150519264,0.2472902789298019,0.1054
2007-10-31,0.015788462814261,0.015788462814261,0.026194691122316,0.0135376159388589,0.0442385255802888,0.0590226627962326,0.11870171953163,0.0139909993578724,0.0107688537213728,0.0047797249900807,0.0117054627127466,0.0093202701514791,0.0096465385677428,0.0047886373766699,0.0030776920629034,0.0850231645764731,0.0121545990526679,0.0516294351880337,0.0735290352698168,0.0699
2007-11-30,-0.0418680032391587,-0.0418680032391587,-0.0678823696565151,-0.0673633184446521,-0.0411246122301524,-0.0456830070464774,-0.0764996948830331,0.0450221638286145,0.0404769250474432,0.0179283847981224,0.039669408691219,0.0181616481428565,0.0101948851722679,-0.0112433048489308,0.0138108113835777,-0.0062295312706207,-0.0931685242695469,-0.0320334296061822,-0.0622469836775666,-0.016200000000000003
2007-12-31,-0.0069083808469273,-0.0069083808469273,-0.0071655075575915,-0.0141979365243952,-0.0224056817263723,-0.0229543298639316,-0.0140665655413709,-0.0038575055698863,0.0005044662390156,0.0029953919504699,-0.0015689671178731,0.0031759680324141,-0.0080333320265482,-0.0008243171416951,0.0071614251890856,0.0670423507746587,-0.0508556788475261,0.0573381261300869,0.0262115635909121,0.0668
2008-01-31,-0.0601550400701756,-0.0601550400701756,-0.0623083013090554,-0.0361519096907615,-0.0795618595952876,-0.0854698368412255,-0.089221873278639,0.026469668070097,0.0335597475923177,0.0165479435763262,0.0385542931198295,0.0179391596506688,0.0256588290965937,-0.0182686195169781,0.0026481692055966,0.0291508578787669,-0.0034230611919091,0.1443152553958326,0.066914898328773,0.10880000000000001
2008-02-29,-0.0325147783091246,-0.0325147783091246,-0.0261862980625097,-0.0314808094936587,0.0049174023351203,0.003298125792899,0.0199429358095672,0.0035472493838353,0.0123934978561097,0.0103328563115876,0.0131479979981088,0.0010130429379329,-0.0070633195243381,-0.0186937708174734,-0.0464179282615911,0.1114532088347854,-0.0372913582540601,0.1694611927494898,0.0921447437446241,0.0526
2008-03-31,-0.0044603105949591,-0.0044603105949591,-0.0053229235934947,0.0014215941827029,-0.0084985497083479,-0.0071229885583953,-0.0375304094080861,0.0102387207789063,0.0133724805868533,0.0025342471543543,0.0009158167346381,0.0030414650210521,-0.0059718807474281,0.009460690967352,0.0313389154478811,-0.0091412417772815,0.0645864753346141,-0.1335671648970257,-0.0645053638516108,-0.059699999999999996
2008-04-30,0.0486242462415287,0.0486242462415287,0.0547668045937699,0.0442292372773713,0.0641557598723734,0.0584986613194125,0.0913827022250637,-0.0183266596808842,-0.024173791997449,-0.0083736628209553,-0.0208494047508742,-0.0039687154127534,0.012446790185169,0.0339693702487016,0.0154961763642129,0.0603856108655262,0.0588521787225113,-0.0188369840947206,-0.0477177232374631,-0.041299999999999996
2008-05-31,0.0128456673864252,0.0128456673864252,0.051602942810506,0.04169457246263,0.0151328529813459,0.0151197035558778,0.0316375986779602,-0.0212449032064773,-0.0177743618505554,-0.0034624774598522,0.0007885978497714,-0.0068538133169434,-0.0220515399348262,-0.0050851095601148,0.0059458602183197,0.0690747620813241,0.0013667000722599,-0.0028109437554578,0.0597459816721039,0.0096
2008-06-30,-0.0845102525535835,-0.0845102525535835,-0.0889972725823765,-0.1156289979031065,-0.0882424221232023,-0.0898814854376798,-0.092694738984031,0.0180274457076274,0.0114589244613318,0.0024547279280289,0.0192001637143157,-8.376875038107467e-05,-0.0129176014683372,-0.0367475083743975,-0.0173146740022921,0.1043155258585348,-0.107928891454623,0.0353865615491426,0.0271806832304983,0.0455
2008-07-31,-0.0083169982514164,-0.0083169982514164,0.0167277026857046,0.0402299184688865,-0.0282173340078824,-0.0366820587578966,-0.0550402127630798,0.0030231043536299,0.0072057751281335,0.0043427417497949,-0.0055160963842104,3.215882257356917e-05,0.0039022083551927,0.0059027361293542,0.0056326595017159,-0.0978113273514943,0.0315075496501058,0.0154666159307303,-0.1145891831226806,-0.0141
2008-08-31,0.014462942190732,0.014462942190732,0.031260117215498,0.0386740640262501,-0.0480322353288161,-0.0509664591597444,-0.0631573831687658,0.0180338927870371,0.0152659672573383,0.0046647421950245,0.0047544125460892,0.0070187019113856,0.0014472711550257,-0.0089770237289233,0.0144816402657823,-0.0653465801445313,0.0225341492014845,-0.2373075093063485,-0.1374248909019187,-0.0926
2008-09-30,-0.0889585488294115,-0.0889585488294115,-0.0941290397113397,-0.060505422655804,-0.1231472188339977,-0.1308641926586813,-0.1468166776435764,0.0027849701456266,-0.001402658372831,0.007778325403283,-0.0381007665594976,-0.0111091124505281,-0.107303574286638,-0.1065589693797431,-0.0338573151507674,-0.1024895403571162,-0.001054561959067,-0.113687323642471,-0.1387472868880128,0.0415
2008-10-31,-0.1679241773953088,-0.1679241773953088,-0.2152165448179974,-0.2108986875524486,-0.2077372134830499,-0.2208808420964685,-0.2557800382963223,-0.0363157156251227,-0.0086287890123564,0.0110464318694165,-0.0883331159245027,-0.0253121693606154,-0.0194112877228198,-0.1144996151760375,-0.0097403595041906,-0.2508112994992095,-0.3123140824908943,-0.1915612138977948,-0.3160918847135004,-0.1611
2008-11-30,-0.0717484765903326,-0.0717484765903326,-0.1149010328559478,-0.1049327537954444,-0.0631926723969643,-0.0628986238276133,-0.0975224642167685,0.120740245093045,0.0775385990691512,0.0110532074016997,0.0018281072491603,0.0364584573998914,0.0335383288226118,-0.0709582216575279,-0.0054296515732197,-0.1236708408446002,-0.2339351168411096,0.0678496475685586,0.1559750942583366,0.1261
2008-12-31,0.0107183040431588,0.0107183040431588,0.055507134990373,0.0534164583421949,0.0717683602945473,0.0822075778694928,0.1033353369754375,0.0886780786324936,0.0515614478251518,0.0056302557940026,0.0523389238989642,0.0332691458752039,0.1381430818171833,0.1676615335981592,0.0528075273869514,-0.0326218475970362,0.1737996106448236,0.0948191896807026,0.2071006633952914,0.07769999999999999
2009-01-31,-0.0841254569155069,-0.0841254569155069,-0.1024508992076688,-0.1302643189651984,-0.1079811913434781,-0.1195550919230732,-0.0929114357284658,-0.0846723341748663,-0.0388717885081936,-0.0043700232666421,0.0095484517032411,-0.006959508520542,-0.0180033210136627,-0.0101302514502248,-0.000101408756147,-0.0443605905376253,-0.1739489078887345,0.1178572027658939,-0.0168630332620816,0.0557
2009-02-28,-0.1065704428549165,-0.1065704428549165,-0.119606699171663,-0.139639714643461,-0.096650763234497,-0.0957895309677683,-0.062693332752109,-0.0100848390211273,-0.0073476590741625,-0.0014496918448685,-0.0163366987385592,-0.0042634114247627,-0.0520391552015808,-0.0971579091929346,0.0050596148023493,-0.0562962824319609,-0.2075846833648531,0.0287539651369588,-0.0199440473077492,0.0148
2009-03-31,0.0877751354661435,0.0877751354661435,0.0947369288220065,0.0938681632787563,0.0810382584570579,0.0931313699498213,0.1686294029795696,0.0529792271521085,0.0331360972834136,0.0049930768905321,0.0598806357329708,0.0148325265622968,0.0047191878328869,0.0190741982322744,0.0028768726462606,0.0465724816304944,0.0358435316907959,-0.0069875894245515,0.0877085400456101,-0.025
2009-04-30,0.0955883215306943,0.0955883215306943,0.1825391999081249,0.1976049354950257,0.1166094368187378,0.1277956334353329,0.1555826737775907,-0.0498722008197441,-0.027451842969007,-0.0016509694212413,-0.0189769504360564,0.00358064669709,0.0277659984265308,0.1384601404006598,0.0232493498734041,-0.000999880993406,0.3131189872366153,-0.045347922238932,-0.0149669753038257,-0.033
2009-05-31,0.0561769465556729,0.0561769465556729,0.0373926031853883,0.0349999387773245,0.1373407443731609,0.1435318663199578,0.1593999150705891,-0.0266458798952046,-0.0207739135252063,0.0005603949803831,0.0185027302663571,0.0085526412490792,0.0231688193248775,0.0285546370595228,0.0007201118198523,0.162662593884888,0.0235626287697781,0.2669942849055537,0.3075924902158908,0.1027
2009-06-30,0.0022111738273662,0.0022111738273662,0.0115529689484463,-0.0009660478388175,-0.0162036433406664,-0.0132122838288555,-0.0224950279116833,0.0070248410202096,-0.0055717601556537,-0.0009424295076697,0.0033031543466499,0.0054272173616669,0.0289138057655906,0.033517253016799,-0.0145467876448388,-0.0262591288406977,-0.0324083648147466,-0.1351002014552194,-0.0800233233133276,-0.0519
2009-07-31,0.0757792705398081,0.0757792705398081,0.0968475413121146,0.1063826281766002,0.1015688480166909,0.0995815688986969,0.1101461430313637,0.0080387918598141,0.008317222568881,0.0011000682578135,0.0008231038527677,0.0142862160877423,0.0463264647545096,0.0691899287734367,0.0178836871554812,0.0185677220627429,0.1063830145889415,0.0239162699616755,0.0327377113242006,0.0242
2009-08-31,0.0359884271911765,0.0359884271911765,0.0445647277557392,0.0611886025092647,0.0402275625541896,0.0342465300921965,-0.0131357166797141,0.0168622830789266,0.0076338749196036,0.0040921422160269,0.0106905308821065,0.0101312696049209,0.0131006425658162,-0.0169679447027294,0.0188648702050746,-0.0403646691397687,0.1398602189278521,0.0671532911753589,0.003062851931888,0.0009
2009-09-30,0.0372594793129523,0.0372594793129523,0.0633975040354244,0.0551898913473545,0.0540726023229281,0.0522442837638943,0.1019542238762916,0.0198482425723303,0.0112436328871656,0.0023618852391464,0.0187148640102816,0.0118934960762728,0.0175894277823649,0.0579899006961583,0.0330203205207586,-0.002261354962017,0.0664633643595877,0.1203829883026168,0.1572522395154771,0.0587
2009-10-31,-0.0186760739606938,-0.0186760739606938,-0.0663667144515596,-0.0632321596199011,-0.0275971125197176,-0.020979102850581,-0.0344387873713096,-0.014502759436144,-0.001378809414061,0.001359213473135,0.0143766969593825,0.0041418516693498,-0.0049712348456288,-0.0054295321192271,-0.0260684008129856,0.0693561169042387,-0.0464437199938255,-0.0189254872909209,-0.038522846088371,0.037599999999999995
2009-11-30,0.0598136286380011,0.0598136286380011,0.0333331348183281,0.0366669609496794,0.0370614599287433,0.0378574377072256,0.0785202488940897,0.0191101388123169,0.0201710998528581,0.0059654337459167,0.0275592617657667,0.0136004831641061,0.0195248670916665,0.0168450282968251,0.0051833734926047,0.0453583531968955,0.0684925593494216,0.1294337251528372,0.1089935180237957,0.1282
2009-12-31,0.0194628899287254,0.0194628899287254,0.0788604315198551,0.0689390654383186,0.0091488228024978,0.0152756983984954,0.0327584222793151,-0.0565466378587692,-0.0440271003154018,-0.0084072255900854,-0.0223129860386227,-0.0167578262898039,-0.0206733584946766,0.0368466250297467,0.00377053433693,-0.0016220497768927,0.0704854984693181,-0.088705164564257,-0.0263984810658888,-0.0717
2010-01-31,-0.0360377598682349,-0.0360377598682349,-0.0334667298064002,-0.030627869830202,-0.0499836643879522,-0.0506591634735502,-0.0775906085479033,0.0266464204950345,0.0237020700766916,0.007954867852802,0.0151393878583847,0.0157646730960927,0.0124817541529236,-0.018328356345306,0.0037953845895348,-0.0783914682864768,-0.0532345281240608,-0.0386941512437434,-0.1005809963001127,-0.0123
2010-02-28,0.0309190454937302,0.0309190454937302,0.0496805507850215,0.0521324406050995,-0.0020634102512311,0.0021929960496849,0.0177639911684319,-0.0020429595442373,0.0033178336537442,0.0016040394736416,-0.0117742242843742,0.0020154764136497,0.0050670337647609,0.0187342692441963,0.0084420050544489,0.0414276761395855,0.0555157607080205,0.0106918289542488,0.0310076621184638,0.0331
2010-03-31,0.0601599926619207,0.0601599926619207,0.0808182840002258,0.0800334166459686,0.0706410096942755,0.0671040557859994,0.0811089134635774,-0.0151020211407078,-0.0105682202660104,-0.0026917844370544,0.0004203230078734,-0.0007515507998009,0.0065186278728512,0.0213347741256073,-0.0006476918092054,-0.0046550230464551,0.1016364828645757,0.0665836786026101,0.0377332768193618,-0.004
2010-04-30,0.0157801802450239,0.0157801802450239,0.0554081161757531,0.0618910304695339,-0.0257482114099577,-0.0170878706299895,-0.0016623149824273,0.0276714585590005,0.0165273203131213,0.003001817301377,0.0247406436142423,0.0093071090884444,0.0190785136148088,0.0192449107723062,0.0114396188553258,0.0391156901404803,0.0702835492807818,0.0653442753276767,0.1261236344903411,0.0592
2010-05-31,-0.0799597099106221,-0.0799597099106221,-0.0779627213696472,-0.0798949416159293,-0.1169475600218254,-0.1077888323838249,-0.0939353244393321,0.0423861406429819,0.0293315159767055,0.0045296562420986,0.0,0.0087686899145051,-0.0130832387305414,-0.0467549299293009,0.0083019250770663,-0.1014729119961805,-0.0541480499433618,-0.0125958126699547,-0.0767697899043728,0.0308
2010-06-30,-0.0524978134598691,-0.0524978134598691,-0.0756906983846089,-0.0804270129700079,-0.0231947570045852,-0.0116910688434319,-0.0139863279349697,0.0466913844969192,0.0304826659350907,0.0041893955271143,0.0139522407625383,0.0160917779373335,0.0327854702171754,0.0111114744493567,-0.0033817765348035,-0.0177597065574997,-0.052322342288347,0.0099832718231935,0.0476560505614187,0.0239
2010-07-31,0.069961057522123,0.069961057522123,0.0715601143800312,0.0743032530952061,0.1126002882972536,0.1033123349543774,0.1093248408192226,-0.0016912946527701,0.0090968807987135,0.0019394300033328,-0.0007707257332061,0.0093528389877215,0.0211074819683529,0.0515319938379601,0.0141250428269874,0.0611962478252712,0.0972761741255725,-0.0345963312707572,-0.0266273094451977,-0.0506
2010-08-31,-0.0452977053865062,-0.0452977053865062,-0.066092685634634,-0.0670029744876355,-0.0354560330088208,-0.0321660277044769,-0.0323674207541349,0.0708482170253539,0.0335601645855889,0.0023896823739104,0.0192897156124864,0.0148565321667983,0.0285539608667904,-0.0098960335410278,0.0215997110061048,-0.0301441239685524,-0.0124114998270991,0.0767918309060566,0.068769002483312,0.0574
2010-09-30,0.0891424447279674,0.0891424447279674,0.1197936476025722,0.1042468681747266,0.099571744840627,0.1041359866513975,0.1175735035109675,-0.0181974647734554,-3.086752860770314e-05,0.0011860016430338,0.0070465965101611,-8.456603938966634e-05,0.0045654411480742,0.0365803035071516,-0.0003651645547082,0.0860358408908426,0.0434695759893997,0.1257263139143145,0.0785637591047019,0.0481
2010-10-31,0.0378835950594795,0.0378835950594795,0.0408161897109655,0.0356646584642734,0.0360274187608684,0.0354515214801214,0.030154139034936,-0.0328509662396024,-7.016559079431328e-05,0.0021941197590458,0.0256210753401522,0.0035995392853105,-0.0026270534450885,0.0183706077741527,-0.0080598993528497,0.0443800702622219,0.0480045716517483,0.134209323417507,0.04976929363083,0.037200000000000004
2010-11-30,0.0,0.0,0.0306771519316089,0.0229573971364944,-0.0444863215368276,-0.0452195256369285,-0.0290547201578449,-0.015954421583418,-0.0089817163664022,-0.0020490861737577,-0.0168989697360936,-0.0056834654609082,-0.0161537936681223,-0.0127462684013998,-0.0279103239271116,-0.0043686530707619,-0.0204190251675659,0.1352917024179452,0.0731419561976911,0.0215
2010-12-31,0.0667057601346745,0.0667057601346745,0.0771652157445608,0.0755015418290392,0.0769806367883469,0.0834232094922338,0.0727780220082769,-0.0357620224989817,-0.0343089972609712,-0.0016375520346433,-0.0156658140567592,-0.0114368527470497,-0.0075201614313711,0.0279284528132819,-0.0251714305568943,0.09892302679173,0.0462864256050374,0.0998542171206362,0.0257093875356029,0.024700000000000003
2011-01-31,0.0235713620790065,0.0235713620790065,0.008633538491243,0.0062461333546102,0.016791189808768,0.0069795340257012,-0.0384130210135525,-0.0237697488490592,-0.0002143612914295,0.001310341159004,0.0,0.0008513407713242,0.0003689394764565,0.0165028194168523,-0.0018149099943765,0.0355717106682211,0.033188154312211,-0.0924453574325798,-0.1299338333076928,-0.0635
2011-02-28,0.0341623364470604,0.0341623364470604,0.0533521639048977,0.0465548116493936,0.0272172101939922,0.0270951661259759,-0.0004368950627956,0.0123616061054139,-0.0020833199853187,-0.0012146889467181,0.0092305517363187,0.0016155046204515,0.0108002598964189,0.0143540514004583,0.0229704930510632,0.0417104156712928,0.0458138617750649,0.2088353905865692,0.0549666453192732,0.0603
2011-03-31,0.0002955606070038,0.0002955606070038,0.0241618167947907,0.0149496912700326,-0.0247097886771145,-0.0042945876273342,0.0628963885549633,0.0001902438458682,-0.0015457167926273,-0.0013001735619276,0.0091655866187547,4.785844553767404e-06,-0.005405776652806,0.0004247555514771,-0.0119631299813298,0.0265815268746159,-0.0143395021767613,0.1105406155223036,-0.0050218525971676,0.0163
2011-04-30,0.0294789490225444,0.0294789490225444,0.0293571737287012,0.0239628522784316,0.0531134863967546,0.0523722797311805,0.0273266353897911,0.020403289804781,0.018413227714632,0.0053424401871275,0.0243158677109105,0.0131983944331321,0.0250451700707636,0.0159759919010697,0.0276879497542505,0.045558729996052,0.0565844136055107,0.2749524200295983,0.04069369499306,0.0898
2011-05-31,-0.0114541493688078,-0.0114541493688078,-0.0200410876840425,-0.0211187731513434,-0.0304347286103692,-0.0286884677312326,-0.0294001417630048,0.0329326867613324,0.0250551356178345,0.0036402011165359,0.0029672133332616,0.0130617894073032,0.012694220757051,0.001332297952602,0.0233308803927543,-0.0517241342729719,0.0136319113275915,-0.1979522692525236,-0.0796893996573172,-0.0176
2011-06-30,-0.016735448749944,-0.016735448749944,-0.0201883746760641,-0.0209909399714162,-0.0137519693233361,-0.0150693797838543,-0.0093544898155456,-0.0199825013820112,-0.0050440780728293,-4.745986102072664e-05,0.0065072047883327,-0.0038994015750457,-0.0079715319373846,-0.0057062669405099,-0.0012927848948975,-0.0426446235627289,-0.0336274472521167,-0.0999999594181125,-0.0576796953771446,-0.024
2011-07-31,-0.0204681247619509,-0.0204681247619509,-0.0371954743099517,-0.0345445792034488,-0.0169747757543685,-0.0152998491895591,-0.0102943352131258,0.0418678521148785,0.0316954544178156,0.0028609799578482,0.0387483026415091,0.0157375614570949,0.024301601648855,0.0035492619967891,0.0054739421085239,0.0455802159450322,0.0155307497227201,0.1480495951224181,0.028681506083406,0.08449999999999999
2011-08-31,-0.0544648912318144,-0.0544648912318144,-0.0831017457061653,-0.0808143344788278,-0.0934320503807888,-0.0845246160136031,-0.0925491059184062,0.0867921564434648,0.0465139878543898,0.0034467175197279,0.0086080737402907,0.014685804986348,0.0034033082004705,-0.0272813379895374,0.0338905316360513,-0.0039631358036372,-0.055254228350246,0.041184101715838,0.0544033030146979,0.1232
2011-09-30,-0.0705834033823894,-0.0705834033823894,-0.1100335729826703,-0.1060405180114847,-0.1105440217565101,-0.1228782807888756,-0.1789476185410843,0.1016524254383479,0.0223702866497599,-0.0010158865520933,0.0006218383664653,0.0089582917019135,0.0035111965674647,-0.053015010530422,-0.0004032059833555,-0.1462201115562452,-0.1100170680935076,-0.2852904993292451,-0.1296354079000596,-0.1103
2011-10-31,0.1091379937803598,0.1091379937803598,0.1525886729047687,0.143393621446213,0.1082213781289567,0.1021671219521422,0.1626780701968786,-0.0332515616239542,-0.0128647589833225,0.0003432174165147,0.0193128476263961,0.001656407867099,0.0250958249715778,0.0849171714851713,-0.0052840976488297,0.0765047693752776,0.1438720766623105,0.1566931443516552,0.0803996744455857,0.0591
2011-11-30,-0.002336697361821,-0.002336697361821,-0.0041371575589786,-0.0019696897542671,-0.0251894376555125,-0.0287919353653719,-0.0196033760144599,0.0181602509503828,0.0057977772549253,0.0004495439061118,0.0042110547883678,-0.0029928336246189,-0.0315663468297904,-0.0242691660686146,0.0063796399063094,-0.0028859036478167,-0.0372667739195995,-0.04306216165807,0.000962489030172,0.017
2011-12-31,0.0102250687350289,0.0102250687350289,0.0022838392289037,0.009505160740671,-0.0276492003127224,-0.025530138002639,-0.0426478329225652,0.0314705343343533,0.0198773672028635,0.0005208357962134,0.001976677067049,0.0108075361540258,0.034881965317919,0.0455206196583821,0.0250078830568465,-0.0289435413945402,0.0462319787797482,-0.1581249833106994,-0.0925154227304451,-0.1063
2012-01-31,0.0446454996414107,0.0446454996414107,0.0695027457512427,0.0684837042516299,0.0720991318345654,0.0727409709500566,0.1099106568628145,0.0007770602872261,0.0086194533027719,0.0008292349837462,0.021970067296769,0.0087369403763952,0.0214487056075982,0.0146481815151178,0.0352882046263838,0.036885223509812,0.0649351496334544,0.1982181937408804,0.1019471019648687,0.1143
2012-02-29,0.0430683685460611,0.0430683685460611,0.0319324436290466,0.024891120140337,0.0528896870455131,0.051391987009695,0.0527190147747391,-0.0211034707117875,-0.0109972687509095,-0.0014080479898914,-0.0041610301925286,-0.0004480098445566,0.0163286719252051,0.0210235156251954,-0.0107248835876844,0.053539293393781,-0.0112196075917687,0.039343262261156,-0.0194040675462457,-0.0294
2012-03-31,0.0328278170822005,0.0328278170822005,0.0230193473899276,0.0234969137167659,-0.0056555122543522,-0.0074680505504536,-0.031130234574857,-0.0378267185887255,-0.0159138166934,-0.000770378377161,-0.0107299691982408,-0.0057978960314097,-0.0142116081104595,-0.0095313861403025,-0.0081956975792064,-0.017735377596986,0.0514588726234965,-0.0646795864572444,-0.0893989156666728,-0.0128
2012-04-30,-0.0063951881020283,-0.0063951881020283,-0.0092897174500291,-0.0089021221126901,-0.0240881894032364,-0.0177837996211849,-0.0169966972664143,0.0437211947124565,0.0250919657547841,0.0020164498133306,0.0204658190446822,0.0114322976769614,0.0108215638347388,0.0113663519600277,0.0087052198860702,-0.0135414653619286,0.028841746559882,-0.0404715928738097,-0.0469539594531175,-0.0012
2012-05-31,-0.0601781420982996,-0.0601781420982996,-0.0677730915814439,-0.062874421284311,-0.1117586282947858,-0.1107239198006098,-0.1070582503730119,0.0779094158318831,0.0286957098661528,0.0005688001319779,0.0179806652411025,0.0095206085979315,0.0075715132357043,-0.0322073621485449,0.0119928448538793,-0.1115804705429993,-0.0459557772478733,-0.104616455065629,-0.085426762721678,-0.06309999999999999
2012-06-30,0.0411259736941136,0.0411259736941136,0.0451150303721767,0.042811491789501,0.0636819466160052,0.05951464215204,0.050353805880694,-0.014430833075257,-0.0041432759598745,-0.0009708387595067,-0.0061862720460097,0.0003605189224764,0.0087155529180082,0.0465669946177467,-0.0071435644472874,0.0202059386463759,0.0564385271995104,-0.0114984969016903,-0.006241499314451,0.0239
2012-07-31,0.0136992746496253,0.0136992746496253,-0.0082484355789425,-0.0042893205635772,0.0108853306786267,0.0044340473352164,-0.0002552754737011,0.0332204389609747,0.0140113082165429,0.0022049038438496,0.0184930816890478,0.0138822345960685,0.0348304500806722,0.0102232166887732,0.0206918175023902,0.0582525003375311,0.0193016258979694,0.0176360685715104,-0.0107671349110702,0.0087
2012-08-31,0.0223936501370787,0.0223936501370787,0.0346544539774118,0.0295384350570355,0.0240488030555758,0.0272261634379586,0.004089796158091,-0.0113266063725474,-0.0011728201323493,7.150536873989921e-05,-0.0020175792325689,0.0002771424521541,-0.0005384346767538,0.0124465447187753,-0.0015107296669344,0.0565137347014013,-0.0013526707891768,0.1353244824013686,0.0317454907535572,0.049800000000000004
2012-09-30,0.025764490048781,0.025764490048781,0.027331242693295,0.0286910244896811,0.0357518669923406,0.0362476157784799,0.0521893329087557,-0.0202703190837439,-0.003483088717589,0.0001655618174714,0.0049083427654605,0.0010733494009014,0.0110011209049754,0.0052055248641968,0.0057374320791858,-0.0038207861801604,-0.0183056569473413,0.087365980731505,0.1076928377640131,0.047
2012-10-31,-0.0185950361099628,-0.0185950361099628,-0.0146067053940364,-0.0058105820835062,0.0077832846190672,0.0056219081102752,-0.0043551671498954,-0.0042760653342523,-0.0039599291973481,-0.0006864908433097,0.0067342192229227,0.0011686821289049,0.013461285404146,0.0084410027343504,0.0046539472917805,-0.0390516728036757,-0.0083407896028337,-0.0660095315020735,-0.0476190170791485,-0.0291
2012-11-30,0.0055998939452974,0.0055998939452974,0.0116476463893515,0.0081822562780811,0.0265279163837068,0.0181690565917853,0.0155529127847449,0.0134979448676388,0.009791725760289,0.0002363995307048,0.0046825822593807,0.0019705126021465,-0.007235057140508,0.0049679109039451,0.0162141273064033,0.0195937376136272,-0.0037378998819127,0.0348576954471155,-0.0684457010177166,-0.0043
2012-12-31,0.0089583877604366,0.0089583877604366,0.0306297913874091,0.0331575727837512,0.0469173121803827,0.041767657768919,0.0680359033229835,-0.0197861320748368,-0.0094032136460158,0.0002493678228157,-0.0056311890189005,-0.0020340634672174,-0.003304751805282,0.0140131744933844,-0.0258296361436383,-0.0113879886995235,0.0368861599222687,-0.0923980134339583,-0.0213634512891623,-0.024
2013-01-31,0.051762211320004,0.051762211320004,0.0635004168336097,0.0649424536641749,0.039127782504055,0.0333777383967397,-0.0029312183993165,-0.0327323868952228,-0.0129316094240627,0.0001180862440413,-0.0068825333824155,-0.007119139364223,-0.0129757706577248,0.0034279462290178,0.0081350357762195,0.024837979457122,0.0370710749177811,0.0364317216291965,-0.0227590499422318,-0.004699999999999999
2013-02-28,0.013389367957302,0.013389367957302,0.0133494600791166,0.0172693481825987,-0.0160496853888393,-0.0122739844243622,-0.0228401016926628,0.0126183613598647,0.0113249538727553,0.0006038298299793,0.0013858633406487,0.0054636055981756,0.0107597762506952,0.0093263525905953,0.0053282987001932,-0.0470670331075805,0.0123566017846854,-0.0952693681882701,-0.1045625594535994,-0.0506
2013-03-31,0.0373474697656159,0.0373474697656159,0.0468515900003556,0.0458373031450027,0.0009410529469748,0.008956548443296,-0.0101830624578854,0.0003193790161042,0.0028677778907744,0.0003320181600472,0.0021558020411343,0.0008230869929923,-0.0004666076415786,0.0087245994195632,-0.0130532593684989,0.0066347632121481,0.0288896761595107,-0.0043573288033458,0.0222927516822997,0.009899999999999999
2013-04-30,0.0190861762235909,0.0190861762235909,0.001373230326813,-0.0005072583601241,0.0463807926466899,0.0344380905155699,0.0121582504260162,0.0387278918665241,0.015252571846831,0.0006862421347064,0.0076227060621703,0.0090923177066095,0.0217342108784965,0.0211801147254142,0.0175496518946329,-0.0380812960740784,0.0670082466609029,-0.1444201670606456,-0.1910695682985946,-0.0754
2013-05-31,0.0232750349778569,0.0232750349778569,0.0361058612547273,0.0304569929277449,-0.014076325821432,-0.0295225415973571,-0.0482791566649718,-0.0623303111092835,-0.0310499031353869,-0.0013365821572781,-0.0426409601102283,-0.0170559288713078,-0.0321759052522262,-0.0258115250691068,-0.0305296971036417,-0.0156071008775059,-0.0596003954319901,-0.0861039483906888,-0.0777310518264217,-0.0617
2013-06-30,-0.0134932201462708,-0.0134932201462708,-0.0099253857977326,-0.011330149239867,-0.0328067266026871,-0.0374457830016413,-0.0532576564792321,-0.0325285817273053,-0.0254611190479743,-0.0009840303211495,-0.0394318736160345,-0.0165547599101755,-0.0326755965467714,-0.0168864472585701,-0.026866198151882,-0.0282289633045723,-0.0194661902347057,-0.1152052779466823,-0.1143655455404034,-0.1103
2013-07-31,0.0507227390328719,0.0507227390328719,0.0666074731028674,0.0667663393437483,0.056218551462313,0.0456403092924293,0.0132466609396009,-0.0192919566006936,-0.0035266158892566,0.0016255301111678,0.0089819672457069,0.0019742608882702,0.0110603874954677,0.028539068143832,-0.0079314968444761,0.0318343490939849,0.0083189678398125,0.0089615225328063,0.0740159565224014,0.0747
2013-08-31,-0.0291188288070892,-0.0291188288070892,-0.0317459592600943,-0.0420364793265199,-0.0151651189633453,-0.0162866241488215,-0.0253781393534974,-0.0128398997177349,-0.0142261240902717,-0.0009717392742567,-0.0170624017627329,-0.0063711307505927,-0.0099829386858102,-0.0127204846676934,-0.017156447133491,0.028152761237091,-0.068605925884807,0.1807733073227042,0.0513196032008935,0.0524
2013-09-30,0.0311808721915136,0.0311808721915136,0.0569461549360512,0.0531448591252921,0.0748792214429565,0.0721119016471598,0.0720672748209125,0.0087608406743315,0.0184620457356672,0.0022307989661214,0.0167505822247637,0.0096453970064018,0.0074195329313277,0.0078135556745557,0.0279894469092669,-0.0337584820801076,0.0326322886293324,-0.0752212714267617,-0.0760110864488866,-0.0475
2013-10-31,0.0458653553544408,0.0458653553544408,0.0326523812653569,0.0388890770795249,0.0426966868493126,0.0341190828913331,0.041707479790531,0.0132392236495,0.0077779755262867,0.0006868446459995,0.0044843238783556,0.0077909537081954,0.0180809023195134,0.0251827960460022,0.0121361881161039,-0.0003881525541129,0.0446268347930032,0.009569414669373,0.0664148457312907,-0.0031
2013-11-30,0.0302837410882961,0.0302837410882961,0.0270751604964589,0.0298571822785491,0.0059266049573654,0.0011997367457419,-0.0025905185118547,-0.0248851423859363,-0.0087633469370932,0.0009351597225051,-0.0104166745304715,-0.0034472827332256,-0.0013932168221618,0.0047312748123495,-0.0046849507478005,-0.0093204175767159,-0.0523108051795548,-0.0881516861006806,-0.0856311378501587,-0.0548
2013-12-31,0.025166675874658,0.025166675874658,0.0258129914729188,0.0269664415939412,0.0200561177903928,0.0124795433695392,-0.0040659378548173,-0.0237581464366487,-0.0209060564416372,-0.0017744278448539,-0.0160228155355147,-0.0064739592823596,0.0021484892702992,0.0040673087816875,-0.0041530024918015,0.0058801430358126,0.0025942011309312,-0.0275468135629144,-0.040688674544501,-0.037599999999999995
2014-01-31,-0.0346915605309205,-0.0346915605309205,-0.0206866457429112,-0.028290205152456,-0.0518994602173742,-0.047761061669706,-0.0863638010762622,0.0625935662157644,0.0306322880830454,0.0020152650277367,0.021571233482079,0.0154419678865767,0.0188285137494317,0.0039839311123948,0.0256409020507579,-0.0303974892620073,0.0419193269983642,-0.0138962231029169,0.0644373554345254,0.0345
2014-02-28,0.0456069647580636,0.0456069647580636,0.0505815245496183,0.0502871576139327,0.0530476208646615,0.0539183319714249,0.0337786486114937,0.0059822798001665,0.0035754062836219,0.0003894543279845,0.0030167202737587,0.0047689034637532,0.0114488186786783,0.0230847430823486,0.0104583912288149,0.0502410653483409,0.04961963075032,0.1029810048759891,0.1049807814358918,0.063
2014-03-31,0.0082252877814328,0.0082252877814328,-0.0031178289705292,0.0131872558706356,0.0008037811752144,0.0040966392771015,0.038753406902148,0.0054366859328793,-0.0056107433471204,-0.0010879021835591,-0.0046635013140687,-0.0014865985099395,-0.0002906842568938,-0.0008154824330032,0.0008507234249699,-0.0003825699705453,0.0048361347427676,-0.0643734369231383,-0.0700416810270183,-0.0311
2014-04-30,0.0072412187817025,0.0072412187817025,-0.023316226419747,-0.011608511220717,0.0093708237760135,0.0131267618006023,0.0078035691512134,0.0191216693013793,0.0075831962550867,0.0010787957131852,0.0136055899292311,0.0077734856066771,0.0132933624122186,0.0042052635190348,0.0124249134122691,0.0111024028473891,0.033688565821691,-0.0304622795780271,0.0238628038048136,0.0053
2014-05-31,0.0233491160594072,0.0233491160594072,0.0117469368759837,0.0159396220272827,0.0222811143621839,0.0188454243908222,0.0295185594929883,0.0281171882207704,0.0182542286041347,0.0017862965377402,0.0193884261500276,0.0105138020567625,0.0151433958735649,0.0120628362305468,0.0112176137314432,-0.0143884000972125,0.0235148402955973,-0.0205850043127159,-0.0488824313379601,-0.0302
2014-06-30,0.0205267375041418,0.0205267375041418,0.0496256376477284,0.0429396536658339,0.0179036301141137,0.0173803640721073,0.0240174438671743,-0.0023821974357542,-0.0021681800632189,-0.0007913909161039,0.0038840631073282,0.001112877768425,6.674101199077853e-05,0.0061187646283802,-0.0016360189317111,0.0211294632371485,0.0114001145983362,0.1200221286200722,0.1234662815813734,0.0635
2014-07-31,-0.0138804172126996,-0.0138804172126996,-0.0494203331936545,-0.0471101931282806,-0.0214122990824232,-0.0160825276475384,0.0136478310279921,0.0059755038075064,-0.0022055053976842,-0.0007686869574273,0.0,-0.0025826760942764,-0.0031943785182435,-0.024317290329665,0.0045109947564634,-0.0474041049736713,0.0004023732270621,-0.0330864235206886,-0.0163822977552005,-0.036000000000000004
2014-08-31,0.0398722189668667,0.0398722189668667,0.0497372391086088,0.0515163309129065,0.000260430961086,0.0105076251485698,0.0282976866754514,0.0422723030269605,0.0188032710187284,0.0018587354365262,0.0051430794570388,0.011321551665671,0.0200401017372362,0.0238025326249851,0.0126387667549299,-0.0114531914362799,0.0297426160672198,-0.0444331380297945,0.0006940154679708,0.0040999999999999995
2014-09-30,-0.0141817022113955,-0.0141817022113955,-0.0531020643401854,-0.0564993013041813,-0.0369791753924508,-0.0501516974056635,-0.0776744248608257,-0.0198964710724505,-0.010495392870791,-0.0007327257207245,-0.0248535508197403,-0.0072595934976898,-0.0168159209231517,-0.0198279654636228,-0.0008019051299301,-0.0723134341071108,-0.0600565591239276,-0.1261356931311387,-0.184465949491526,-0.061399999999999996
2014-10-31,0.0242321173563482,0.0242321173563482,0.044750708433235,0.0494134681469158,-0.0029745909593488,-0.0030563152315262,0.0141971397486622,0.0261175106601319,0.0153629536530961,0.0026037476200477,0.0074963755038859,0.0093713914077988,0.0123423630579391,0.010605427279045,0.005483275125566,-0.0387596432255518,0.0992874468961282,-0.0519877897026274,-0.1258505090348541,-0.0302
2014-11-30,0.0268238643556708,0.0268238643556708,0.0097596709407419,0.0107746014883316,-0.0048819940692127,-0.0024525152816754,-0.0154216092408138,0.0286410615711198,0.0128866213134788,0.0010512377392233,0.002976302807031,0.0065444885195973,0.0091176915204012,-0.0108104854703828,0.0011754780251043,-0.0851255210290656,0.0198172361266115,-0.0432258113738028,0.0467203806330445,-0.0046
2014-12-31,-0.0025359815054003,-0.0025359815054003,0.0127127183508994,0.0168356721821751,-0.0492438274904498,-0.0364759197421057,-0.0396353345000672,0.0280620784016709,0.0012939809412735,-0.0029261430725858,-0.0090474401032953,0.0009295437462393,-0.0001724459959807,-0.0080310159074633,0.008087972823656,-0.096473779614927,0.0330431111013402,0.0155091366887321,-0.05865936514455,0.013500000000000002
2015-01-31,-0.0301228970973814,-0.0301228970973814,-0.0216613469779621,-0.0331491728236466,-0.0094255345975863,0.0012859187059117,-0.0068718631675414,0.0896979754497209,0.0430236428313195,0.0062749128155994,0.0311076014112094,0.0231043959525578,0.0375180120092801,0.0070315280744341,0.0159510289764506,-0.056910872815049,0.0672363845424535,0.0982736025679549,0.1730960515775959,0.0872
2015-02-28,0.0573386568367828,0.0573386568367828,0.0581880767689559,0.057142859911591,0.0645256984859294,0.0552349459841576,0.044079954363432,-0.0565708289510035,-0.0247176185719777,-0.0029073433357941,-0.0139811842760144,-0.0108029163142364,-0.0142042526737505,0.0223113351534083,-0.0112377678955497,0.044252989994616,-0.0358509753907483,-0.0405079197631289,-0.0328836918591227,-0.0588
2015-03-31,-0.0158944405307293,-0.0158944405307293,0.0118243820976977,0.0122347748695639,-0.0120111647098085,-0.0153969399579888,-0.0149733852033054,0.011270972601417,0.0085602296158724,0.0024928288105661,-0.0042546891864144,0.0040217005420624,0.001951017256081,-0.0094783732580261,0.0021746803364341,-0.0605392813894083,0.0171894524110232,0.0037807448046232,-0.1211856953637866,-0.0212
2015-04-30,0.009490729608145,0.009490729608145,-0.0169257607610086,-0.0125953863886801,0.0486286564089633,0.0508371235924591,0.06852774191454,-0.0307083466784465,-0.006329339191529,0.0003180624905767,0.0067466905865278,-0.0036399419973647,-0.0118715691969718,0.0087137901929734,-0.0070951324051333,0.0714703590269807,-0.0592430726083087,-0.0313873189216165,0.074404735051397,-0.0013
2015-05-31,0.0127261203276389,0.0127261203276389,0.0199998933705785,0.0135292091290657,-0.0072794957210062,-0.0094395928539299,-0.0410448396193044,-0.0215497556321343,-0.0041635899966748,0.0004131613615661,-0.0104242884245707,-0.0044833163584451,-0.0112036060802024,0.0035549699831802,-0.0048921988206798,-0.0317113648683095,-0.0026556883065491,0.0362929005098293,-0.0129459312368291,0.0059
2015-06-30,-0.0193521277529978,-0.0193521277529978,-0.0086954196462077,-0.0144925936255246,-0.0277023206066125,-0.0269120721780915,-0.0293087264620894,-0.0372978946136923,-0.0163093420979588,0.000317608482351,-0.0090296053657907,-0.0100440386873015,-0.0188309647023434,-0.0188716023024536,-0.003416873210656,0.0163750819824162,-0.0460740769535115,-0.0600375266972152,-0.0899718018192002,-0.0148
2015-07-31,0.0208026266762555,0.0208026266762555,-0.0029241779293418,-0.0100619517699915,-0.0016759557195045,-0.008039685172127,-0.0630995970615722,0.0420695577707399,0.015184024043408,0.0004478552120867,0.0045558876686111,0.0076592716393069,0.0083190953244018,-0.0049204097436086,0.0112336266406245,-0.1261112450117821,0.0559583058056691,-0.0632069079270261,-0.1884655747006322,-0.0659
2015-08-31,-0.0604155953936256,-0.0604155953936256,-0.0584784184006428,-0.0480842114401917,-0.076944514807796,-0.0729427161563079,-0.0883617408523139,-0.0071458445570842,0.0007906542372084,-0.0004955861066746,-0.0090700264047518,-0.0035249191562584,-0.0082741888061538,-0.0152332931895972,-0.0011016768188087,-0.0025428957688107,-0.0625243131008412,-0.0063920563263896,0.019035593124703,0.0374
2015-09-30,-0.0249799619194437,-0.0249799619194437,-0.044993850118724,-0.0358535654934425,-0.0606244382501738,-0.038991577542205,-0.0313242211826259,0.0191330269073259,0.0157919617495303,0.0029511795581282,-0.004576844029737,0.0075578586730546,0.0118982542418382,-0.0298982055901262,0.0086364153685494,-0.0344167545217319,0.0300455101300671,-0.0085775473568496,-0.0261517682051292,-0.0177
2015-10-31,0.0842271597384221,0.0842271597384221,0.0568334604779214,0.0658627485639158,0.0719586402723586,0.0625880311966275,0.0637586226636093,-0.0047835393285883,-0.006369032980197,-0.0014128882350745,0.0022989439226355,9.829557145124568e-05,0.0057359025957766,0.0323068189725219,0.0035952138857213,0.0033002346886503,0.0577921656602102,0.0670512121736974,0.008951308082066,0.0232
2015-11-30,0.0028633920364913,0.0028633920364913,0.0181085736928416,0.0133277554886286,-0.0132450834225718,-0.013236304192538,-0.0252364817930575,-0.0080764817673614,-0.0042769678472877,-0.0025824043308931,-0.0015287557275952,-0.0026904280589377,-0.0015416350908642,-0.0249595099982805,0.0049776340773057,-0.0664473252608334,-0.0064051400057061,-0.0918919319476059,-0.0900188373311215,-0.0672
2015-12-31,-0.0160244954178948,-0.0160244954178948,-0.0420343319379296,-0.0489389586347885,-0.031274488087211,-0.0207401042286599,-0.0381983956985596,-0.0033148588665625,-0.0045306648681037,-0.0014918340489835,-0.0094916998883158,-0.0038214782240646,-0.0108106923209978,-0.0199233105391521,0.0102237360083861,-0.0584919258406961,0.0179132944800028,-0.0186011910569472,0.0013966848821675,-0.0042
2016-01-31,-0.0497663701502814,-0.0497663701502814,-0.0765602716474206,-0.0645842915731793,-0.0543583146353162,-0.0559005731054653,-0.0503263176967859,0.052359676425542,0.0333367532593149,0.0065188710942123,0.0155765555204228,0.0142956157516702,0.0012284869627485,-0.0160088108451653,0.0076775870338765,-0.043413240137342,-0.0336100465611144,0.0303260488953682,0.0502091698009665,0.054400000000000004
2016-02-29,-0.0014517621361015,-0.0014517621361015,0.0091892019198505,0.0157941048832732,-0.0231293234903195,-0.0226608747814608,-0.0081778767662695,0.028604247410362,0.0148601400153993,0.0011197983458401,0.010736267865427,0.006597649978338,0.0105162641248841,0.0149683869623709,0.0002162562152629,-0.00234722680709,-0.0042989985479328,0.0448859197813242,0.2695884421743511,0.1097
2016-03-31,0.0677779171858052,0.0677779171858052,0.0834980104753295,0.0890337740772655,0.0769499418688479,0.081860519578264,0.1296174016732634,0.0005643826996659,-0.0006608609148548,0.001378044899625,0.0189678276165141,0.0094348774793842,0.0361461766184438,0.0254704541341062,0.004417242465273,0.0423528483323862,0.1040354079164707,0.0338028522787343,0.0711296410755615,-0.008100000000000001
2016-04-30,0.0037374267440086,0.0037374267440086,0.0172258175314394,0.020466494872561,0.025218289157433,0.0221911961517387,0.0040875364797641,-0.0062451107201375,-0.0015616508840744,0.0003645594112997,0.0014891838607582,0.0037652195053246,0.0155459942715372,0.0312254121275612,0.0066560923739744,0.0970654472345533,-0.024074637286512,0.1566756940903895,0.3281252747931773,0.051399999999999994
2016-05-31,0.01782902294851,0.01782902294851,0.0193258993248848,0.0144399158921624,-0.0170295310573899,-0.0101762282013535,-0.036929324422839,0.0076254640419839,-0.0009926213799313,-0.0011885387683086,-0.006691207109073,0.0001907964780452,-0.0051248503979435,0.0017015909205682,0.0027673370342076,0.008916345222232,0.0235640225641948,-0.1054181395824276,-0.133185192236872,-0.0611
2016-06-30,0.0025271986485508,0.0025271986485508,0.002485133547889,0.000736507691587,-0.0064162993771338,-0.0096282832899946,0.0455913539006607,0.0648917717437984,0.0308761077127586,0.0060258650975364,0.0226056915548573,0.0193649263513291,0.0309436785909575,0.0179308917422977,0.0160999237923551,0.0435078509661095,0.0688414893313569,0.175773607881883,0.2557345892667633,0.0901
2016-07-31,0.0367634530273497,0.0367634530273497,0.0507314916312207,0.0467512104794753,0.0364867785354188,0.0441177019217804,0.0538413042528711,0.0201075113792303,0.0024651441879841,-0.0004694082237955,0.006588798613452,0.0064107775918023,0.0129159952509718,0.0131315371275984,-0.0004219671455177,-0.0697069142608085,0.0417516218414064,0.0834266360693496,0.0845739305454944,0.0202
2016-08-31,0.0012951023284111,0.0012951023284111,0.0061853196418335,0.0071914906115893,0.006542194940748,0.0073774902326095,0.0088372142133354,-0.0099639625788561,-0.0101140342344814,-0.0023363150227071,-0.0043638479736574,-0.0017011408035043,0.0018026661505858,0.01967566346731,0.0012513899197725,0.0077031121549462,-0.0368198487831156,-0.0842377796372646,-0.1478478807546617,-0.0322
2016-09-30,0.0001445792897512,0.0001445792897512,0.0039567041445904,0.0031134366926415,0.0164036273101451,0.013692052329983,0.0251850726021301,-0.0131817287351027,0.0023740157399225,0.0012954912163258,0.007304753887936,-0.0008131965927344,-0.0031562378797277,0.0107851781862648,-0.0056267496918585,0.0430854409976158,-0.0182073159367844,0.0270881189720595,0.0849195446886161,0.0072
2016-10-31,-0.0183307823289489,-0.0183307823289489,-0.041175302137689,-0.0301431797131164,-0.0164432725478091,-0.0171729511523611,-0.0082776479662626,-0.0422815624870271,-0.014946655718103,-0.0004819600997117,-0.0050762874496577,-0.0080342926795499,-0.0152855202041737,-0.0098306276256467,-0.0096407671957786,-0.0033310918135328,-0.057232367330796,-0.0675824943969016,-0.0688258073824381,-0.0291
2016-11-30,0.0369900806501979,0.0369900806501979,0.0860657834932541,0.1025641369793415,-0.0099071163062183,-0.0215054310308583,-0.0441575190412129,-0.0785789430152099,-0.0422724171836877,-0.0047007187147178,-0.0204082421142671,-0.0264645633950831,-0.0316754968024585,0.000186627254872,-0.0410021263546072,0.0167112761659653,-0.0172921078564187,-0.0771950217411902,-0.2155282075263735,-0.0833
2016-12-31,0.0196115460290753,0.0196115460290753,0.018608647577343,0.0281487731089491,0.0155423808876471,0.0201655727928795,-0.002526632456019,-0.0034877394790735,-0.0011857562594789,0.0007240598132918,-0.0134126081796711,0.0024529449101744,0.0083920870696145,0.0183888957529692,0.0172109621708889,0.0414201538889404,0.0462407649118703,-0.0351213407467404,0.021276526978718,-0.018799999999999997
2017-01-31,0.0188309149533556,0.0188309149533556,0.0157082842777478,0.0065519197310306,0.039685067244765,0.0386964887352907,0.0665522752561533,0.0064928382845457,0.0021952447660207,0.0010658113745134,0.0100151071386489,0.0029181737081604,0.0014509283882466,0.0091272547913803,0.0025883321878596,-0.0056819245976909,-0.0003655049364473,0.1005956014974265,0.1367756824165116,0.0545
2017-02-28,0.0396275216922483,0.0396275216922483,0.0234375807388835,0.0205548843219209,0.0081793120389388,0.0150326470913557,0.0174077680488426,0.015703734865706,0.0072360277756851,0.0003668832983281,0.0038138090406074,0.0065719801337695,0.0132097579048102,0.0153186616283857,0.0052280262863448,-0.0019046067949907,0.034331658183845,0.0444979985454603,-0.0326697346249587,0.0322
2017-03-31,0.0009455286953876,0.0009455286953876,-0.0023935404633889,-0.0078033349359758,0.0309498377574644,0.0282169245490859,0.036852007628142,-0.0058455614056064,0.0008056678113972,0.0006389235995833,7.53326700047019e-05,-0.0007389042827281,-0.0029511984119472,-0.0014339571674411,0.0032509660659629,-0.0324428279284197,-0.0236511990896358,-0.0069085108483331,-0.0065896338496292,-0.0039000000000000003
2017-04-30,0.0101810805987139,0.0101810805987139,0.0084570432476287,0.004414138967971,0.02623117512492,0.0219847377514823,0.0170094008433858,0.0158768734487904,0.0110875188382684,0.0018711475444788,0.00456257478876,0.007590257227829,0.0118881891662911,0.0081572370563625,0.005407025340431,-0.026956002595717,0.0014569014866581,-0.0550725079964899,-0.0107794474293916,0.0176
2017-05-31,0.0139375911388976,0.0139375911388976,-0.0114923154153273,-0.0236645301451852,0.0337973007767333,0.0301169580782441,0.0284573020321337,0.0173304019316551,0.0082674577049424,0.0007333055075795,0.0,0.006708383502131,0.0133314796497854,0.0103136791117461,0.0153329907654387,-0.0141891005086628,-0.0065456367764187,0.0055214820122972,-0.0024786337927376,-0.0009
2017-06-30,0.0061138443611279,0.0061138443611279,0.0222541898376784,0.0239701561798368,-0.0030219923527868,0.0051512625812815,0.0092662275235484,0.0063139528497804,-0.0050950065706731,-0.0007813270721938,-0.0095415666653204,0.0001869292918543,0.0048022541802552,0.0013258289316862,-0.0041964755598036,-0.0095957072291831,0.0210250175891817,-0.0414886746079403,-0.0159933095148582,-0.0212
2017-07-31,0.0204245922360195,0.0204245922360195,0.0110833865681199,0.0094980901937571,0.0366491745173229,0.0341926736213638,0.0582266522088814,-0.0058772775233698,0.0037485381242217,0.001859845288604,0.0053557134770978,0.0039045735914506,0.0076545419198192,0.010191592378228,0.0087525266654904,0.0408305070919177,0.0123009848422834,0.0120941807716068,0.0230967364123402,0.0235
2017-08-31,0.0029347565402824,0.0029347565402824,-0.0094396941720373,-0.0144489391844085,-0.0005316272711705,0.0063810754099373,0.0235160975859622,0.0327140024374708,0.0145750736081589,0.0020234833565209,0.0091324167759316,0.0085320872737544,0.0067720049170187,0.0006552884140527,0.0079973309182856,0.003989411570231,-0.0025016184668572,0.0471698124524437,0.0501672611967307,0.0424
2017-09-30,0.0205963051619093,0.0205963051619093,0.0439834275100345,0.0491423141529501,0.030053121070241,0.0180928481860318,-0.0004463475818408,-0.0226956695249144,-0.0144159332358299,-0.0018672867060944,-0.0071157540115218,-0.0053382975971515,-0.0004945123263164,0.0060064020548509,-0.0042748792791128,0.0198674235137812,-0.0013457799877031,-0.0546546467424146,-0.05414018610055,-0.0334
2017-10-31,0.0231757933978857,0.0231757933978857,0.0155143056149995,0.0084882900683975,0.0136845559808067,0.0193509496323289,0.0328053941112762,-0.000159202868286,-0.0018891861233518,-0.0009120709319895,0.0022936418521106,0.0011176937530452,0.0019273021890173,0.0008486253314008,0.0008944126651513,0.0396104359851554,-0.0101451435214446,0.0031766322402755,-0.0353533096453406,-0.0070999999999999995
2017-11-30,0.0305932438158829,0.0305932438158829,0.0308454458563889,0.0314016912379011,0.0155374179328822,0.0072583724131956,-0.0038894495839527,0.0063249491310137,-0.0027930275834818,-0.0021616671015131,0.0007626599853354,-0.0016715547270822,-0.0012332655595126,-0.0036773476524213,-0.0046763451185949,0.0093691559910642,0.0263542912535743,-0.0177327253735047,-0.0340671119628638,0.0039000000000000003
2017-12-31,0.0110169908108044,0.0110169908108044,0.0037208892625266,0.0049904048435027,0.0191965981783799,0.0207033618316117,0.03761574954197,0.0179327438590091,0.0018480020940472,-0.0002019525373101,0.0086522362274954,0.004482902560589,0.0122046163149032,0.0024578804348762,0.0101406270180937,0.0278466389267573,-0.0024269623660935,0.0309477456578304,0.0244342759558442,0.021400000000000002
2018-01-31,0.0571266994875379,0.0571266994875379,0.0284057162468598,0.0197988827415855,0.0521565294834776,0.0559207055264923,0.0829793949319368,-0.0339879144867282,-0.0215022697268486,-0.002862615647772,-0.0092026897037292,-0.0109701798698,-0.0122573860419543,0.0004578453075358,-0.0114683482005641,0.0295001127005698,-0.0420901945168153,0.0225141097876568,0.0212013935029382,0.0327
2018-02-28,-0.03698450935967,-0.03698450935967,-0.0406758533883337,-0.0477658544023593,-0.0431362231223263,-0.0514018213703583,-0.0589848031578191,-0.0288289812364347,-0.0093280325205371,-0.0010050451636938,-0.0092877527242594,-0.0102677284386323,-0.0223720042587408,-0.0086730946367573,-0.0060216984919849,-0.0292396507372003,-0.0765150069503723,-0.0544342704928273,-0.106401286165348,-0.020499999999999997
2018-03-31,-0.0256017726532803,-0.0256017726532803,0.0112029806189388,0.0082147260787472,-0.012951444992439,-0.0063836910784648,0.0054143313519394,0.0275426693277187,0.0115580183089392,0.0024708142781926,0.0092344124987087,0.006308555444052,0.0055685541467169,-0.0023186631592866,0.0049355829846304,0.0228914895515375,0.0381346034961833,-0.0032341649813382,0.0087124789268202,0.0067
2018-04-30,0.0037322638014483,0.0037322638014483,0.0032665889940233,0.0035448922097054,0.0060558320501373,0.0082827617394771,-0.0281690731850785,-0.0203587698825411,-0.0127655206797532,-0.002348351748554,-0.0007762991209827,-0.0082647489324861,-0.0156601193827284,0.0047956493215819,-0.0069163515804562,0.0341577523054748,0.0083729991808541,-0.0019467704911255,0.0115163030217022,-0.0092
2018-05-31,0.0239457853790916,0.0239457853790916,0.0506871092692138,0.0449581927546769,-0.0240781209016462,-0.0191676605677508,-0.0262149365337154,0.0179170589796029,0.0098613498783142,0.0035232118426489,0.0023307066885018,0.0060545755635952,0.0052133583860431,0.0005035748003536,0.0125086662636555,0.0267655319869497,0.0359826065431945,0.0052015554688416,-0.0114208811573766,-0.0116
2018-06-30,0.0060110121374026,0.0060110121374026,0.0072255421936449,0.0033855572596819,-0.0141352416723214,-0.0208736306748607,-0.0454567166513424,0.0066138245021178,0.0019744892401347,0.000432098609451,0.0061664246812913,0.0002918414459893,-0.0048722903963738,0.0009885385908716,0.0013776388877069,-0.0194121559869506,0.0412985178037721,-0.0200517735350442,-0.0192308227789709,-0.0358
2018-07-31,0.0370933682741834,0.0370933682741834,0.0182327341567094,0.0251998960116031,0.0252867355446313,0.0247840158743422,0.0353104924533587,-0.0128196960982238,-0.005277751974872,-0.0006010308343203,-0.0046505659415074,0.0003911142517667,0.013438452432646,0.0167764103896583,0.0014979937752002,-0.0243211786988645,0.0073967338278624,-0.0356435627359714,-0.0333334563612083,-0.022099999999999998
2018-08-31,0.0324626234058262,0.0324626234058262,0.044766250200908,0.0239806842250667,-0.0208491395806337,-0.0219352099709365,-0.0376727289190976,0.0118345873667526,0.0101398640186176,0.0034677028825402,0.0062301725579552,0.0051904280263135,0.0001992147705631,0.007078931645982,0.0015544723224805,0.0075361840810315,0.0245957433693229,-0.0657084230462813,-0.1075049689235464,-0.021
2018-09-30,0.0055371765541356,0.0055371765541356,-0.0154326468816115,-0.0173425977250254,0.0059725543641304,0.0030377746099596,-0.0057914110793492,-0.0274430831835839,-0.0120500158562315,-0.0014301190294857,-0.0094377786016913,-0.0054544482578456,-0.0014076620585324,0.0052450313874699,-0.0068179703759786,0.0339471114882155,-0.0263521864745905,0.0058608004352946,0.0079544749022035,-0.0063
2018-10-31,-0.0684900854545556,-0.0684900854545556,-0.1009760584896215,-0.090146921613871,-0.0743418793064425,-0.0835252221705687,-0.0876046458783901,-0.0282033629874183,-0.0030316169963348,0.0015309713833036,-0.0141733612670897,-0.0073332716953675,-0.0204927702967662,-0.0197677340540232,-0.0055991945653325,-0.0562049943674105,-0.0298398649050877,-0.0233066063724061,-0.0214205322207439,0.0216
2018-11-30,0.0202665239139709,0.0202665239139709,0.0215773436773405,0.023700033356236,0.0075292903595511,0.0125707339788321,0.0490295289941624,0.0179016983441582,0.0133014283053516,0.0038104641975569,0.0039936598593117,0.0052711437565096,-0.003584243550072,-0.003990898783136,0.0111088338484617,-0.0984668441886642,0.0472898345006767,-0.0067114208510046,-0.0011804855014917,0.0037
2018-12-31,-0.0904886903822973,-0.0904886903822973,-0.1112100183049294,-0.1145045690429346,-0.056509172574633,-0.0486475181405178,-0.0348886865461198,0.055084239027727,0.0280424903380829,0.0075987621469861,0.0050673849045621,0.0179892556382808,0.0185942612691987,-0.0208879217956867,0.0134747452341921,-0.040012556557998,-0.0798925502833877,0.0900901494318908,0.0923786454032802,0.049699999999999994
2019-01-31,0.0800207416573728,0.0800207416573728,0.1183357338153821,0.1118828661352604,0.0688473515861469,0.0758073808571773,0.1034304875200875,0.0049285683612423,0.0065258432076356,0.002511401115868,0.0144346804538608,0.0100624516451146,0.0336819807378627,0.0494456185329061,0.003759874438004,0.0710835959755964,0.1174331314161665,0.0365013578692972,0.0940804852279173,0.0292
2019-02-28,0.0320051936056076,0.0320051936056076,0.0480968385725031,0.0394609249265105,0.020402073735755,0.0171570090414194,-0.0153131416005776,-0.0130730684601512,-0.0052551610262503,0.0008603047381443,-0.0015810771963705,-0.0005667264734916,-0.0020384068402974,0.0121452225787401,0.0054391857279971,0.0283505204568323,0.0072228132156428,-0.0279069814598744,-0.0173913626743135,-0.0058
2019-03-31,0.019349498468159,0.019349498468159,-0.0090701863688387,-0.0195080647777855,0.0034276933701156,0.0071947518271031,0.0113097133090043,0.0547123135862752,0.0265518347233151,0.0062676947500059,0.0182107708934455,0.0195270308107562,0.029289562978769,0.0129086331982988,0.0148498183366749,-0.0037595228267358,0.0417363917383926,-0.0307587016913931,0.0078660368426746,-0.015600000000000001
2019-04-30,0.0404117852563621,0.0404117852563621,0.0359238216392616,0.0392091476197999,0.0318816364775784,0.0275946966616911,0.0235324210257066,-0.0187785844733813,-0.0051855441859544,0.0018351551218582,0.0031103156014662,0.0004779716163294,0.0043641334580704,0.0098617573842059,0.0052724727446336,0.011949697030946,-0.001039539629258,-0.0112834868807237,-0.0673170051655318,-0.0063
2019-05-31,-0.0636461734564152,-0.0636461734564152,-0.0725210478866595,-0.0807609095952833,-0.0601381393207529,-0.055458535355537,-0.0732985598380903,0.0665384746656567,0.0304861631517197,0.0072175831627399,0.0170542957843475,0.0183093927335149,0.01650545991559,-0.0193359065899954,0.0140603284850198,-0.0596644299714619,0.0010406213964386,-0.0263909291834942,0.0366630750854299,0.0179
2019-06-30,0.070323627383128,0.070323627383128,0.0704221656057946,0.0675460507055012,0.0560612178004906,0.0584340115016499,0.0620776881635616,0.0100807456859295,0.0121713972123878,0.0046097834855336,0.0080396235416095,0.0115471461383049,0.0324675621419594,0.0315448153776696,0.0040842031255821,0.0396563049581422,0.0166675231389301,0.0498168735662571,0.1555554279952389,0.08039999999999999
2019-07-31,0.0142586126708019,0.0142586126708019,0.0125200916079259,0.0076675547018061,-0.0177875553868244,-0.0189012445418543,-0.0265673385120976,0.002192905806126,0.0003823504152713,-0.00063841453199,0.0022780158544577,0.0022938324910675,0.0025404550593484,0.0015675100698064,0.0073454276576292,-0.0114430579326975,0.0158187415263835,0.0614096384596023,0.0340910669561733,0.0004
2019-08-31,-0.0159109527116477,-0.0159109527116477,-0.0402527995597743,-0.0542167339755411,-0.0311263164097846,-0.0234798186295466,-0.0378262728987718,0.1067478697896053,0.0395159590021771,0.0078189063479638,0.0227274059513504,0.0278209743052095,0.0388600595102286,0.0068966888513695,0.0152998969596325,-0.0463021406002515,0.0375760037723449,0.1275476381011009,0.1242603478030346,0.0795
2019-09-30,0.0186172888764719,0.0186172888764719,0.01371618127991,0.0391301969769979,0.0376751882595776,0.0271929650003623,0.0169195162532966,-0.0261674649573236,-0.0118603742203018,-0.0013425026206315,-0.0106686001247576,-0.0059705995929785,-0.0075593178021137,0.0043893344047487,-0.0076362195401089,0.0141603907178455,0.0188751390684704,-0.0717200915215959,-0.0962407044166535,-0.0336
2019-10-31,0.0215503018413336,0.0215503018413336,0.0159958326333991,0.0168338946510555,0.0306782508500285,0.0337959954988003,0.0418402129525099,-0.0110172347659462,0.0018788540223286,0.0031292160765867,-0.001507057136854,0.0021705788508672,0.0044513842663413,-0.0001149409931758,0.0029506630288613,0.0192818510932442,0.010648376041386,0.0628140700507329,0.0590683802982583,0.026000000000000002
2019-11-30,0.0362042253046437,0.0362042253046437,0.0413605937525052,0.0251511211291841,0.0128345873103263,0.0110920040734319,-0.0009393769419356,-0.0039490860838198,-0.006871843969302,-0.000472247567165,0.0022639009766947,-0.0006251878731625,0.0047505587437246,0.005679708338995,0.0005522754596887,-0.0013045295191298,-0.0127714233134004,-0.0591016545798405,-0.0408354059286857,-0.0318
2019-12-31,0.0300781347144531,0.0300781347144531,0.0218158856178889,0.0277270976227204,0.0419300545095888,0.0426856150343142,0.0773027832353803,-0.0299730090487545,-0.0092807820341335,0.0015506058060092,0.0039086639848613,-0.0014418769156991,0.0052734783438852,0.0191125583893876,0.0026286125601868,0.0584915362845477,0.0080063955868305,0.0477387076155566,0.1172131589162865,0.0369
2020-01-31,-0.0005033109207404,-0.0005033109207404,-0.0204162479092648,-0.0340840440972334,-0.0359710730990525,-0.0330346232205365,-0.0615110283680018,0.0729644199892862,0.0346577771086082,0.0057897741599586,0.0212446570959397,0.0211867379351418,0.0244607965799701,-0.0046620113988837,0.0165917784065863,-0.0858933549336515,0.0116692852847437,0.0083932486263202,0.0249449452078693,0.0453
2020-02-29,-0.0824135148043787,-0.0824135148043787,-0.0867104696191788,-0.1020793988179685,-0.0740741386857266,-0.0671684906829107,-0.0377583798955301,0.065879371836325,0.0296172666451133,0.0087667342803412,0.0096581291253288,0.0170658580099738,0.0109138591311421,-0.0128953307263426,0.0097331604202475,-0.0665295183891424,-0.070810737257577,-0.0766944105385436,-0.1173944166563275,-0.0060999999999999995
2020-03-31,-0.1240126720681004,-0.1240126720681004,-0.2188807469904911,-0.2495911008003261,-0.1740297992001033,-0.1611053471191075,-0.1576998315911925,0.0566742695737338,0.0372270490942858,0.0124407798156804,-0.0130987292095388,-0.0058559293464296,-0.063118772880637,-0.1002799580842082,-0.0298067253043446,-0.1734018540901185,-0.1931306550067102,-0.1596908940681518,-0.163828003652854,-0.0019
2020-04-30,0.1281387776016365,0.1281387776016365,0.1465003744748592,0.1294557247032952,0.073003187315322,0.0808607007111588,0.073542283871812,0.0181451939988959,0.0027526379293707,0.0027265574874772,0.025354675220699,0.0169315646808472,0.0484574561342523,0.0488360023069804,-0.0137701492880647,-0.0311112033377738,0.0882097507195593,0.0712643170811397,0.3375362831831974,0.073
2020-05-31,0.0475588892626275,0.0475588892626275,0.0772992729899872,0.0473417534188871,0.0404176208352713,0.0480438986810356,0.0297489592806257,-0.0167167927141203,0.0032744845706516,-0.0007847261128974,0.0050907638577504,0.0053951503816265,0.0246025059714587,0.0294649466428316,0.0376541523337807,0.0807338357319891,0.0173981237739528,0.1917024601523751,0.1102754686626987,0.0262
2020-06-30,0.0196577722196067,0.0196577722196067,0.0253354783191743,0.020594969193916,0.0304305662925827,0.042422612696809,0.0660492852798759,0.0040316623814224,0.0004267132269411,0.0002309531323858,0.0108536709644024,0.0070163738724371,0.0212759480241206,-0.0058342452764182,0.0036352643899111,0.0449916957717051,0.024096447298475,0.0210084264511019,0.1450981969747493,0.0277
2020-07-31,0.0562700040247619,0.0562700040247619,0.0449280077862397,0.0331643752667087,0.0276468208216573,0.0410352160701472,0.0825205078084598,0.0417267676621524,0.0085413588871368,0.0009360088144729,0.0229063323730929,0.0155082499284051,0.031000509579377,0.0506043453139617,0.0144626707753141,0.0511778431719605,0.0356186772800468,0.3315696245595634,0.3447487456549962,0.10830000000000001
2020-08-31,0.0740187903101163,0.0740187903101163,0.040531007075244,0.0460726998204776,0.0415774900280585,0.0430565118572092,0.0288750106607749,-0.0471028833054369,-0.0096983178383738,-0.0002309887517725,0.0097970492835743,-0.010189621757245,-0.0177827501849773,-0.0002227344312272,-0.0058799898017344,0.0463678958705144,0.0044378555236068,0.1580573944370933,-0.0118845152945179,-0.0029
2020-09-30,-0.0400585674365134,-0.0400585674365134,-0.0272887358403656,-0.0377348948039634,-0.0287642185608933,-0.0196311610232052,-0.0101035220001846,0.0078659118527131,0.0032776414317741,-1.1587682212543804e-05,-0.0033321847177486,0.0007741733887345,-0.0043971227858554,-0.0093167044667431,0.0012434974456918,-0.0354505331280012,-0.0263257696546334,-0.1749904777999303,-0.0859106344659939,-0.0414
2020-10-31,-0.0267131380651112,-0.0267131380651112,0.0199538101691634,0.0301773787252579,-0.0184346380918497,-0.0220765743372801,0.0140622802845853,-0.0319540784121981,-0.0138079303357327,-0.0004626994794325,-0.0069688055817372,-0.0061120951119006,-0.0051039305117667,0.0040338132105279,-0.0052024663453507,-0.0313936196817393,-0.0308569978645293,0.0161737703947049,-0.0723683407750167,-0.0048
2020-11-30,0.1093563017912808,0.1093563017912808,0.1601013662034398,0.1768584085005107,0.1730296060741396,0.1293472098759231,0.0899126811093546,0.0153288991715236,0.0033839103277433,0.0002200670431602,0.0119298597850168,0.0111039580147409,0.0377153785757782,0.0335128695165027,0.0162461246442946,0.1019763327338669,0.0966982452770224,-0.0427467277781521,0.0091081219706501,-0.0538
2020-12-31,0.0383743075608231,0.0383743075608231,0.0737994020677075,0.0667121563016421,0.0732919710973332,0.0581416870105153,0.0712947377910517,-0.0103134223289783,-0.0023848237364713,0.0004050620144453,0.0112873254337186,0.0015570016502706,0.0015066956124547,0.0195785912728563,0.0067533655614595,0.0545193360105487,0.0276404740772651,0.1672209304201006,0.0984429537511282,0.0705
2021-01-31,-0.0102135175420986,-0.0102135175420986,0.0219955754221246,0.0208331129110295,-0.0196273320102373,-0.001030890818283,0.0317398098533738,-0.0341693498650911,-0.0109211736618539,0.0002319220002204,0.0041579250670513,-0.0079174752967517,-0.0183160652290484,-0.00377978032374,0.0034128348893551,0.0333333457596778,0.0,0.0170940204115028,-0.0374942015673634,-0.0319
2021-02-28,0.0275751798923369,0.0275751798923369,0.0612074437499854,0.0876686744442774,0.0496703422473048,0.0232197308712198,0.0078785029995542,-0.0561174198832384,-0.0236333786683158,-0.0005795689547345,-0.0172533108795058,-0.0151046273315961,-0.0226332346353733,-0.0024466155899423,-0.0155679813284879,0.1013824941317991,0.0336521123090023,-0.0132052791808124,-0.1064134360751486,-0.0623
2021-03-31,0.0436894729374846,0.0436894729374846,0.015965040686946,0.0516897756973011,0.0275231062886014,0.016878786177682,-0.0072583885593019,-0.0480810152652902,-0.0238568483605081,-0.0005560134496491,-0.0007711825366759,-0.0137776192960302,-0.0147803466334013,0.0121558738049358,0.0056759162008122,-0.0071726979945493,0.0509746836057551,-0.0794809041606033,0.0606060203433567,-0.0111
2021-04-30,0.0532274423957017,0.0532274423957017,0.0403124498936067,0.0416143460473326,0.0237312876329798,0.0278326122288306,0.0119983334907367,0.0237357888968969,0.0100122794322641,0.0005682243568667,0.0133804391346668,0.0095188149002694,0.0104318265770084,0.0063751921914867,0.0076121449974166,0.0782659997211492,0.0796723128614944,0.0577092256349665,0.0922307722625612,0.036000000000000004
2021-05-31,0.006886574220914,0.006886574220914,0.000563009514976,0.0213076495230337,0.0406242812551338,0.0314318076034301,0.0164875475033536,0.0016610745959015,0.0042489941591836,0.0006025694856046,0.0097289271114429,0.0024073903244739,0.0062265751447418,0.0003907574693988,0.0034489756189555,0.0385260262917253,0.0075917906850384,0.0787171749950648,0.1161181711418262,0.0771
2021-06-30,0.0232133522493167,0.0232133522493167,0.0142177527978524,-0.0096317926513241,-0.0240406170867091,-0.00469820618232,0.0095040334123537,0.0390652112833154,0.0102255487003135,-0.0017143634558226,0.0071044753814726,0.0077428031567399,0.0221143646623582,0.0132466190593769,0.0034844806202558,0.0349461320149235,0.0261917881374431,-0.0648648776030799,-0.1127108288685297,-0.0712
2021-07-31,0.0236201448232629,0.0236201448232629,-0.0144549488800661,-0.0163342992967643,-0.0110734756413934,-0.0128144395880178,-0.0643698513228925,0.0360613075383227,0.0199025389832221,0.0016599045074006,0.0255347799372083,0.0121174125207521,0.0141899387109807,0.0010484176672029,0.0045972349488272,0.0129871593919541,0.0443524905919443,-0.024360040021247,0.0250348654284442,0.0256
2021-08-31,0.0302897727906135,0.0302897727906135,0.0196500120531739,0.0205128458313044,0.0052559454908991,0.017307743574924,0.0156975967807408,-0.0023240998867196,-0.0039443008015691,-0.0003247448349974,-0.0013458890884276,-0.0020109297820616,-0.0034394088724355,0.0060875883797719,-0.0019507097706928,-0.0164103760843268,0.0215175975602421,-0.0630554305559198,-0.0502037617881808,-0.0004
2021-09-30,-0.0466893860435956,-0.0466893860435956,-0.0312117495689758,-0.0256797957614246,-0.0309161059513416,-0.0342595825562994,-0.0387328887199582,-0.0287803332622001,-0.0159708093204821,-0.0010087029598478,-0.0076745375238886,-0.0091287451864946,-0.0150743005671478,-0.0037010814804098,-0.0070516440401415,0.0521377727994756,-0.0566366469893352,-0.0731706854807863,-0.100476044585782,-0.0319
2021-10-31,0.0699324550809017,0.0699324550809017,0.0490366615194863,0.0451074393536239,0.0265071384892965,0.0260697175133883,0.0107184565436202,0.0200068831496023,-0.0044292384170185,-0.0033553601975814,0.0110650551973092,-0.0002627101263151,0.0053095976920203,-0.0031076787415519,-0.0004826646262696,0.0579781505348313,0.0703310602490454,0.0765107046686353,0.0942297986901077,0.0151
2021-11-30,-0.0070274272671199,-0.0070274272671199,-0.0433794820756965,-0.0299530050154444,-0.0532449727610659,-0.0441033430952894,-0.0408483966468848,0.0267339770370373,0.0109213147291802,-0.0005705695742166,0.0095761307080466,0.0032965409726015,-0.001186183890491,-0.0116900957575989,0.0072636206373619,-0.0875877778202147,-0.0218112939266594,-0.0466274639896207,0.001901221104577,-0.0066
2021-12-31,0.0446441459008186,0.0446441459008186,0.0347681580854344,0.0490119870886611,0.0485218187834028,0.0407512250399493,0.0150706286927888,-0.0191520768647254,-0.0052405830851346,-0.0021228030643053,0.0015607834136386,-0.0040759657603977,-0.0003408734522526,0.0228413435560153,-6.910425414419219e-05,0.0667351350025369,0.0970363916161616,0.0213675581363228,0.0188406556926776,0.0334
2022-01-31,-0.0518789189745966,-0.0518789189745966,-0.0791877982693689,-0.0445536175794794,0.0007214045364543,-0.0283621377683422,-0.0002046752854722,-0.0367803395921844,-0.0211306497436158,-0.0068975619463156,-0.0186333196261467,-0.0217148882912612,-0.0359194716320522,-0.0265485611118977,-0.0240799218777838,0.0789218490454062,-0.0817757831976589,-0.0330079490593384,-0.0403036138850345,-0.0165
2022-02-28,-0.0300204064671514,-0.0300204064671514,0.0085193693570351,0.0170901580639319,-0.0384523712327696,-0.0296929869054861,-0.043202337705798,-0.0155059615198184,-0.003040686708243,-0.0043209859364127,0.0070324002103312,-0.0113315046111265,-0.0213145251468821,-0.0085906068742804,-0.0053122107211983,0.0646744820233888,-0.0370368169127695,0.0875000802370247,0.0864624342757838,0.061500000000000006
2022-03-31,0.0369207679519734,0.0369207679519734,0.0146867181771592,0.0162751930776128,-0.0137465209795168,-0.0042940846880027,-0.0338110524455447,-0.0528890605313602,-0.0406094631648211,-0.0140180956127455,-0.0164454748595463,-0.0281683519191933,-0.0289374438158617,-0.0128717117669576,-0.025820394934778,0.0917468405297807,0.0629902008768805,0.0114941782443371,0.0190996293331271,0.0131
2022-04-30,-0.0873025266101082,-0.0873025266101082,-0.0824660690250073,-0.0637442209996119,-0.0557526176852724,-0.0625980484659868,-0.0613512609297322,-0.0893353151849222,-0.0422825585169984,-0.0049691381745472,-0.0215362639671338,-0.0384394646049515,-0.0669925844564794,-0.041802758357848,-0.0251659664473709,0.0564084421388273,-0.0419211487954954,-0.0804195066752619,-0.0825524732571334,-0.0204
2022-05-31,0.0017025803970704,0.0017025803970704,-0.0003209648641693,0.0184764551328768,0.0287171365519063,0.0139121550938463,0.0061350776488688,-0.0200752142553729,0.0061838849892092,0.0059618700314232,-0.0095377721425389,0.0057694615466874,0.0186388514705242,0.0162991203013083,0.0145667149735726,0.0461314379359429,-0.0463634249949237,-0.0570342543119312,-0.1099674059923346,-0.0323
2022-06-30,-0.0827243795523852,-0.0827243795523852,-0.0940226918579895,-0.1031582474416344,-0.0876597858927046,-0.0830914281301409,-0.0515768065138295,-0.0146586627092599,-0.008634041614948,-0.0059429000349396,-0.0301608868748695,-0.0149686221948991,-0.0362278510544498,-0.0704983206022472,-0.0146198048995896,-0.0749999828749438,-0.0749188503429014,-0.0604839089571744,-0.1979223633524927,-0.015300000000000001
2022-07-31,0.0920954312602475,0.0920954312602475,0.1055812983784696,0.0976900640090256,0.0346011091192897,0.036319543040177,-0.0034910886551483,0.0262531677982291,0.0296142592132189,0.0040984903930649,0.0406885226136539,0.023113220353589,0.0444439863925612,0.066988595749944,0.022566800409008,-0.0198948511282377,0.0865829417808699,0.0032189578999846,0.0313564646104886,-0.0256
2022-08-31,-0.0409066130529722,-0.0409066130529722,-0.0261523693749183,-0.0273832987184537,-0.035102280804669,-0.0408878271709083,-0.013263306816371,-0.0438509466897967,-0.0385385916614149,-0.0081002590968968,-0.0263157712992064,-0.027672065418889,-0.0442912868359907,-0.0430888287427063,-0.0243944544359208,-0.014936878424119,-0.0605231802886564,-0.1133690242106789,-0.0753470720679566,-0.0291
2022-09-30,-0.0922095565459608,-0.0922095565459608,-0.0958262256447592,-0.0997893436222131,-0.0910914590162235,-0.0999455685439144,-0.1153943596175955,-0.0798141749235562,-0.0473494243991292,-0.0119236141975586,-0.0661917517407892,-0.0417512159349547,-0.0597985220833828,-0.0374034162835019,-0.0280559144103583,-0.0703731474683936,-0.128732929257378,0.0554885452670317,-0.1043601679156963,-0.0286
2022-10-31,0.080812225706967,0.080812225706967,0.0990473193637462,0.1201628851991161,0.0387645472469222,0.0340135891344457,-0.0197822539302776,-0.0555449781917068,-0.0145404180092924,-0.0012577575116431,0.0126261971706085,-0.0137426296408356,-0.0074526398796487,0.0336573675352724,-0.0084783074685075,0.0506063910892486,0.0349100452421045,0.006857190813337,-0.0279328864232898,-0.0175
2022-11-30,0.0557561100897128,0.0557561100897128,0.0442272800055796,0.0561038021861874,0.1322816428817732,0.1335526708194707,0.1558938955591271,0.0691797549525656,0.0361222832427823,0.0069381876992078,0.0182878707228577,0.0369238309199437,0.0664768251862502,0.0343130486905511,0.0484446760525021,0.0147292927976074,0.061661396540712,0.1594778281556903,0.1716784774284094,0.08529999999999999
2022-12-31,-0.057765739615488,-0.057765739615488,-0.0593659349377883,-0.0568062359998646,-0.0158089357733883,-0.0215847759254433,-0.0263750594143959,-0.0218184204885563,-0.0148803657675778,0.0011772022590426,-0.0132863362784759,-0.0060686310943379,-0.0155113847812727,-0.0175691655034574,-0.00263077648946,-0.02711527394671,-0.0505349828704646,0.077826731710086,0.0035063461717745,0.0296
2023-01-31,0.0626816562396423,0.0626816562396423,0.1012168574566851,0.0903123067561539,0.0962506049999816,0.0840336017347147,0.0912929605023762,0.0699204535547961,0.0358109630881955,0.0077610809219708,0.0212044424942903,0.0318711862161091,0.0515981415270969,0.0366700422726133,0.0246397157147335,0.0089251596727002,0.103976797272369,-0.008628543601625,0.1418589833047856,0.0579
2023-02-28,-0.0244972502455644,-0.0244972502455644,-0.0228234827298119,-0.0228746858611565,-0.0352220208967416,-0.0415282714285263,-0.0756772314499989,-0.0478494379866625,-0.0327074669245868,-0.0080590218573836,-0.0149503051578754,-0.0255053978249955,-0.0416906965450045,-0.0188516205183691,-0.0226699843323746,-0.0446322814105007,-0.058823537895734,-0.1195602665814606,-0.1181152226346478,-0.053399999999999996
2023-03-31,0.0365855087747595,0.0365855087747595,-0.0363915998574128,-0.0557868922229415,0.02724868504849,0.0263246952413729,0.0321738507753626,0.0466117820341496,0.0372108127336718,0.0164798539375985,0.0291027928350482,0.0256245725148496,0.0384850194938899,0.0198430401675413,0.0240763185367431,-0.0008416456308751,-0.0209531204530315,0.1508845800979774,0.1124219703737035,0.0796
2023-04-30,0.0155089287284548,0.0155089287284548,-0.011779027967585,-0.0104958911413214,0.0136492126308958,0.0169204584956683,-0.0083629228719416,0.0058627014280099,0.0081473768247524,0.0024395883020498,0.0008216671324132,0.0054763312672247,0.0060399295894684,0.002021510597955,-0.0020648295732698,-0.0075822009317664,0.0028963485378914,0.0397829623589245,0.039925213338311,0.0089
2023-05-31,0.0042077025978453,0.0042077025978453,-0.0198283875048045,-0.0344737997417246,-0.0345528765770372,-0.0338324168281795,-0.0240225834697561,-0.0285412509245175,-0.0143832259555435,-0.0037690907583463,-0.012315338599755,-0.010869051541601,-0.0176892812829689,-0.0123146576395312,-0.0064078299197283,-0.064091620521748,-0.040072113369971,-0.0604347560716711,-0.0558541930102609,-0.0131
2023-06-30,0.0659504787721056,0.0659504787721056,0.0869709619742207,0.0949012189676388,0.0565789722818164,0.0436534284068079,0.04398869846855,-0.0006312808237212,-0.0125525813394458,-0.0049457469630085,-0.0045354211797986,-0.003734494856678,0.0081010033330317,0.0178012218517416,0.0055683753108488,0.0294784264562557,0.0554050159718826,-0.0333179639226031,-0.0546724988126651,-0.0219
2023-07-31,0.0320240062558021,0.0320240062558021,0.0494228627834749,0.0544629676804095,0.0361144819528782,0.0389105089922934,0.0604144797399797,-0.0216761267877424,-0.006516417622715,0.0030418295063052,0.0008431697797104,-0.000513867883224,0.0005379424481628,0.0111567666053562,0.0002815764954451,0.0872247028387362,0.0208934719232489,0.0861656867879627,0.041694554581382,0.0232
2023-08-31,-0.0160224760033503,-0.0160224760033503,-0.037096281539398,-0.0337157779201647,-0.0487979737242842,-0.0444090602003757,-0.0662694162776883,-0.0279177598059606,-0.0073092198203481,0.0041035482980253,-0.0084245029017895,-0.0057650766261162,-0.0122901400799586,0.0018363305479434,-0.0077530272334834,-0.0036467509820943,-0.0331687152881414,-0.0132217336865584,-0.0393802098408843,-0.0124
2023-09-30,-0.0477829091580305,-0.0477829091580305,-0.0562266422159647,-0.0489283449105097,-0.0399292849045002,-0.0332154435774687,-0.0311463494560162,-0.0736384852183127,-0.0313880077337584,-0.000789898183454,-0.0189664728043159,-0.0248867886103706,-0.0355729517764875,-0.0161352425997282,-0.0255259030314096,0.0150467465112236,-0.0736352133763533,-0.0915586999974784,-0.1041666344541735,-0.0473
2023-10-31,-0.0211541352781411,-0.0211541352781411,-0.0582973848104537,-0.0486403159232953,-0.0368517731594029,-0.0355064031803959,-0.0329379887985294,-0.0490468344565068,-0.0192774239404198,0.0033306123201843,-0.0069991954947706,-0.015681006869183,-0.0241191954861218,-0.0104313609959567,-0.0124930140634493,-0.0180287748080061,-0.0357853358331166,0.031465063168498,0.018004523676667,0.0741
2023-11-30,0.0911953893541197,0.0911953893541197,0.0918044607715677,0.087410724417076,0.0784366720444209,0.0850935158084131,0.0779292660354842,0.0906990870855044,0.0455446535258148,0.0105201101073173,0.0264317251580434,0.0450599007467793,0.0757444671786262,0.048876159279424,0.0570815507098156,-0.0244797647729416,0.120000083871421,0.1024785350543957,0.1291034561685404,0.025699999999999997
2023-12-31,0.0453513932404692,0.0453513932404692,0.1149495752498306,0.1083646205016393,0.0517863661697133,0.048551987212744,0.0356532569224254,0.0860267785541111,0.0377225834189653,0.0110339948672171,0.0262098966729398,0.0369617677285827,0.0487528971382578,0.0319255729927931,0.0225574745272298,-0.032912866358681,0.1069170983485943,-0.0583656949028765,-0.0163292357945927,0.0131
2024-01-31,0.0166568764792316,0.0166568764792316,-0.0371624406184502,-0.0339605803244044,-0.0205650631052739,-0.016146394682461,-0.0452624251672003,-0.0222279812165318,0.0007262378543166,0.0031691958822333,0.0025576377074836,-0.0023459349156911,-0.0044279503345852,0.0011634109595803,0.0004612077085879,0.0131578835782002,-0.0609223466714248,-0.0399449408542417,-0.0325366355892871,-0.0139
2024-02-29,0.0532869643730231,0.0532869643730231,0.0578951873911945,0.0406175736288128,0.0301038158862707,0.0306345970354777,0.0416775202966808,-0.0217544650159404,-0.0208264165331901,-0.0038756513943906,-0.0110543738516806,-0.0138615377046593,-0.0193203642882584,0.0030348675913602,-0.0021441897475268,-0.0152261853111033,0.0197134016476512,-0.0086083360348785,-0.0803019644453795,0.0049
2024-03-31,0.032049357265631,0.032049357265631,0.0434590698881793,0.0551834190528488,0.0309429811596981,0.0306610899177535,0.0272567866211288,0.0115343356948385,0.007331879754407,0.0034357479025988,0.0072230702730482,0.0082160212523587,0.0154103117033399,0.0108986793224485,-0.0009469792200913,0.0445656628122361,0.0191316848209284,0.097443343095499,0.1462686151058243,0.087
2024-04-30,-0.0409560668456483,-0.0409560668456483,-0.0654614661167788,-0.0604216746816553,-0.0240589886281772,-0.022739133134821,-0.0021908692151014,-0.0598946099785113,-0.0312974718484543,-0.0044165834572256,-0.016239226157017,-0.0244017290811038,-0.0324307989292176,-0.0135128609246519,-0.0094095268714314,0.0161080607119101,-0.0803199035731361,0.057142823607057,0.1269532513096407,0.030299999999999997
2024-05-31,0.0494570637059434,0.0494570637059434,0.0394685175544646,0.0425630878202658,0.0375883109357024,0.0401904954132275,0.0195168582642328,0.0290100536655537,0.018001774430133,0.0071949091918337,0.0182450942426801,0.0170259761865627,0.0221370677416461,0.0163393714494046,-0.0031016635250497,-0.002999165099207,0.0457465888941521,0.1542620003955865,0.0635926377277329,0.0165
2024-06-30,0.0357431519519391,0.0357431519519391,-0.0135019867993328,-0.0237020038664749,-0.025170426320168,-0.0091786037525988,0.0261803373344942,0.0168121862735224,0.0121697831596079,0.0054432764269687,0.0072909579172113,0.0093380403112279,0.0059635053591384,0.004793478157137,0.0103166565442724,-0.0017190023342767,0.0197003428173794,-0.042867454043445,-0.046220485050837,-0.001
2024-07-31,0.0120472069802113,0.0120472069802113,0.0676929798850576,0.0852182688611107,0.0258203351639749,0.0279215210726311,0.008452755659291,0.0351317005962878,0.0289720510871018,0.0117963602530326,0.0180101567599286,0.0231299309967238,0.0263808267851255,0.0235224142367866,0.0130773770861687,-0.0279810619003505,0.0771438356008042,-0.0067745693354616,0.0900796262289129,0.054000000000000006
2024-08-31,0.0241408389313477,0.0241408389313477,0.0011642071448134,0.002105010049066,0.0251706565171292,0.0246480215633335,0.0097787037492453,0.0209560010725931,0.0134577239975919,0.0089192142127698,0.0084246381024919,0.0133400879152372,0.0187053005747694,0.0154737666063675,0.0023645499037272,-0.0208148770035848,0.0529647672631277,-0.0015156881054874,0.0219666199535244,0.0213
2024-09-30,0.0212239447009279,0.0212239447009279,0.0196478135628441,0.0161333173367803,0.0307479594471702,0.0257552184179561,0.0574130029564059,0.0193199294118622,0.0138249436071922,0.0077323721481243,0.0142788700986336,0.0131003396859421,0.0196289331315702,0.016970900147802,0.0114337244856792,0.0072365713143522,0.0326242135711851,0.0781783467218106,0.0634594778922288,0.0512
2024-10-31,-0.0091577211459925,-0.0091577211459925,-0.0072126008997995,-0.0107949423078672,-0.0567675757880412,-0.0470926029424025,-0.0307456876805389,-0.0518762128326614,-0.0338736674191276,-0.006238118705931,-0.0182876634045839,-0.0244112472260882,-0.0317937994836163,-0.0096356196981125,-0.0122192811773433,0.0143690659281836,-0.0339716322891544,0.0492784099278269,0.0572665524688922,0.0434
2024-11-30,0.0585656571478787,0.0585656571478787,0.1048995675599908,0.0866735282882027,-0.015576933758711,-0.0025214449706816,-0.0267717000901901,0.0178528742260739,0.0102092124875297,0.0029604720689659,0.0042335570071208,0.0113757098872178,0.017909057819831,0.0164452879950838,0.016653986087701,-0.0199203352073538,0.0415601532335656,-0.0634015237674775,-0.0709917860203559,-0.030899999999999997
2024-12-31,-0.023935356806563,-0.023935356806563,-0.0734698562821397,-0.0771210287580492,-0.0239893819249431,-0.0258353453779892,-0.0169668637476865,-0.0540034948206601,-0.0225840175971991,0.0025047223692697,-0.0163488439869151,-0.0175587007857094,-0.0267579708695524,-0.0078026531541096,-0.0133825015078211,0.0172272846103993,-0.0823850021525289,-0.0569484293783334,-0.0083375282246885,-0.0138
2025-01-31,0.0277246461571243,0.0277246461571243,0.0387320325388125,0.0359697131754295,0.0369975793269072,0.0332454138970512,0.0215208029044229,0.0048107759937854,0.0061656241328909,0.0037814436921153,0.0122058838742122,0.006335812391909,0.0058031384025245,0.0136043196824082,-9.381070891678613e-05,0.0275958773184181,0.0165429369180858,0.0827953023734355,0.1567754973727937,0.0682
2025-02-28,-0.0131568907189322,-0.0131568907189322,-0.0484073091300687,-0.0373604379976498,0.0233572329455353,0.0178751859007606,0.0114700657712094,0.0527048990910243,0.0279970728804983,0.0073520842455072,0.0223944231835566,0.0208408998293356,0.0237133427963687,0.0097028842170796,0.0132776014895743,0.001365542193477,0.0362005038163346,-0.007015109131316,0.0436084574334705,0.018500000000000003
2025-03-31,-0.0564833777074634,-0.0564833777074634,-0.0632416693555945,-0.0521491385209085,-0.0145471558552005,0.0027325639258652,0.0113400861630608,-0.0098544915164552,0.0034193310281498,0.0044069031850337,0.0065826947611924,0.0001204184525722,-0.004625033009715,-0.010858407385322,-0.0182313608792815,0.0227273134616197,-0.0256923316106724,0.0946662082561988,0.2347397459478992,0.09480000000000001
2025-04-30,-0.0068749738301455,-0.0068749738301455,-0.024945954648571,-0.0329154926611604,0.0137439841050275,0.0311088922666833,0.0013729495508887,-0.0112604471560407,0.010561203116415,0.0081263630318633,0.0008389298060029,0.0041516110049006,-0.0027060489560716,0.0011720348511514,-0.0041173772286666,-0.0857778632599584,-0.023588090719894,-0.0448531590808167,-0.0053084987293106,0.0546
2025-05-31,0.0628086151421107,0.0628086151421107,0.0554161669703667,0.0493171264903891,0.0542304786556719,0.0462286971391243,0.0402193456156227,-0.0286420892679777,-0.0123959608200746,-0.0025464949131122,-0.0067057279354276,-0.0071257188708195,0.002064138921819,0.0175323723246543,-0.0056966754961825,0.015070463235812,0.010547876518373,0.0135135004518676,0.0568038531431707,-0.0002
2025-06-30,0.0507600683161693,0.0507600683161693,0.0422943415905388,0.0365195995704468,0.033817522318128,0.038808651083277,0.0700203557577376,0.0256897879908333,0.0160194308685244,0.0058510817140835,0.0097360168503879,0.0157131470568325,0.0208245142593936,0.0183849843662411,0.0087376339812483,0.04454033787405,0.0060691038790636,0.0936667124430339,-0.0025276104788732,0.0044
2025-07-31,0.0222808902532616,0.0222808902532616,0.0183978593421019,0.0173188147197089,-0.0096752221817468,-0.0094680022907626,0.0066335062573454,-0.0088901935936607,-0.0059392887651257,-0.000920149472808,0.0008444578343103,-0.0029854222358844,-0.0008972433824738,0.0013578835398695,-0.0031572628498049,0.0293443423920929,0.0010134469024802,0.0155439896429985,-0.0196388922075545,-0.0058
2025-08-31,0.0201724251290311,0.0201724251290311,0.0458985022309434,0.0519124203887968,0.053268137966935,0.0418753132766662,0.0267710183354428,0.0036751238446739,0.0164816502250304,0.0088754883479076,0.0151898659317653,0.0083159766064726,0.0104354788728799,0.0110533440670739,0.0083788454513653,-0.0106905017500621,0.0340871282868708,0.0861344225141327,0.2158318957860103,0.050199999999999995
2025-09-30,0.036380963417429,0.036380963417429,0.0094970916453227,0.0039399805795503,0.0282686287608875,0.0362266507129085,0.0709987784196837,0.0302448145916791,0.0065111088995044,0.0028769433930313,0.0047355655503085,0.0104190079739978,0.0187723998608824,0.0088597582862519,0.0221731962896747,0.0144079722396874,0.0016169173904494,0.1707654197205415,0.2171140837074736,0.11800000000000001
2025-10-31,0.0232916162817882,0.0232916162817882,0.0027913764725504,-0.0105915440074357,0.0051546286771342,0.0152477552556455,0.0355805030668716,0.0134940817372848,0.0071126377899555,0.0033374250102686,0.0033444298032114,0.0062507435021927,0.0014947060776093,-0.0001114936758419,0.0120240309932655,0.0155348441024498,-0.0256495117465311,0.0387066186214672,0.0034934004003941,0.036000000000000004
2025-11-30,0.002342584989069,0.002342584989069,0.0144097905877134,0.0246415462495053,0.0151708692294905,0.00250316620483,-0.0177215953740199,0.0046559026997208,0.0098813357627318,0.004388257887683,0.0016667234899125,0.006227890280575,0.0093116183077155,0.0074636070706319,0.0020988625242501,0.007867126314085,0.0239622517176714,0.1635992055790793,0.1478034038190745,0.054000000000000006
2025-12-31,0.0004942578834958,0.0004942578834958,0.0006657552101623,0.0060386441190394,0.0269989866469686,0.0265835552426221,0.0215931145020842,-0.0197109775351156,-0.0076119427308825,0.0029473554754977,-0.0047178219939265,-0.0028442620884859,-0.0073746232859452,0.0049258492733805,0.0023707205027241,0.0022788157681672,-0.0221495630661811,0.2579574169232519,0.1318284534863119,0.022099999999999998
2026-01-31,0.0143842770205933,0.0143842770205933,0.0459620724800335,0.0533464760637187,0.0480349219699163,0.0573669862396979,0.0802412407629016,-0.0013789180543013,-0.002287661802382,0.0020527828721579,0.0042734950729232,0.0022623554071379,0.0034485683789038,0.0060773490894308,0.0069087599883506,0.0925760124472407,0.0261816024607863,0.1710649578654179,0.0816156201081053,0.1231
2026-02-28,-0.007706355828841,-0.007706355828841,0.0273866955426878,0.0300878090994882,0.0587963164506786,0.0530835432112926,0.0588833200682117,0.0412118098130325,0.024699813536593,0.0053178630501979,0.0127659300794737,0.0152812580145287,0.0137796092380795,-1.2594148526057223e-05,0.0125404715381178,0.0274252995466397,0.0536778625105818,0.1265906033046684,0.2595289814272452,0.0875
2026-03-31,-0.0499637816370391,-0.0499637816370391,-0.0520732236793738,-0.0498917747481026,-0.0885440075019596,-0.0864374651747159,-0.0925216101034402,-0.040034605300842,-0.0232021509936792,-0.0046651123116715,-0.0134453659734357,-0.0169865235389433,-0.0207282904586243,-0.0095361187290522,-0.0228117718254918,0.1533864670500968,-0.0634072416041957,-0.1982586056906361,-0.2369295379711986,-0.11019999999999999
2026-04-30,0.1048125334745331,0.1048125334745331,0.0861629210359189,0.0700710402116042,0.0755577267844003,0.0816078438691776,0.1267829461604039,-0.0051845869025827,-0.0015032418081543,0.0019072343073669,0.0107379884119411,0.0011500468972411,0.0028191217214319,0.0152066411240323,0.0119205196984528,0.0742659606863502,0.0854816939171028,-0.0217199257528009,0.0325649388390127,-0.0151
2026-05-31,0.0525113632697318,0.0525113632697318,0.031775222054041,0.0098672570476847,0.0457180916611177,0.037537517025741,0.0720424481131667,0.0039850641621419,-0.0001900845012009,0.0007660514085912,0.0008432438434544,0.0033270319031764,0.0086234790523287,0.0043646118148878,0.0030793044737496,-0.0520900585004057,-0.0065624707531676,0.0250524764056465,0.0037493806555224,-0.0151
2026-06-30,-0.0096404416645728,-0.0096404416645728,0.0350165232331782,0.0391472152351668,0.0,-0.0019573904795814,0.0024137385558149,0.0102141631730094,0.0025123838077261,0.0006459223065589,-0.003369888796688,0.0021742521520422,0.0011289617227512,0.0008635459294774,0.0068294783893378,-0.0956580644034262,0.0167111376907977,-0.2174740262277876,-0.1900388962563837,-0.1166
2026-07-31,0.0049122479656564,0.0049122479656564,-0.0166735440204081,0.0116738249815584,0.0130091835848098,-0.0167455076800467,-0.0748428953734712,-0.0203562750039963,-0.0044452660830083,0.0014412279344004,-0.0035190426684742,-0.0072538546726782,-0.0103783853296171,0.0006156154112604,-0.0069970413181207,0.087021744489973,0.0377534824735188,-0.0503086287636871,-0.0759031647472718,0.0089
